experiment_name,protocol_id,run_id,conv_activation,output_activation,filter_1,filter_2,dropout,repetition,seed,repetitions_requested,epochs_requested,epochs_completed,best_epoch,batch_size,validation_split,learning_rate,train_samples,validation_samples,test_samples,model_parameters,best_val_accuracy,best_val_loss,test_accuracy,test_loss,duration_seconds,status,error_message,completed_at_utc
limite_128_criblage_mnist_cascade_top_n_v1,sha256:73cc165a64ac7f7fde9f7e1cb0dc1402819adb376114074d28db8fbb5319cd31,f1_4__f2_8__dropout_0__seed_42,relu,softmax,4,8,0.0,1,42,1,20,20,19,128,0.15,0.001,52217,9000,10000,2250,0.9836666584014893,0.05923563614487648,0.982200026512146,0.05534593015909195,56.981,success,,2026-08-14T17:40:56+00:00
limite_128_criblage_mnist_cascade_top_n_v1,sha256:73cc165a64ac7f7fde9f7e1cb0dc1402819adb376114074d28db8fbb5319cd31,f1_4__f2_8__dropout_0p2__seed_42,relu,softmax,4,8,0.2,1,42,1,20,11,9,128,0.15,0.001,52217,9000,10000,2250,0.9817777872085571,0.058286938816308975,0.98089998960495,0.05675185099244118,35.933,success,,2026-08-14T17:42:42+00:00
limite_128_criblage_mnist_cascade_top_n_v1,sha256:73cc165a64ac7f7fde9f7e1cb0dc1402819adb376114074d28db8fbb5319cd31,f1_4__f2_8__dropout_0p4__seed_42,relu,softmax,4,8,0.4,1,42,1,20,20,18,128,0.15,0.001,52217,9000,10000,2250,0.9835555553436279,0.05417918413877487,0.9861999750137329,0.05064044147729874,53.046,success,,2026-08-14T17:44:36+00:00
limite_128_criblage_mnist_cascade_top_n_v1,sha256:73cc165a64ac7f7fde9f7e1cb0dc1402819adb376114074d28db8fbb5319cd31,f1_4__f2_8__dropout_0p6__seed_42,relu,softmax,4,8,0.6,1,42,1,20,16,14,128,0.15,0.001,52217,9000,10000,2250,0.9781110882759094,0.0716840848326683,0.9814000129699707,0.06328855454921722,41.693,success,,2026-08-14T17:46:10+00:00
limite_128_criblage_mnist_cascade_top_n_v1,sha256:73cc165a64ac7f7fde9f7e1cb0dc1402819adb376114074d28db8fbb5319cd31,f1_4__f2_8__dropout_0p8__seed_42,relu,softmax,4,8,0.8,1,42,1,20,16,14,128,0.15,0.001,52217,9000,10000,2250,0.9687777757644653,0.11050007492303848,0.9695000052452087,0.10727430135011673,45.436,success,,2026-08-14T17:47:43+00:00
limite_128_criblage_mnist_cascade_top_n_v1,sha256:73cc165a64ac7f7fde9f7e1cb0dc1402819adb376114074d28db8fbb5319cd31,f1_4__f2_16__dropout_0__seed_42,relu,softmax,4,16,0.0,1,42,1,20,11,9,128,0.15,0.001,52217,9000,10000,4370,0.9845555424690247,0.05206556245684624,0.9850000143051147,0.04847094789147377,32.818,success,,2026-08-14T17:49:26+00:00
limite_128_criblage_mnist_cascade_top_n_v1,sha256:73cc165a64ac7f7fde9f7e1cb0dc1402819adb376114074d28db8fbb5319cd31,f1_4__f2_16__dropout_0p2__seed_42,relu,softmax,4,16,0.2,1,42,1,20,12,10,128,0.15,0.001,52217,9000,10000,4370,0.9878888726234436,0.0428258515894413,0.9879999756813049,0.040536101907491684,33.29,success,,2026-08-14T17:50:32+00:00
limite_128_criblage_mnist_cascade_top_n_v1,sha256:73cc165a64ac7f7fde9f7e1cb0dc1402819adb376114074d28db8fbb5319cd31,f1_4__f2_16__dropout_0p4__seed_42,relu,softmax,4,16,0.4,1,42,1,20,16,14,128,0.15,0.001,52217,9000,10000,4370,0.9894444346427917,0.03795897215604782,0.9891999959945679,0.0362967848777771,44.645,success,,2026-08-14T17:52:08+00:00
limite_128_criblage_mnist_cascade_top_n_v1,sha256:73cc165a64ac7f7fde9f7e1cb0dc1402819adb376114074d28db8fbb5319cd31,f1_4__f2_16__dropout_0p6__seed_42,relu,softmax,4,16,0.6,1,42,1,20,17,15,128,0.15,0.001,52217,9000,10000,4370,0.9866666793823242,0.04358315095305443,0.9879000186920166,0.03948352113366127,47.301,success,,2026-08-14T17:53:40+00:00
limite_128_criblage_mnist_cascade_top_n_v1,sha256:73cc165a64ac7f7fde9f7e1cb0dc1402819adb376114074d28db8fbb5319cd31,f1_4__f2_16__dropout_0p8__seed_42,relu,softmax,4,16,0.8,1,42,1,20,16,14,128,0.15,0.001,52217,9000,10000,4370,0.9806666374206543,0.06361817568540573,0.98089998960495,0.06399194151163101,44.248,success,,2026-08-14T17:55:22+00:00
limite_128_criblage_mnist_cascade_top_n_v1,sha256:73cc165a64ac7f7fde9f7e1cb0dc1402819adb376114074d28db8fbb5319cd31,f1_4__f2_32__dropout_0__seed_42,relu,softmax,4,32,0.0,1,42,1,20,7,5,128,0.15,0.001,52217,9000,10000,8610,0.9845555424690247,0.05143463984131813,0.98580002784729,0.04578585922718048,22.121,success,,2026-08-14T17:56:48+00:00
limite_128_criblage_mnist_cascade_top_n_v1,sha256:73cc165a64ac7f7fde9f7e1cb0dc1402819adb376114074d28db8fbb5319cd31,f1_4__f2_32__dropout_0p2__seed_42,relu,softmax,4,32,0.2,1,42,1,20,10,8,128,0.15,0.001,52217,9000,10000,8610,0.9872221946716309,0.04404794052243233,0.9876999855041504,0.03784859552979469,32.121,success,,2026-08-14T17:57:46+00:00
limite_128_criblage_mnist_cascade_top_n_v1,sha256:73cc165a64ac7f7fde9f7e1cb0dc1402819adb376114074d28db8fbb5319cd31,f1_4__f2_32__dropout_0p4__seed_42,relu,softmax,4,32,0.4,1,42,1,20,20,20,128,0.15,0.001,52217,9000,10000,8610,0.9913333058357239,0.034644171595573425,0.9901000261306763,0.0303863063454628,62.855,success,,2026-08-14T17:59:30+00:00
limite_128_criblage_mnist_cascade_top_n_v1,sha256:73cc165a64ac7f7fde9f7e1cb0dc1402819adb376114074d28db8fbb5319cd31,f1_4__f2_32__dropout_0p6__seed_42,relu,softmax,4,32,0.6,1,42,1,20,13,11,128,0.15,0.001,52217,9000,10000,8610,0.9894444346427917,0.03913237527012825,0.9894999861717224,0.033687956631183624,40.709,success,,2026-08-14T18:00:59+00:00
limite_128_criblage_mnist_cascade_top_n_v1,sha256:73cc165a64ac7f7fde9f7e1cb0dc1402819adb376114074d28db8fbb5319cd31,f1_4__f2_32__dropout_0p8__seed_42,relu,softmax,4,32,0.8,1,42,1,20,15,13,128,0.15,0.001,52217,9000,10000,8610,0.9852222204208374,0.04921359941363335,0.986299991607666,0.042011212557554245,47.788,success,,2026-08-14T18:02:51+00:00
limite_128_criblage_mnist_cascade_top_n_v1,sha256:73cc165a64ac7f7fde9f7e1cb0dc1402819adb376114074d28db8fbb5319cd31,f1_4__f2_64__dropout_0__seed_42,relu,softmax,4,64,0.0,1,42,1,20,8,6,128,0.15,0.001,52217,9000,10000,17090,0.9850000143051147,0.05029463395476341,0.9854999780654907,0.04774774610996246,30.86,success,,2026-08-14T18:04:02+00:00
limite_128_criblage_mnist_cascade_top_n_v1,sha256:73cc165a64ac7f7fde9f7e1cb0dc1402819adb376114074d28db8fbb5319cd31,f1_4__f2_64__dropout_0p2__seed_42,relu,softmax,4,64,0.2,1,42,1,20,12,10,128,0.15,0.001,52217,9000,10000,17090,0.9886666536331177,0.040907543152570724,0.9868000149726868,0.04346565529704094,47.736,success,,2026-08-14T18:05:22+00:00
limite_128_criblage_mnist_cascade_top_n_v1,sha256:73cc165a64ac7f7fde9f7e1cb0dc1402819adb376114074d28db8fbb5319cd31,f1_4__f2_64__dropout_0p4__seed_42,relu,softmax,4,64,0.4,1,42,1,20,10,8,128,0.15,0.001,52217,9000,10000,17090,0.9882222414016724,0.038009289652109146,0.9872000217437744,0.03767019510269165,41.305,success,,2026-08-14T18:06:44+00:00
limite_128_criblage_mnist_cascade_top_n_v1,sha256:73cc165a64ac7f7fde9f7e1cb0dc1402819adb376114074d28db8fbb5319cd31,f1_4__f2_64__dropout_0p6__seed_42,relu,softmax,4,64,0.6,1,42,1,20,13,11,128,0.15,0.001,52217,9000,10000,17090,0.9891111254692078,0.038009777665138245,0.9894999861717224,0.03401097282767296,52.596,success,,2026-08-14T18:08:44+00:00
limite_128_criblage_mnist_cascade_top_n_v1,sha256:73cc165a64ac7f7fde9f7e1cb0dc1402819adb376114074d28db8fbb5319cd31,f1_4__f2_64__dropout_0p8__seed_42,relu,softmax,4,64,0.8,1,42,1,20,11,9,128,0.15,0.001,52217,9000,10000,17090,0.9867777824401855,0.045414626598358154,0.98580002784729,0.0425298810005188,43.151,success,,2026-08-14T18:09:55+00:00
limite_128_criblage_mnist_cascade_top_n_v1,sha256:73cc165a64ac7f7fde9f7e1cb0dc1402819adb376114074d28db8fbb5319cd31,f1_4__f2_128__dropout_0__seed_42,relu,softmax,4,128,0.0,1,42,1,20,6,4,128,0.15,0.001,52217,9000,10000,34050,0.9865555763244629,0.050571225583553314,0.9865000247955322,0.04651902988553047,29.214,success,,2026-08-14T18:11:00+00:00
limite_128_criblage_mnist_cascade_top_n_v1,sha256:73cc165a64ac7f7fde9f7e1cb0dc1402819adb376114074d28db8fbb5319cd31,f1_4__f2_128__dropout_0p2__seed_42,relu,softmax,4,128,0.2,1,42,1,20,9,7,128,0.15,0.001,52217,9000,10000,34050,0.987666666507721,0.05014275014400482,0.9853000044822693,0.047074027359485626,43.703,success,,2026-08-14T18:12:07+00:00
limite_128_criblage_mnist_cascade_top_n_v1,sha256:73cc165a64ac7f7fde9f7e1cb0dc1402819adb376114074d28db8fbb5319cd31,f1_4__f2_128__dropout_0p4__seed_42,relu,softmax,4,128,0.4,1,42,1,20,5,3,128,0.15,0.001,52217,9000,10000,34050,0.9860000014305115,0.05238095670938492,0.9840999841690063,0.05059705674648285,25.552,success,,2026-08-14T18:13:23+00:00
limite_128_criblage_mnist_cascade_top_n_v1,sha256:73cc165a64ac7f7fde9f7e1cb0dc1402819adb376114074d28db8fbb5319cd31,f1_4__f2_128__dropout_0p6__seed_42,relu,softmax,4,128,0.6,1,42,1,20,9,7,128,0.15,0.001,52217,9000,10000,34050,0.9879999756813049,0.04237576201558113,0.9879000186920166,0.04227038100361824,45.641,success,,2026-08-14T18:14:48+00:00
limite_128_criblage_mnist_cascade_top_n_v1,sha256:73cc165a64ac7f7fde9f7e1cb0dc1402819adb376114074d28db8fbb5319cd31,f1_4__f2_128__dropout_0p8__seed_42,relu,softmax,4,128,0.8,1,42,1,20,11,9,128,0.15,0.001,52217,9000,10000,34050,0.9892222285270691,0.042677540332078934,0.9879000186920166,0.037036776542663574,53.375,success,,2026-08-14T18:16:26+00:00
limite_128_criblage_mnist_cascade_top_n_v1,sha256:73cc165a64ac7f7fde9f7e1cb0dc1402819adb376114074d28db8fbb5319cd31,f1_8__f2_8__dropout_0__seed_42,relu,softmax,8,8,0.0,1,42,1,20,10,8,128,0.15,0.001,52217,9000,10000,3170,0.9854444265365601,0.05257608741521835,0.9851999878883362,0.04664470627903938,33.58,success,,2026-08-14T18:18:18+00:00
limite_128_criblage_mnist_cascade_top_n_v1,sha256:73cc165a64ac7f7fde9f7e1cb0dc1402819adb376114074d28db8fbb5319cd31,f1_8__f2_8__dropout_0p2__seed_42,relu,softmax,8,8,0.2,1,42,1,20,13,11,128,0.15,0.001,52217,9000,10000,3170,0.9860000014305115,0.04654610529541969,0.9864000082015991,0.04140568897128105,43.65,success,,2026-08-14T18:20:12+00:00
limite_128_criblage_mnist_cascade_top_n_v1,sha256:73cc165a64ac7f7fde9f7e1cb0dc1402819adb376114074d28db8fbb5319cd31,f1_8__f2_8__dropout_0p4__seed_42,relu,softmax,8,8,0.4,1,42,1,20,11,9,128,0.15,0.001,52217,9000,10000,3170,0.9826666712760925,0.05301746726036072,0.9836000204086304,0.04975641146302223,36.612,success,,2026-08-14T18:21:44+00:00
limite_128_criblage_mnist_cascade_top_n_v1,sha256:73cc165a64ac7f7fde9f7e1cb0dc1402819adb376114074d28db8fbb5319cd31,f1_8__f2_8__dropout_0p6__seed_42,relu,softmax,8,8,0.6,1,42,1,20,17,15,128,0.15,0.001,52217,9000,10000,3170,0.9850000143051147,0.04809226468205452,0.9847000241279602,0.047089699655771255,56.526,success,,2026-08-14T18:23:37+00:00
limite_128_criblage_mnist_cascade_top_n_v1,sha256:73cc165a64ac7f7fde9f7e1cb0dc1402819adb376114074d28db8fbb5319cd31,f1_8__f2_8__dropout_0p8__seed_42,relu,softmax,8,8,0.8,1,42,1,20,18,16,128,0.15,0.001,52217,9000,10000,3170,0.9786666631698608,0.07210459560155869,0.979200005531311,0.07040393352508545,59.648,success,,2026-08-14T18:25:32+00:00
limite_128_criblage_mnist_cascade_top_n_v1,sha256:73cc165a64ac7f7fde9f7e1cb0dc1402819adb376114074d28db8fbb5319cd31,f1_8__f2_16__dropout_0__seed_42,relu,softmax,8,16,0.0,1,42,1,20,7,5,128,0.15,0.001,52217,9000,10000,6090,0.9858888983726501,0.04761878401041031,0.98580002784729,0.04398758336901665,25.477,success,,2026-08-14T18:26:21+00:00
limite_128_criblage_mnist_cascade_top_n_v1,sha256:73cc165a64ac7f7fde9f7e1cb0dc1402819adb376114074d28db8fbb5319cd31,f1_8__f2_16__dropout_0p2__seed_42,relu,softmax,8,16,0.2,1,42,1,20,5,3,128,0.15,0.001,52217,9000,10000,6090,0.9845555424690247,0.05361190438270569,0.983299970626831,0.048681844025850296,18.639,success,,2026-08-14T18:27:08+00:00
limite_128_criblage_mnist_cascade_top_n_v1,sha256:73cc165a64ac7f7fde9f7e1cb0dc1402819adb376114074d28db8fbb5319cd31,f1_8__f2_16__dropout_0p4__seed_42,relu,softmax,8,16,0.4,1,42,1,20,11,9,128,0.15,0.001,52217,9000,10000,6090,0.9883333444595337,0.03972027450799942,0.9873999953269958,0.035715073347091675,39.165,success,,2026-08-14T18:28:32+00:00
limite_128_criblage_mnist_cascade_top_n_v1,sha256:73cc165a64ac7f7fde9f7e1cb0dc1402819adb376114074d28db8fbb5319cd31,f1_8__f2_16__dropout_0p6__seed_42,relu,softmax,8,16,0.6,1,42,1,20,15,13,128,0.15,0.001,52217,9000,10000,6090,0.9890000224113464,0.04035281017422676,0.9894000291824341,0.03181787580251694,52.367,success,,2026-08-14T18:30:15+00:00
limite_128_criblage_mnist_cascade_top_n_v1,sha256:73cc165a64ac7f7fde9f7e1cb0dc1402819adb376114074d28db8fbb5319cd31,f1_8__f2_16__dropout_0p8__seed_42,relu,softmax,8,16,0.8,1,42,1,20,14,12,128,0.15,0.001,52217,9000,10000,6090,0.9837777614593506,0.0565740242600441,0.984499990940094,0.049325089901685715,49.163,success,,2026-08-14T18:32:00+00:00
limite_128_criblage_mnist_cascade_top_n_v1,sha256:73cc165a64ac7f7fde9f7e1cb0dc1402819adb376114074d28db8fbb5319cd31,f1_8__f2_32__dropout_0__seed_42,relu,softmax,8,32,0.0,1,42,1,20,7,5,128,0.15,0.001,52217,9000,10000,11930,0.9841111302375793,0.05264021083712578,0.9854999780654907,0.04688924178481102,27.116,success,,2026-08-14T18:33:04+00:00
limite_128_criblage_mnist_cascade_top_n_v1,sha256:73cc165a64ac7f7fde9f7e1cb0dc1402819adb376114074d28db8fbb5319cd31,f1_8__f2_32__dropout_0p2__seed_42,relu,softmax,8,32,0.2,1,42,1,20,7,5,128,0.15,0.001,52217,9000,10000,11930,0.9891111254692078,0.04120667278766632,0.9886999726295471,0.034741491079330444,27.872,success,,2026-08-14T18:34:11+00:00
limite_128_criblage_mnist_cascade_top_n_v1,sha256:73cc165a64ac7f7fde9f7e1cb0dc1402819adb376114074d28db8fbb5319cd31,f1_8__f2_32__dropout_0p4__seed_42,relu,softmax,8,32,0.4,1,42,1,20,12,10,128,0.15,0.001,52217,9000,10000,11930,0.9905555844306946,0.03472359851002693,0.9908999800682068,0.02876884676516056,46.985,success,,2026-08-14T18:35:47+00:00
limite_128_criblage_mnist_cascade_top_n_v1,sha256:73cc165a64ac7f7fde9f7e1cb0dc1402819adb376114074d28db8fbb5319cd31,f1_8__f2_32__dropout_0p6__seed_42,relu,softmax,8,32,0.6,1,42,1,20,10,8,128,0.15,0.001,52217,9000,10000,11930,0.9895555377006531,0.035631272941827774,0.9890000224113464,0.033993419259786606,39.166,success,,2026-08-14T18:37:03+00:00
limite_128_criblage_mnist_cascade_top_n_v1,sha256:73cc165a64ac7f7fde9f7e1cb0dc1402819adb376114074d28db8fbb5319cd31,f1_8__f2_32__dropout_0p8__seed_42,relu,softmax,8,32,0.8,1,42,1,20,16,14,128,0.15,0.001,52217,9000,10000,11930,0.9894444346427917,0.03767815977334976,0.9894000291824341,0.03325512260198593,60.627,success,,2026-08-14T18:38:48+00:00
limite_128_criblage_mnist_cascade_top_n_v1,sha256:73cc165a64ac7f7fde9f7e1cb0dc1402819adb376114074d28db8fbb5319cd31,f1_8__f2_64__dropout_0__seed_42,relu,softmax,8,64,0.0,1,42,1,20,5,3,128,0.15,0.001,52217,9000,10000,23610,0.9854444265365601,0.05006474629044533,0.9860000014305115,0.04156909137964249,22.968,success,,2026-08-14T18:40:37+00:00
limite_128_criblage_mnist_cascade_top_n_v1,sha256:73cc165a64ac7f7fde9f7e1cb0dc1402819adb376114074d28db8fbb5319cd31,f1_8__f2_64__dropout_0p2__seed_42,relu,softmax,8,64,0.2,1,42,1,20,11,9,128,0.15,0.001,52217,9000,10000,23610,0.988444447517395,0.04050059989094734,0.9909999966621399,0.030744768679142,50.066,success,,2026-08-14T18:41:48+00:00
limite_128_criblage_mnist_cascade_top_n_v1,sha256:73cc165a64ac7f7fde9f7e1cb0dc1402819adb376114074d28db8fbb5319cd31,f1_8__f2_64__dropout_0p4__seed_42,relu,softmax,8,64,0.4,1,42,1,20,8,6,128,0.15,0.001,52217,9000,10000,23610,0.9900000095367432,0.03881220519542694,0.9901999831199646,0.028505517169833183,35.964,success,,2026-08-14T18:42:56+00:00
limite_128_criblage_mnist_cascade_top_n_v1,sha256:73cc165a64ac7f7fde9f7e1cb0dc1402819adb376114074d28db8fbb5319cd31,f1_8__f2_64__dropout_0p6__seed_42,relu,softmax,8,64,0.6,1,42,1,20,8,6,128,0.15,0.001,52217,9000,10000,23610,0.9904444217681885,0.03829328343272209,0.9908999800682068,0.027292340993881226,36.165,success,,2026-08-14T18:44:28+00:00
limite_128_criblage_mnist_cascade_top_n_v1,sha256:73cc165a64ac7f7fde9f7e1cb0dc1402819adb376114074d28db8fbb5319cd31,f1_8__f2_64__dropout_0p8__seed_42,relu,softmax,8,64,0.8,1,42,1,20,8,6,128,0.15,0.001,52217,9000,10000,23610,0.9878888726234436,0.04259481653571129,0.988099992275238,0.035241346806287766,36.017,success,,2026-08-14T18:45:46+00:00
limite_128_criblage_mnist_cascade_top_n_v1,sha256:73cc165a64ac7f7fde9f7e1cb0dc1402819adb376114074d28db8fbb5319cd31,f1_8__f2_128__dropout_0__seed_42,relu,softmax,8,128,0.0,1,42,1,20,6,4,128,0.15,0.001,52217,9000,10000,46970,0.9860000014305115,0.05662449076771736,0.9853000044822693,0.051056768745183945,34.562,success,,2026-08-14T18:47:26+00:00
limite_128_criblage_mnist_cascade_top_n_v1,sha256:73cc165a64ac7f7fde9f7e1cb0dc1402819adb376114074d28db8fbb5319cd31,f1_8__f2_128__dropout_0p2__seed_42,relu,softmax,8,128,0.2,1,42,1,20,4,2,128,0.15,0.001,52217,9000,10000,46970,0.9833333492279053,0.05598036199808121,0.9836000204086304,0.049329109489917755,24.386,success,,2026-08-14T18:48:18+00:00
limite_128_criblage_mnist_cascade_top_n_v1,sha256:73cc165a64ac7f7fde9f7e1cb0dc1402819adb376114074d28db8fbb5319cd31,f1_8__f2_128__dropout_0p4__seed_42,relu,softmax,8,128,0.4,1,42,1,20,10,8,128,0.15,0.001,52217,9000,10000,46970,0.9885555505752563,0.04673302546143532,0.9900000095367432,0.03375926986336708,58.158,success,,2026-08-14T18:49:49+00:00
limite_128_criblage_mnist_cascade_top_n_v1,sha256:73cc165a64ac7f7fde9f7e1cb0dc1402819adb376114074d28db8fbb5319cd31,f1_8__f2_128__dropout_0p6__seed_42,relu,softmax,8,128,0.6,1,42,1,20,9,7,128,0.15,0.001,52217,9000,10000,46970,0.9895555377006531,0.04140590503811836,0.9901000261306763,0.03187433257699013,52.437,success,,2026-08-14T18:51:15+00:00
limite_128_criblage_mnist_cascade_top_n_v1,sha256:73cc165a64ac7f7fde9f7e1cb0dc1402819adb376114074d28db8fbb5319cd31,f1_8__f2_128__dropout_0p8__seed_42,relu,softmax,8,128,0.8,1,42,1,20,14,12,128,0.15,0.001,52217,9000,10000,46970,0.9911110997200012,0.03757600113749504,0.9897000193595886,0.03282619267702103,80.995,success,,2026-08-14T18:53:43+00:00
limite_128_criblage_mnist_cascade_top_n_v1,sha256:73cc165a64ac7f7fde9f7e1cb0dc1402819adb376114074d28db8fbb5319cd31,f1_16__f2_8__dropout_0__seed_42,relu,softmax,16,8,0.0,1,42,1,20,10,8,128,0.15,0.001,52217,9000,10000,5010,0.984000027179718,0.052281055599451065,0.9839000105857849,0.049358610063791275,41.944,success,,2026-08-14T18:55:18+00:00
limite_128_criblage_mnist_cascade_top_n_v1,sha256:73cc165a64ac7f7fde9f7e1cb0dc1402819adb376114074d28db8fbb5319cd31,f1_16__f2_8__dropout_0p2__seed_42,relu,softmax,16,8,0.2,1,42,1,20,9,7,128,0.15,0.001,52217,9000,10000,5010,0.9867777824401855,0.04143282398581505,0.9887999892234802,0.035832103341817856,37.904,success,,2026-08-14T18:56:43+00:00
limite_128_criblage_mnist_cascade_top_n_v1,sha256:73cc165a64ac7f7fde9f7e1cb0dc1402819adb376114074d28db8fbb5319cd31,f1_16__f2_8__dropout_0p4__seed_42,relu,softmax,16,8,0.4,1,42,1,20,13,11,128,0.15,0.001,52217,9000,10000,5010,0.9885555505752563,0.03794955089688301,0.9883000254631042,0.03497868776321411,54.638,success,,2026-08-14T18:58:16+00:00
limite_128_criblage_mnist_cascade_top_n_v1,sha256:73cc165a64ac7f7fde9f7e1cb0dc1402819adb376114074d28db8fbb5319cd31,f1_16__f2_8__dropout_0p6__seed_42,relu,softmax,16,8,0.6,1,42,1,20,15,13,128,0.15,0.001,52217,9000,10000,5010,0.9879999756813049,0.040935203433036804,0.9876000285148621,0.037052638828754425,61.797,success,,2026-08-14T19:00:33+00:00
limite_128_criblage_mnist_cascade_top_n_v1,sha256:73cc165a64ac7f7fde9f7e1cb0dc1402819adb376114074d28db8fbb5319cd31,f1_16__f2_8__dropout_0p8__seed_42,relu,softmax,16,8,0.8,1,42,1,20,8,6,128,0.15,0.001,52217,9000,10000,5010,0.9791111350059509,0.07731496542692184,0.9765999913215637,0.07965166866779327,34.673,success,,2026-08-14T19:02:33+00:00
limite_128_criblage_mnist_cascade_top_n_v1,sha256:73cc165a64ac7f7fde9f7e1cb0dc1402819adb376114074d28db8fbb5319cd31,f1_16__f2_16__dropout_0__seed_42,relu,softmax,16,16,0.0,1,42,1,20,8,6,128,0.15,0.001,52217,9000,10000,9530,0.9856666922569275,0.0473334826529026,0.9854999780654907,0.042853910475969315,35.09,success,,2026-08-14T19:04:11+00:00
limite_128_criblage_mnist_cascade_top_n_v1,sha256:73cc165a64ac7f7fde9f7e1cb0dc1402819adb376114074d28db8fbb5319cd31,f1_16__f2_16__dropout_0p2__seed_42,relu,softmax,16,16,0.2,1,42,1,20,7,5,128,0.15,0.001,52217,9000,10000,9530,0.9877777695655823,0.041794553399086,0.9886000156402588,0.03537127375602722,31.008,success,,2026-08-14T19:05:12+00:00
limite_128_criblage_mnist_cascade_top_n_v1,sha256:73cc165a64ac7f7fde9f7e1cb0dc1402819adb376114074d28db8fbb5319cd31,f1_16__f2_16__dropout_0p4__seed_42,relu,softmax,16,16,0.4,1,42,1,20,7,5,128,0.15,0.001,52217,9000,10000,9530,0.9879999756813049,0.04058287665247917,0.9876000285148621,0.03716020658612251,31.375,success,,2026-08-14T19:06:43+00:00
limite_128_criblage_mnist_cascade_top_n_v1,sha256:73cc165a64ac7f7fde9f7e1cb0dc1402819adb376114074d28db8fbb5319cd31,f1_16__f2_16__dropout_0p6__seed_42,relu,softmax,16,16,0.6,1,42,1,20,17,15,128,0.15,0.001,52217,9000,10000,9530,0.9903333187103271,0.03310505673289299,0.9908999800682068,0.02723000757396221,74.572,success,,2026-08-14T19:08:38+00:00
limite_128_criblage_mnist_cascade_top_n_v1,sha256:73cc165a64ac7f7fde9f7e1cb0dc1402819adb376114074d28db8fbb5319cd31,f1_16__f2_16__dropout_0p8__seed_42,relu,softmax,16,16,0.8,1,42,1,20,20,20,128,0.15,0.001,52217,9000,10000,9530,0.9879999756813049,0.038001786917448044,0.9889000058174133,0.033912718296051025,86.837,success,,2026-08-14T19:11:05+00:00
limite_128_criblage_mnist_cascade_top_n_v1,sha256:73cc165a64ac7f7fde9f7e1cb0dc1402819adb376114074d28db8fbb5319cd31,f1_16__f2_32__dropout_0__seed_42,relu,softmax,16,32,0.0,1,42,1,20,5,3,128,0.15,0.001,52217,9000,10000,18570,0.9874444603919983,0.04144112765789032,0.9865000247955322,0.04074256494641304,25.034,success,,2026-08-14T19:13:09+00:00
limite_128_criblage_mnist_cascade_top_n_v1,sha256:73cc165a64ac7f7fde9f7e1cb0dc1402819adb376114074d28db8fbb5319cd31,f1_16__f2_32__dropout_0p2__seed_42,relu,softmax,16,32,0.2,1,42,1,20,9,7,128,0.15,0.001,52217,9000,10000,18570,0.9895555377006531,0.03760862722992897,0.9896000027656555,0.031049441546201706,45.1,success,,2026-08-14T19:14:27+00:00
limite_128_criblage_mnist_cascade_top_n_v1,sha256:73cc165a64ac7f7fde9f7e1cb0dc1402819adb376114074d28db8fbb5319cd31,f1_16__f2_32__dropout_0p4__seed_42,relu,softmax,16,32,0.4,1,42,1,20,7,5,128,0.15,0.001,52217,9000,10000,18570,0.9911110997200012,0.03344563767313957,0.9900000095367432,0.031023580580949783,34.421,success,,2026-08-14T19:16:01+00:00
limite_128_criblage_mnist_cascade_top_n_v1,sha256:73cc165a64ac7f7fde9f7e1cb0dc1402819adb376114074d28db8fbb5319cd31,f1_16__f2_32__dropout_0p6__seed_42,relu,softmax,16,32,0.6,1,42,1,20,19,17,128,0.15,0.001,52217,9000,10000,18570,0.9915555715560913,0.02850371226668358,0.9926000237464905,0.021357456222176552,90.577,success,,2026-08-14T19:18:32+00:00
limite_128_criblage_mnist_cascade_top_n_v1,sha256:73cc165a64ac7f7fde9f7e1cb0dc1402819adb376114074d28db8fbb5319cd31,f1_16__f2_32__dropout_0p8__seed_42,relu,softmax,16,32,0.8,1,42,1,20,11,9,128,0.15,0.001,52217,9000,10000,18570,0.9888888597488403,0.03804589435458183,0.9886000156402588,0.03278467431664467,53.055,success,,2026-08-14T19:20:15+00:00
limite_128_criblage_mnist_cascade_top_n_v1,sha256:73cc165a64ac7f7fde9f7e1cb0dc1402819adb376114074d28db8fbb5319cd31,f1_16__f2_64__dropout_0__seed_42,relu,softmax,16,64,0.0,1,42,1,20,5,3,128,0.15,0.001,52217,9000,10000,36650,0.9863333106040955,0.047236595302820206,0.9871000051498413,0.039838291704654694,30.774,success,,2026-08-14T19:22:33+00:00
limite_128_criblage_mnist_cascade_top_n_v1,sha256:73cc165a64ac7f7fde9f7e1cb0dc1402819adb376114074d28db8fbb5319cd31,f1_16__f2_64__dropout_0p2__seed_42,relu,softmax,16,64,0.2,1,42,1,20,5,3,128,0.15,0.001,52217,9000,10000,36650,0.987333357334137,0.03979642689228058,0.9891999959945679,0.032079391181468964,31.82,success,,2026-08-14T19:23:47+00:00
limite_128_criblage_mnist_cascade_top_n_v1,sha256:73cc165a64ac7f7fde9f7e1cb0dc1402819adb376114074d28db8fbb5319cd31,f1_16__f2_64__dropout_0p4__seed_42,relu,softmax,16,64,0.4,1,42,1,20,4,2,128,0.15,0.001,52217,9000,10000,36650,0.9883333444595337,0.04206592217087746,0.987500011920929,0.036497071385383606,27.324,success,,2026-08-14T19:25:10+00:00
limite_128_criblage_mnist_cascade_top_n_v1,sha256:73cc165a64ac7f7fde9f7e1cb0dc1402819adb376114074d28db8fbb5319cd31,f1_16__f2_64__dropout_0p6__seed_42,relu,softmax,16,64,0.6,1,42,1,20,7,5,128,0.15,0.001,52217,9000,10000,36650,0.9892222285270691,0.036522120237350464,0.9914000034332275,0.02773837000131607,43.056,success,,2026-08-14T19:26:41+00:00
limite_128_criblage_mnist_cascade_top_n_v1,sha256:73cc165a64ac7f7fde9f7e1cb0dc1402819adb376114074d28db8fbb5319cd31,f1_16__f2_64__dropout_0p8__seed_42,relu,softmax,16,64,0.8,1,42,1,20,10,8,128,0.15,0.001,52217,9000,10000,36650,0.9909999966621399,0.03486189618706703,0.9897000193595886,0.029543325304985046,60.471,success,,2026-08-14T19:28:29+00:00
limite_128_criblage_mnist_cascade_top_n_v1,sha256:73cc165a64ac7f7fde9f7e1cb0dc1402819adb376114074d28db8fbb5319cd31,f1_16__f2_128__dropout_0__seed_42,relu,softmax,16,128,0.0,1,42,1,20,5,3,128,0.15,0.001,52217,9000,10000,72810,0.9866666793823242,0.047701817005872726,0.9850000143051147,0.05108729377388954,38.405,success,,2026-08-14T19:30:21+00:00
limite_128_criblage_mnist_cascade_top_n_v1,sha256:73cc165a64ac7f7fde9f7e1cb0dc1402819adb376114074d28db8fbb5319cd31,f1_16__f2_128__dropout_0p2__seed_42,relu,softmax,16,128,0.2,1,42,1,20,5,3,128,0.15,0.001,52217,9000,10000,72810,0.9894444346427917,0.03860672563314438,0.9890000224113464,0.034841276705265045,39.327,success,,2026-08-14T19:31:43+00:00
limite_128_criblage_mnist_cascade_top_n_v1,sha256:73cc165a64ac7f7fde9f7e1cb0dc1402819adb376114074d28db8fbb5319cd31,f1_16__f2_128__dropout_0p4__seed_42,relu,softmax,16,128,0.4,1,42,1,20,9,7,128,0.15,0.001,52217,9000,10000,72810,0.9905555844306946,0.03818316012620926,0.9916999936103821,0.03289744630455971,68.713,success,,2026-08-14T19:33:35+00:00
limite_128_criblage_mnist_cascade_top_n_v1,sha256:73cc165a64ac7f7fde9f7e1cb0dc1402819adb376114074d28db8fbb5319cd31,f1_16__f2_128__dropout_0p6__seed_42,relu,softmax,16,128,0.6,1,42,1,20,7,5,128,0.15,0.001,52217,9000,10000,72810,0.9900000095367432,0.03992781788110733,0.9898999929428101,0.034063927829265594,53.319,success,,2026-08-14T19:35:36+00:00
limite_128_criblage_mnist_cascade_top_n_v1,sha256:73cc165a64ac7f7fde9f7e1cb0dc1402819adb376114074d28db8fbb5319cd31,f1_16__f2_128__dropout_0p8__seed_42,relu,softmax,16,128,0.8,1,42,1,20,11,9,128,0.15,0.001,52217,9000,10000,72810,0.9913333058357239,0.036923911422491074,0.991100013256073,0.03033950738608837,82.34,success,,2026-08-14T19:38:22+00:00
limite_128_criblage_mnist_cascade_top_n_v1,sha256:73cc165a64ac7f7fde9f7e1cb0dc1402819adb376114074d28db8fbb5319cd31,f1_32__f2_8__dropout_0__seed_42,relu,softmax,32,8,0.0,1,42,1,20,10,8,128,0.15,0.001,52217,9000,10000,8690,0.9877777695655823,0.043421197682619095,0.9861999750137329,0.042479008436203,58.565,success,,2026-08-14T19:40:20+00:00
limite_128_criblage_mnist_cascade_top_n_v1,sha256:73cc165a64ac7f7fde9f7e1cb0dc1402819adb376114074d28db8fbb5319cd31,f1_32__f2_8__dropout_0p2__seed_42,relu,softmax,32,8,0.2,1,42,1,20,11,9,128,0.15,0.001,52217,9000,10000,8690,0.9885555505752563,0.03472952917218208,0.9897000193595886,0.030639523640275,65.609,success,,2026-08-14T19:42:37+00:00
limite_128_criblage_mnist_cascade_top_n_v1,sha256:73cc165a64ac7f7fde9f7e1cb0dc1402819adb376114074d28db8fbb5319cd31,f1_32__f2_8__dropout_0p4__seed_42,relu,softmax,32,8,0.4,1,42,1,20,10,8,128,0.15,0.001,52217,9000,10000,8690,0.9871110916137695,0.040628015995025635,0.9879000186920166,0.038027044385671616,58.714,success,,2026-08-14T19:44:36+00:00
limite_128_criblage_mnist_cascade_top_n_v1,sha256:73cc165a64ac7f7fde9f7e1cb0dc1402819adb376114074d28db8fbb5319cd31,f1_32__f2_8__dropout_0p6__seed_42,relu,softmax,32,8,0.6,1,42,1,20,9,7,128,0.15,0.001,52217,9000,10000,8690,0.9869999885559082,0.04275819659233093,0.9868000149726868,0.04021022096276283,53.0,success,,2026-08-14T19:46:54+00:00
limite_128_criblage_mnist_cascade_top_n_v1,sha256:73cc165a64ac7f7fde9f7e1cb0dc1402819adb376114074d28db8fbb5319cd31,f1_32__f2_8__dropout_0p8__seed_42,relu,softmax,32,8,0.8,1,42,1,20,12,10,128,0.15,0.001,52217,9000,10000,8690,0.9845555424690247,0.0517285093665123,0.98580002784729,0.047498878091573715,70.699,success,,2026-08-14T19:49:06+00:00
limite_128_criblage_mnist_cascade_top_n_v1,sha256:73cc165a64ac7f7fde9f7e1cb0dc1402819adb376114074d28db8fbb5319cd31,f1_32__f2_16__dropout_0__seed_42,relu,softmax,32,16,0.0,1,42,1,20,7,5,128,0.15,0.001,52217,9000,10000,16410,0.9865555763244629,0.042969029396772385,0.9891999959945679,0.0374140739440918,43.638,success,,2026-08-14T19:51:22+00:00
limite_128_criblage_mnist_cascade_top_n_v1,sha256:73cc165a64ac7f7fde9f7e1cb0dc1402819adb376114074d28db8fbb5319cd31,f1_32__f2_16__dropout_0p2__seed_42,relu,softmax,32,16,0.2,1,42,1,20,10,8,128,0.15,0.001,52217,9000,10000,16410,0.9898889064788818,0.03303483501076698,0.9904000163078308,0.02922748401761055,63.143,success,,2026-08-14T19:53:07+00:00
limite_128_criblage_mnist_cascade_top_n_v1,sha256:73cc165a64ac7f7fde9f7e1cb0dc1402819adb376114074d28db8fbb5319cd31,f1_32__f2_16__dropout_0p4__seed_42,relu,softmax,32,16,0.4,1,42,1,20,7,5,128,0.15,0.001,52217,9000,10000,16410,0.9905555844306946,0.03589298948645592,0.9882000088691711,0.03425722196698189,43.576,success,,2026-08-14T19:55:15+00:00
limite_128_criblage_mnist_cascade_top_n_v1,sha256:73cc165a64ac7f7fde9f7e1cb0dc1402819adb376114074d28db8fbb5319cd31,f1_32__f2_16__dropout_0p6__seed_42,relu,softmax,32,16,0.6,1,42,1,20,12,10,128,0.15,0.001,52217,9000,10000,16410,0.9893333315849304,0.034480515867471695,0.9896000027656555,0.03194153681397438,74.036,success,,2026-08-14T19:57:59+00:00
limite_128_criblage_mnist_cascade_top_n_v1,sha256:73cc165a64ac7f7fde9f7e1cb0dc1402819adb376114074d28db8fbb5319cd31,f1_32__f2_16__dropout_0p8__seed_42,relu,softmax,32,16,0.8,1,42,1,20,11,9,128,0.15,0.001,52217,9000,10000,16410,0.987333357334137,0.043348487466573715,0.9878000020980835,0.037123631685972214,68.342,success,,2026-08-14T20:00:38+00:00
limite_128_criblage_mnist_cascade_top_n_v1,sha256:73cc165a64ac7f7fde9f7e1cb0dc1402819adb376114074d28db8fbb5319cd31,f1_32__f2_32__dropout_0__seed_42,relu,softmax,32,32,0.0,1,42,1,20,6,4,128,0.15,0.001,52217,9000,10000,31850,0.9893333315849304,0.0386786162853241,0.9894000291824341,0.035274382680654526,41.756,success,,2026-08-14T20:02:29+00:00
limite_128_criblage_mnist_cascade_top_n_v1,sha256:73cc165a64ac7f7fde9f7e1cb0dc1402819adb376114074d28db8fbb5319cd31,f1_32__f2_32__dropout_0p2__seed_42,relu,softmax,32,32,0.2,1,42,1,20,6,4,128,0.15,0.001,52217,9000,10000,31850,0.9906666874885559,0.034312885254621506,0.9891999959945679,0.03186521306633949,41.916,success,,2026-08-14T20:03:51+00:00
limite_128_criblage_mnist_cascade_top_n_v1,sha256:73cc165a64ac7f7fde9f7e1cb0dc1402819adb376114074d28db8fbb5319cd31,f1_32__f2_32__dropout_0p4__seed_42,relu,softmax,32,32,0.4,1,42,1,20,10,8,128,0.15,0.001,52217,9000,10000,31850,0.9907777905464172,0.02988329343497753,0.9915000200271606,0.027502436190843582,69.805,success,,2026-08-14T20:05:48+00:00
limite_128_criblage_mnist_cascade_top_n_v1,sha256:73cc165a64ac7f7fde9f7e1cb0dc1402819adb376114074d28db8fbb5319cd31,f1_32__f2_32__dropout_0p6__seed_42,relu,softmax,32,32,0.6,1,42,1,20,10,8,128,0.15,0.001,52217,9000,10000,31850,0.9903333187103271,0.03076726198196411,0.9912999868392944,0.025342093780636787,69.578,success,,2026-08-14T20:08:01+00:00
limite_128_criblage_mnist_cascade_top_n_v1,sha256:73cc165a64ac7f7fde9f7e1cb0dc1402819adb376114074d28db8fbb5319cd31,f1_32__f2_32__dropout_0p8__seed_42,relu,softmax,32,32,0.8,1,42,1,20,10,8,128,0.15,0.001,52217,9000,10000,31850,0.9894444346427917,0.03350282832980156,0.9901000261306763,0.029479095712304115,70.229,success,,2026-08-14T20:10:21+00:00
limite_128_criblage_mnist_cascade_top_n_v1,sha256:73cc165a64ac7f7fde9f7e1cb0dc1402819adb376114074d28db8fbb5319cd31,f1_32__f2_64__dropout_0__seed_42,relu,softmax,32,64,0.0,1,42,1,20,5,3,128,0.15,0.001,52217,9000,10000,62730,0.988777756690979,0.04041427746415138,0.9894000291824341,0.03665823116898537,43.159,success,,2026-08-14T20:12:32+00:00
limite_128_criblage_mnist_cascade_top_n_v1,sha256:73cc165a64ac7f7fde9f7e1cb0dc1402819adb376114074d28db8fbb5319cd31,f1_32__f2_64__dropout_0p2__seed_42,relu,softmax,32,64,0.2,1,42,1,20,9,7,128,0.15,0.001,52217,9000,10000,62730,0.9906666874885559,0.0377105288207531,0.9900000095367432,0.03217102959752083,76.078,success,,2026-08-14T20:14:46+00:00
limite_128_criblage_mnist_cascade_top_n_v1,sha256:73cc165a64ac7f7fde9f7e1cb0dc1402819adb376114074d28db8fbb5319cd31,f1_32__f2_64__dropout_0p4__seed_42,relu,softmax,32,64,0.4,1,42,1,20,5,3,128,0.15,0.001,52217,9000,10000,62730,0.9904444217681885,0.034484341740608215,0.9883000254631042,0.035595640540122986,43.235,success,,2026-08-14T20:16:17+00:00
limite_128_criblage_mnist_cascade_top_n_v1,sha256:73cc165a64ac7f7fde9f7e1cb0dc1402819adb376114074d28db8fbb5319cd31,f1_32__f2_64__dropout_0p6__seed_42,relu,softmax,32,64,0.6,1,42,1,20,9,7,128,0.15,0.001,52217,9000,10000,62730,0.9911110997200012,0.03274983912706375,0.991100013256073,0.02761264704167843,74.948,success,,2026-08-14T20:18:28+00:00
limite_128_criblage_mnist_cascade_top_n_v1,sha256:73cc165a64ac7f7fde9f7e1cb0dc1402819adb376114074d28db8fbb5319cd31,f1_32__f2_64__dropout_0p8__seed_42,relu,softmax,32,64,0.8,1,42,1,20,10,8,128,0.15,0.001,52217,9000,10000,62730,0.9907777905464172,0.033330146223306656,0.9914000034332275,0.025433119386434555,83.094,success,,2026-08-14T20:20:56+00:00
limite_128_criblage_mnist_cascade_top_n_v1,sha256:73cc165a64ac7f7fde9f7e1cb0dc1402819adb376114074d28db8fbb5319cd31,f1_32__f2_128__dropout_0__seed_42,relu,softmax,32,128,0.0,1,42,1,20,4,2,128,0.15,0.001,52217,9000,10000,124490,0.9834444522857666,0.054820701479911804,0.9843000173568726,0.04830298572778702,44.789,success,,2026-08-14T20:22:45+00:00
limite_128_criblage_mnist_cascade_top_n_v1,sha256:73cc165a64ac7f7fde9f7e1cb0dc1402819adb376114074d28db8fbb5319cd31,f1_32__f2_128__dropout_0p2__seed_42,relu,softmax,32,128,0.2,1,42,1,20,6,4,128,0.15,0.001,52217,9000,10000,124490,0.9893333315849304,0.04385065659880638,0.989799976348877,0.03952150046825409,66.225,success,,2026-08-14T20:24:39+00:00
limite_128_criblage_mnist_cascade_top_n_v1,sha256:73cc165a64ac7f7fde9f7e1cb0dc1402819adb376114074d28db8fbb5319cd31,f1_32__f2_128__dropout_0p4__seed_42,relu,softmax,32,128,0.4,1,42,1,20,6,4,128,0.15,0.001,52217,9000,10000,124490,0.9903333187103271,0.03594831004738808,0.9916999936103821,0.031844478100538254,66.851,success,,2026-08-14T20:26:58+00:00
limite_128_criblage_mnist_cascade_top_n_v1,sha256:73cc165a64ac7f7fde9f7e1cb0dc1402819adb376114074d28db8fbb5319cd31,f1_32__f2_128__dropout_0p6__seed_42,relu,softmax,32,128,0.6,1,42,1,20,6,4,128,0.15,0.001,52217,9000,10000,124490,0.9912222027778625,0.03315802663564682,0.9914000034332275,0.027903635054826736,66.062,success,,2026-08-14T20:28:53+00:00
limite_128_criblage_mnist_cascade_top_n_v1,sha256:73cc165a64ac7f7fde9f7e1cb0dc1402819adb376114074d28db8fbb5319cd31,f1_32__f2_128__dropout_0p8__seed_42,relu,softmax,32,128,0.8,1,42,1,20,7,5,128,0.15,0.001,52217,9000,10000,124490,0.9903333187103271,0.03755439072847366,0.9894999861717224,0.035206858068704605,77.18,success,,2026-08-14T20:32:22+00:00
limite_128_criblage_mnist_cascade_top_n_v1,sha256:73cc165a64ac7f7fde9f7e1cb0dc1402819adb376114074d28db8fbb5319cd31,f1_64__f2_8__dropout_0__seed_42,relu,softmax,64,8,0.0,1,42,1,20,6,4,128,0.15,0.001,52217,9000,10000,16050,0.9833333492279053,0.052709177136421204,0.9833999872207642,0.04820959270000458,61.966,success,,2026-08-14T20:35:46+00:00
limite_128_criblage_mnist_cascade_top_n_v1,sha256:73cc165a64ac7f7fde9f7e1cb0dc1402819adb376114074d28db8fbb5319cd31,f1_64__f2_8__dropout_0p2__seed_42,relu,softmax,64,8,0.2,1,42,1,20,6,4,128,0.15,0.001,52217,9000,10000,16050,0.987333357334137,0.03903871774673462,0.9891999959945679,0.03559655696153641,62.947,success,,2026-08-14T20:38:11+00:00
limite_128_criblage_mnist_cascade_top_n_v1,sha256:73cc165a64ac7f7fde9f7e1cb0dc1402819adb376114074d28db8fbb5319cd31,f1_64__f2_8__dropout_0p4__seed_42,relu,softmax,64,8,0.4,1,42,1,20,9,7,128,0.15,0.001,52217,9000,10000,16050,0.9883333444595337,0.03711777180433273,0.988099992275238,0.035040877759456635,91.704,success,,2026-08-14T20:41:27+00:00
limite_128_criblage_mnist_cascade_top_n_v1,sha256:73cc165a64ac7f7fde9f7e1cb0dc1402819adb376114074d28db8fbb5319cd31,f1_64__f2_8__dropout_0p6__seed_42,relu,softmax,64,8,0.6,1,42,1,20,13,11,128,0.15,0.001,52217,9000,10000,16050,0.9890000224113464,0.035513587296009064,0.9904999732971191,0.030450351536273956,131.099,success,,2026-08-14T20:46:33+00:00
limite_128_criblage_mnist_cascade_top_n_v1,sha256:73cc165a64ac7f7fde9f7e1cb0dc1402819adb376114074d28db8fbb5319cd31,f1_64__f2_8__dropout_0p8__seed_42,relu,softmax,64,8,0.8,1,42,1,20,9,7,128,0.15,0.001,52217,9000,10000,16050,0.9834444522857666,0.05573349446058273,0.9851999878883362,0.05058455094695091,91.714,success,,2026-08-14T20:50:20+00:00
limite_128_criblage_mnist_cascade_top_n_v1,sha256:73cc165a64ac7f7fde9f7e1cb0dc1402819adb376114074d28db8fbb5319cd31,f1_64__f2_16__dropout_0__seed_42,relu,softmax,64,16,0.0,1,42,1,20,5,3,128,0.15,0.001,52217,9000,10000,30170,0.988777756690979,0.04195094108581543,0.9879999756813049,0.03757923096418381,55.281,success,,2026-08-14T20:54:30+00:00
limite_128_criblage_mnist_cascade_top_n_v1,sha256:73cc165a64ac7f7fde9f7e1cb0dc1402819adb376114074d28db8fbb5319cd31,f1_64__f2_16__dropout_0p2__seed_42,relu,softmax,64,16,0.2,1,42,1,20,7,5,128,0.15,0.001,52217,9000,10000,30170,0.9893333315849304,0.037359170615673065,0.9905999898910522,0.028448110446333885,75.319,success,,2026-08-14T20:57:21+00:00
limite_128_criblage_mnist_cascade_top_n_v1,sha256:73cc165a64ac7f7fde9f7e1cb0dc1402819adb376114074d28db8fbb5319cd31,f1_64__f2_16__dropout_0p4__seed_42,relu,softmax,64,16,0.4,1,42,1,20,10,8,128,0.15,0.001,52217,9000,10000,30170,0.9898889064788818,0.03276297450065613,0.991100013256073,0.02754228562116623,106.706,success,,2026-08-14T21:01:08+00:00
limite_128_criblage_mnist_cascade_top_n_v1,sha256:73cc165a64ac7f7fde9f7e1cb0dc1402819adb376114074d28db8fbb5319cd31,f1_64__f2_16__dropout_0p6__seed_42,relu,softmax,64,16,0.6,1,42,1,20,7,5,128,0.15,0.001,52217,9000,10000,30170,0.9895555377006531,0.03564545512199402,0.9887999892234802,0.032685261219739914,74.854,success,,2026-08-14T21:05:00+00:00
limite_128_criblage_mnist_cascade_top_n_v1,sha256:73cc165a64ac7f7fde9f7e1cb0dc1402819adb376114074d28db8fbb5319cd31,f1_64__f2_16__dropout_0p8__seed_42,relu,softmax,64,16,0.8,1,42,1,20,13,11,128,0.15,0.001,52217,9000,10000,30170,0.9888888597488403,0.03653177618980408,0.989300012588501,0.03392425552010536,136.038,success,,2026-08-14T21:08:41+00:00
limite_128_criblage_mnist_cascade_top_n_v1,sha256:73cc165a64ac7f7fde9f7e1cb0dc1402819adb376114074d28db8fbb5319cd31,f1_64__f2_32__dropout_0__seed_42,relu,softmax,64,32,0.0,1,42,1,20,5,3,128,0.15,0.001,52217,9000,10000,58410,0.9869999885559082,0.04284217208623886,0.988099992275238,0.03658753260970116,59.611,success,,2026-08-14T21:13:40+00:00
limite_128_criblage_mnist_cascade_top_n_v1,sha256:73cc165a64ac7f7fde9f7e1cb0dc1402819adb376114074d28db8fbb5319cd31,f1_64__f2_32__dropout_0p2__seed_42,relu,softmax,64,32,0.2,1,42,1,20,9,7,128,0.15,0.001,52217,9000,10000,58410,0.9907777905464172,0.035374339669942856,0.991100013256073,0.030914517119526863,104.198,success,,2026-08-14T21:16:56+00:00
limite_128_criblage_mnist_cascade_top_n_v1,sha256:73cc165a64ac7f7fde9f7e1cb0dc1402819adb376114074d28db8fbb5319cd31,f1_64__f2_32__dropout_0p4__seed_42,relu,softmax,64,32,0.4,1,42,1,20,9,7,128,0.15,0.001,52217,9000,10000,58410,0.9907777905464172,0.03233187645673752,0.9919999837875366,0.02556818723678589,104.287,success,,2026-08-14T21:20:00+00:00
limite_128_criblage_mnist_cascade_top_n_v1,sha256:73cc165a64ac7f7fde9f7e1cb0dc1402819adb376114074d28db8fbb5319cd31,f1_64__f2_32__dropout_0p6__seed_42,relu,softmax,64,32,0.6,1,42,1,20,10,8,128,0.15,0.001,52217,9000,10000,58410,0.9907777905464172,0.03000170923769474,0.9915000200271606,0.023289131000638008,116.172,success,,2026-08-14T21:23:28+00:00
limite_128_criblage_mnist_cascade_top_n_v1,sha256:73cc165a64ac7f7fde9f7e1cb0dc1402819adb376114074d28db8fbb5319cd31,f1_64__f2_32__dropout_0p8__seed_42,relu,softmax,64,32,0.8,1,42,1,20,6,4,128,0.15,0.001,52217,9000,10000,58410,0.9879999756813049,0.040043383836746216,0.9884999990463257,0.03441165015101433,70.826,success,,2026-08-14T21:27:28+00:00
limite_128_criblage_mnist_cascade_top_n_v1,sha256:73cc165a64ac7f7fde9f7e1cb0dc1402819adb376114074d28db8fbb5319cd31,f1_64__f2_64__dropout_0__seed_42,relu,softmax,64,64,0.0,1,42,1,20,4,2,128,0.15,0.001,52217,9000,10000,114890,0.988111138343811,0.0395868718624115,0.987500011920929,0.038130927830934525,57.857,success,,2026-08-14T21:32:44+00:00
limite_128_criblage_mnist_cascade_top_n_v1,sha256:73cc165a64ac7f7fde9f7e1cb0dc1402819adb376114074d28db8fbb5319cd31,f1_64__f2_64__dropout_0p2__seed_42,relu,softmax,64,64,0.2,1,42,1,20,4,2,128,0.15,0.001,52217,9000,10000,114890,0.9878888726234436,0.03787323832511902,0.9896000027656555,0.03354571387171745,59.013,success,,2026-08-14T21:35:02+00:00
limite_128_criblage_mnist_cascade_top_n_v1,sha256:73cc165a64ac7f7fde9f7e1cb0dc1402819adb376114074d28db8fbb5319cd31,f1_64__f2_64__dropout_0p4__seed_42,relu,softmax,64,64,0.4,1,42,1,20,10,8,128,0.15,0.001,52217,9000,10000,114890,0.991777777671814,0.031744953244924545,0.9923999905586243,0.02867978811264038,141.61,success,,2026-08-14T21:38:59+00:00
limite_128_criblage_mnist_cascade_top_n_v1,sha256:73cc165a64ac7f7fde9f7e1cb0dc1402819adb376114074d28db8fbb5319cd31,f1_64__f2_64__dropout_0p6__seed_42,relu,softmax,64,64,0.6,1,42,1,20,13,11,128,0.15,0.001,52217,9000,10000,114890,0.992111086845398,0.027606146410107613,0.993399977684021,0.022961409762501717,184.271,success,,2026-08-14T21:43:25+00:00
limite_128_criblage_mnist_cascade_top_n_v1,sha256:73cc165a64ac7f7fde9f7e1cb0dc1402819adb376114074d28db8fbb5319cd31,f1_64__f2_64__dropout_0p8__seed_42,relu,softmax,64,64,0.8,1,42,1,20,17,15,128,0.15,0.001,52217,9000,10000,114890,0.9905555844306946,0.027404747903347015,0.9919999837875366,0.02461671270430088,240.263,success,,2026-08-14T21:49:41+00:00
limite_128_criblage_mnist_cascade_top_n_v1,sha256:73cc165a64ac7f7fde9f7e1cb0dc1402819adb376114074d28db8fbb5319cd31,f1_64__f2_128__dropout_0__seed_42,relu,softmax,64,128,0.0,1,42,1,20,5,3,128,0.15,0.001,52217,9000,10000,227850,0.9885555505752563,0.04683598503470421,0.989300012588501,0.0374680794775486,94.678,success,,2026-08-14T21:53:39+00:00
limite_128_criblage_mnist_cascade_top_n_v1,sha256:73cc165a64ac7f7fde9f7e1cb0dc1402819adb376114074d28db8fbb5319cd31,f1_64__f2_128__dropout_0p2__seed_42,relu,softmax,64,128,0.2,1,42,1,20,4,2,128,0.15,0.001,52217,9000,10000,227850,0.987666666507721,0.04070863500237465,0.9890999794006348,0.03642743453383446,76.636,success,,2026-08-14T21:57:37+00:00
limite_128_criblage_mnist_cascade_top_n_v1,sha256:73cc165a64ac7f7fde9f7e1cb0dc1402819adb376114074d28db8fbb5319cd31,f1_64__f2_128__dropout_0p4__seed_42,relu,softmax,64,128,0.4,1,42,1,20,7,5,128,0.15,0.001,52217,9000,10000,227850,0.9906666874885559,0.03811752796173096,0.9902999997138977,0.033297210931777954,130.83,success,,2026-08-14T22:01:52+00:00
limite_128_criblage_mnist_cascade_top_n_v1,sha256:73cc165a64ac7f7fde9f7e1cb0dc1402819adb376114074d28db8fbb5319cd31,f1_64__f2_128__dropout_0p6__seed_42,relu,softmax,64,128,0.6,1,42,1,20,10,8,128,0.15,0.001,52217,9000,10000,227850,0.9912222027778625,0.035777218639850616,0.9929999709129333,0.02400757372379303,186.471,success,,2026-08-14T22:07:23+00:00
limite_128_criblage_mnist_cascade_top_n_v1,sha256:73cc165a64ac7f7fde9f7e1cb0dc1402819adb376114074d28db8fbb5319cd31,f1_64__f2_128__dropout_0p8__seed_42,relu,softmax,64,128,0.8,1,42,1,20,6,4,128,0.15,0.001,52217,9000,10000,227850,0.9888888597488403,0.04258561134338379,0.9894999861717224,0.03483505919575691,112.874,success,,2026-08-14T22:12:00+00:00
limite_128_criblage_mnist_cascade_top_n_v1,sha256:73cc165a64ac7f7fde9f7e1cb0dc1402819adb376114074d28db8fbb5319cd31,f1_128__f2_8__dropout_0__seed_42,relu,softmax,128,8,0.0,1,42,1,20,7,5,128,0.15,0.001,52217,9000,10000,30770,0.9872221946716309,0.042215991765260696,0.9883999824523926,0.03810621425509453,141.574,success,,2026-08-14T22:17:46+00:00
limite_128_criblage_mnist_cascade_top_n_v1,sha256:73cc165a64ac7f7fde9f7e1cb0dc1402819adb376114074d28db8fbb5319cd31,f1_128__f2_8__dropout_0p2__seed_42,relu,softmax,128,8,0.2,1,42,1,20,11,9,128,0.15,0.001,52217,9000,10000,30770,0.9907777905464172,0.03244619071483612,0.9901999831199646,0.02998560480773449,218.499,success,,2026-08-14T22:24:27+00:00
limite_128_criblage_mnist_cascade_top_n_v1,sha256:73cc165a64ac7f7fde9f7e1cb0dc1402819adb376114074d28db8fbb5319cd31,f1_128__f2_8__dropout_0p4__seed_42,relu,softmax,128,8,0.4,1,42,1,20,15,13,128,0.15,0.001,52217,9000,10000,30770,0.9911110997200012,0.03111155517399311,0.9905999898910522,0.027887573465704918,298.826,success,,2026-08-14T22:33:34+00:00
limite_128_criblage_mnist_cascade_top_n_v1,sha256:73cc165a64ac7f7fde9f7e1cb0dc1402819adb376114074d28db8fbb5319cd31,f1_128__f2_8__dropout_0p6__seed_42,relu,softmax,128,8,0.6,1,42,1,20,12,10,128,0.15,0.001,52217,9000,10000,30770,0.9911110997200012,0.03226137161254883,0.9911999702453613,0.02878410555422306,241.605,success,,2026-08-14T22:42:07+00:00
limite_128_criblage_mnist_cascade_top_n_v1,sha256:73cc165a64ac7f7fde9f7e1cb0dc1402819adb376114074d28db8fbb5319cd31,f1_128__f2_8__dropout_0p8__seed_42,relu,softmax,128,8,0.8,1,42,1,20,10,8,128,0.15,0.001,52217,9000,10000,30770,0.9861111044883728,0.04577028006315231,0.9861000180244446,0.043463531881570816,207.214,success,,2026-08-14T22:47:53+00:00
limite_128_criblage_mnist_cascade_top_n_v1,sha256:73cc165a64ac7f7fde9f7e1cb0dc1402819adb376114074d28db8fbb5319cd31,f1_128__f2_16__dropout_0__seed_42,relu,softmax,128,16,0.0,1,42,1,20,6,4,128,0.15,0.001,52217,9000,10000,57690,0.9878888726234436,0.04021826013922691,0.9871000051498413,0.04029088839888573,121.917,success,,2026-08-14T22:54:48+00:00
limite_128_criblage_mnist_cascade_top_n_v1,sha256:73cc165a64ac7f7fde9f7e1cb0dc1402819adb376114074d28db8fbb5319cd31,f1_128__f2_16__dropout_0p2__seed_42,relu,softmax,128,16,0.2,1,42,1,20,8,6,128,0.15,0.001,52217,9000,10000,57690,0.9897778034210205,0.03448440507054329,0.9897000193595886,0.029767392203211784,162.067,success,,2026-08-14T22:59:48+00:00
limite_128_criblage_mnist_cascade_top_n_v1,sha256:73cc165a64ac7f7fde9f7e1cb0dc1402819adb376114074d28db8fbb5319cd31,f1_128__f2_16__dropout_0p4__seed_42,relu,softmax,128,16,0.4,1,42,1,20,5,3,128,0.15,0.001,52217,9000,10000,57690,0.9869999885559082,0.04165900498628616,0.9871000051498413,0.042934104800224304,103.223,success,,2026-08-14T23:04:13+00:00
limite_128_criblage_mnist_cascade_top_n_v1,sha256:73cc165a64ac7f7fde9f7e1cb0dc1402819adb376114074d28db8fbb5319cd31,f1_128__f2_16__dropout_0p6__seed_42,relu,softmax,128,16,0.6,1,42,1,20,10,8,128,0.15,0.001,52217,9000,10000,57690,0.9912222027778625,0.02931801974773407,0.9908999800682068,0.027374310418963432,201.736,success,,2026-08-14T23:11:47+00:00
limite_128_criblage_mnist_cascade_top_n_v1,sha256:73cc165a64ac7f7fde9f7e1cb0dc1402819adb376114074d28db8fbb5319cd31,f1_128__f2_16__dropout_0p8__seed_42,relu,softmax,128,16,0.8,1,42,1,20,6,4,128,0.15,0.001,52217,9000,10000,57690,0.9856666922569275,0.04670282453298569,0.9854000210762024,0.04387678951025009,122.969,success,,2026-08-14T23:20:03+00:00
limite_128_criblage_mnist_cascade_top_n_v1,sha256:73cc165a64ac7f7fde9f7e1cb0dc1402819adb376114074d28db8fbb5319cd31,f1_128__f2_32__dropout_0__seed_42,relu,softmax,128,32,0.0,1,42,1,20,5,3,128,0.15,0.001,52217,9000,10000,111530,0.9885555505752563,0.04268849268555641,0.9873999953269958,0.04107441008090973,111.784,success,,2026-08-14T23:23:51+00:00
limite_128_criblage_mnist_cascade_top_n_v1,sha256:73cc165a64ac7f7fde9f7e1cb0dc1402819adb376114074d28db8fbb5319cd31,f1_128__f2_32__dropout_0p2__seed_42,relu,softmax,128,32,0.2,1,42,1,20,7,5,128,0.15,0.001,52217,9000,10000,111530,0.9909999966621399,0.03244447335600853,0.9904999732971191,0.029005471616983414,155.179,success,,2026-08-14T23:28:08+00:00
limite_128_criblage_mnist_cascade_top_n_v1,sha256:73cc165a64ac7f7fde9f7e1cb0dc1402819adb376114074d28db8fbb5319cd31,f1_128__f2_32__dropout_0p4__seed_42,relu,softmax,128,32,0.4,1,42,1,20,8,6,128,0.15,0.001,52217,9000,10000,111530,0.9918888807296753,0.03037605807185173,0.991599977016449,0.02503713220357895,176.387,success,,2026-08-14T23:34:25+00:00
limite_128_criblage_mnist_cascade_top_n_v1,sha256:73cc165a64ac7f7fde9f7e1cb0dc1402819adb376114074d28db8fbb5319cd31,f1_128__f2_32__dropout_0p6__seed_42,relu,softmax,128,32,0.6,1,42,1,20,6,4,128,0.15,0.001,52217,9000,10000,111530,0.99144446849823,0.03189811855554581,0.9902999997138977,0.02763555943965912,135.58,success,,2026-08-14T23:42:51+00:00
limite_128_criblage_mnist_cascade_top_n_v1,sha256:73cc165a64ac7f7fde9f7e1cb0dc1402819adb376114074d28db8fbb5319cd31,f1_128__f2_32__dropout_0p8__seed_42,relu,softmax,128,32,0.8,1,42,1,20,16,14,128,0.15,0.001,52217,9000,10000,111530,0.9905555844306946,0.029151825234293938,0.9927999973297119,0.023310253396630287,357.341,success,,2026-08-14T23:52:09+00:00
limite_128_criblage_mnist_cascade_top_n_v1,sha256:73cc165a64ac7f7fde9f7e1cb0dc1402819adb376114074d28db8fbb5319cd31,f1_128__f2_64__dropout_0__seed_42,relu,softmax,128,64,0.0,1,42,1,20,5,3,128,0.15,0.001,52217,9000,10000,219210,0.9886666536331177,0.041237398982048035,0.9894000291824341,0.03384776785969734,132.266,success,,2026-08-14T23:57:16+00:00
limite_128_criblage_mnist_cascade_top_n_v1,sha256:73cc165a64ac7f7fde9f7e1cb0dc1402819adb376114074d28db8fbb5319cd31,f1_128__f2_64__dropout_0p2__seed_42,relu,softmax,128,64,0.2,1,42,1,20,4,2,128,0.15,0.001,52217,9000,10000,219210,0.9885555505752563,0.0389539934694767,0.9887999892234802,0.036302823573350906,106.999,success,,2026-08-15T00:01:29+00:00
limite_128_criblage_mnist_cascade_top_n_v1,sha256:73cc165a64ac7f7fde9f7e1cb0dc1402819adb376114074d28db8fbb5319cd31,f1_128__f2_64__dropout_0p4__seed_42,relu,softmax,128,64,0.4,1,42,1,20,8,6,128,0.15,0.001,52217,9000,10000,219210,0.992111086845398,0.029665153473615646,0.9925000071525574,0.025205399841070175,211.461,success,,2026-08-15T00:07:27+00:00
limite_128_criblage_mnist_cascade_top_n_v1,sha256:73cc165a64ac7f7fde9f7e1cb0dc1402819adb376114074d28db8fbb5319cd31,f1_128__f2_64__dropout_0p6__seed_42,relu,softmax,128,64,0.6,1,42,1,20,7,5,128,0.15,0.001,52217,9000,10000,219210,0.9915555715560913,0.030531145632267,0.9916999936103821,0.023829566314816475,185.88,success,,2026-08-15T00:13:30+00:00
limite_128_criblage_mnist_cascade_top_n_v1,sha256:73cc165a64ac7f7fde9f7e1cb0dc1402819adb376114074d28db8fbb5319cd31,f1_128__f2_64__dropout_0p8__seed_42,relu,softmax,128,64,0.8,1,42,1,20,5,3,128,0.15,0.001,52217,9000,10000,219210,0.9901111125946045,0.037177253514528275,0.9890999794006348,0.03169778361916542,133.558,success,,2026-08-15T00:21:35+00:00
limite_128_criblage_mnist_cascade_top_n_v1,sha256:73cc165a64ac7f7fde9f7e1cb0dc1402819adb376114074d28db8fbb5319cd31,f1_128__f2_128__dropout_0__seed_42,relu,softmax,128,128,0.0,1,42,1,20,8,6,128,0.15,0.001,52217,9000,10000,434570,0.988444447517395,0.04872286692261696,0.9876000285148621,0.04535060375928879,285.889,success,,2026-08-15T00:32:11+00:00
limite_128_criblage_mnist_cascade_top_n_v1,sha256:73cc165a64ac7f7fde9f7e1cb0dc1402819adb376114074d28db8fbb5319cd31,f1_128__f2_128__dropout_0p2__seed_42,relu,softmax,128,128,0.2,1,42,1,20,5,3,128,0.15,0.001,52217,9000,10000,434570,0.988444447517395,0.041974931955337524,0.989799976348877,0.03668384626507759,180.81,success,,2026-08-15T00:39:05+00:00
limite_128_criblage_mnist_cascade_top_n_v1,sha256:73cc165a64ac7f7fde9f7e1cb0dc1402819adb376114074d28db8fbb5319cd31,f1_128__f2_128__dropout_0p4__seed_42,relu,softmax,128,128,0.4,1,42,1,20,4,2,128,0.15,0.001,52217,9000,10000,434570,0.9893333315849304,0.03754532337188721,0.9887999892234802,0.03719167038798332,146.899,success,,2026-08-15T00:45:27+00:00
limite_128_criblage_mnist_cascade_top_n_v1,sha256:73cc165a64ac7f7fde9f7e1cb0dc1402819adb376114074d28db8fbb5319cd31,f1_128__f2_128__dropout_0p6__seed_42,relu,softmax,128,128,0.6,1,42,1,20,8,6,128,0.15,0.001,52217,9000,10000,434570,0.9906666874885559,0.03630128130316734,0.991100013256073,0.03043397143483162,292.464,success,,2026-08-15T00:54:14+00:00
limite_128_criblage_mnist_cascade_top_n_v1,sha256:73cc165a64ac7f7fde9f7e1cb0dc1402819adb376114074d28db8fbb5319cd31,f1_128__f2_128__dropout_0p8__seed_42,relu,softmax,128,128,0.8,1,42,1,20,4,2,128,0.15,0.001,52217,9000,10000,434570,0.9877777695655823,0.049310535192489624,0.9882000088691711,0.042263664305210114,145.259,success,,2026-08-15T00:59:55+00:00
limite_128_criblage_mnist_cascade_top_n_v1,sha256:73cc165a64ac7f7fde9f7e1cb0dc1402819adb376114074d28db8fbb5319cd31,activation_softmax__f1_4__f2_8__dropout_0__seed_42,softmax,softmax,4,8,0.0,1,42,1,20,20,19,128,0.15,0.001,52217,9000,10000,2250,0.9836666584014893,0.05603773519396782,0.9836000204086304,0.05281767621636391,70.568,success,,2026-08-14T17:42:06+00:00
limite_128_criblage_mnist_cascade_top_n_v1,sha256:73cc165a64ac7f7fde9f7e1cb0dc1402819adb376114074d28db8fbb5319cd31,activation_softmax__f1_4__f2_8__dropout_0p2__seed_42,softmax,softmax,4,8,0.2,1,42,1,20,20,20,128,0.15,0.001,52217,9000,10000,2250,0.9867777824401855,0.04732247069478035,0.9861000180244446,0.04005476459860802,60.397,success,,2026-08-14T17:43:43+00:00
limite_128_criblage_mnist_cascade_top_n_v1,sha256:73cc165a64ac7f7fde9f7e1cb0dc1402819adb376114074d28db8fbb5319cd31,activation_softmax__f1_4__f2_8__dropout_0p4__seed_42,softmax,softmax,4,8,0.4,1,42,1,20,18,16,128,0.15,0.001,52217,9000,10000,2250,0.984000027179718,0.05494267866015434,0.9843999743461609,0.04859577491879463,52.697,success,,2026-08-14T17:45:28+00:00
limite_128_criblage_mnist_cascade_top_n_v1,sha256:73cc165a64ac7f7fde9f7e1cb0dc1402819adb376114074d28db8fbb5319cd31,activation_softmax__f1_4__f2_8__dropout_0p6__seed_42,softmax,softmax,4,8,0.6,1,42,1,20,16,14,128,0.15,0.001,52217,9000,10000,2250,0.9795555472373962,0.07047457993030548,0.9793999791145325,0.0658019632101059,47.46,success,,2026-08-14T17:46:57+00:00
limite_128_criblage_mnist_cascade_top_n_v1,sha256:73cc165a64ac7f7fde9f7e1cb0dc1402819adb376114074d28db8fbb5319cd31,activation_softmax__f1_4__f2_8__dropout_0p8__seed_42,softmax,softmax,4,8,0.8,1,42,1,20,20,19,128,0.15,0.001,52217,9000,10000,2250,0.9702222347259521,0.10578469932079315,0.9707000255584717,0.09700267761945724,70.292,success,,2026-08-14T17:48:53+00:00
limite_128_criblage_mnist_cascade_top_n_v1,sha256:73cc165a64ac7f7fde9f7e1cb0dc1402819adb376114074d28db8fbb5319cd31,activation_softmax__f1_4__f2_16__dropout_0__seed_42,softmax,softmax,4,16,0.0,1,42,1,20,10,8,128,0.15,0.001,52217,9000,10000,4370,0.9836666584014893,0.05190134048461914,0.9829000234603882,0.047800950706005096,32.679,success,,2026-08-14T17:49:59+00:00
limite_128_criblage_mnist_cascade_top_n_v1,sha256:73cc165a64ac7f7fde9f7e1cb0dc1402819adb376114074d28db8fbb5319cd31,activation_softmax__f1_4__f2_16__dropout_0p2__seed_42,softmax,softmax,4,16,0.2,1,42,1,20,16,14,128,0.15,0.001,52217,9000,10000,4370,0.9875555634498596,0.04695260152220726,0.9868999719619751,0.03737380728125572,51.07,success,,2026-08-14T17:51:23+00:00
limite_128_criblage_mnist_cascade_top_n_v1,sha256:73cc165a64ac7f7fde9f7e1cb0dc1402819adb376114074d28db8fbb5319cd31,activation_softmax__f1_4__f2_16__dropout_0p4__seed_42,softmax,softmax,4,16,0.4,1,42,1,20,14,12,128,0.15,0.001,52217,9000,10000,4370,0.9864444732666016,0.04502055421471596,0.9872000217437744,0.037972815334796906,45.108,success,,2026-08-14T17:52:53+00:00
limite_128_criblage_mnist_cascade_top_n_v1,sha256:73cc165a64ac7f7fde9f7e1cb0dc1402819adb376114074d28db8fbb5319cd31,activation_softmax__f1_4__f2_16__dropout_0p6__seed_42,softmax,softmax,4,16,0.6,1,42,1,20,18,16,128,0.15,0.001,52217,9000,10000,4370,0.9867777824401855,0.04496442899107933,0.987500011920929,0.038692131638526917,57.437,success,,2026-08-14T17:54:38+00:00
limite_128_criblage_mnist_cascade_top_n_v1,sha256:73cc165a64ac7f7fde9f7e1cb0dc1402819adb376114074d28db8fbb5319cd31,activation_softmax__f1_4__f2_16__dropout_0p8__seed_42,softmax,softmax,4,16,0.8,1,42,1,20,20,19,128,0.15,0.001,52217,9000,10000,4370,0.9801111221313477,0.06764739751815796,0.9804999828338623,0.06188398599624634,64.118,success,,2026-08-14T17:56:26+00:00
limite_128_criblage_mnist_cascade_top_n_v1,sha256:73cc165a64ac7f7fde9f7e1cb0dc1402819adb376114074d28db8fbb5319cd31,activation_softmax__f1_4__f2_32__dropout_0__seed_42,softmax,softmax,4,32,0.0,1,42,1,20,7,5,128,0.15,0.001,52217,9000,10000,8610,0.9857777953147888,0.04871736839413643,0.9854999780654907,0.04382386803627014,25.864,success,,2026-08-14T17:57:14+00:00
limite_128_criblage_mnist_cascade_top_n_v1,sha256:73cc165a64ac7f7fde9f7e1cb0dc1402819adb376114074d28db8fbb5319cd31,activation_softmax__f1_4__f2_32__dropout_0p2__seed_42,softmax,softmax,4,32,0.2,1,42,1,20,11,9,128,0.15,0.001,52217,9000,10000,8610,0.988777756690979,0.03628101572394371,0.9908999800682068,0.032256830483675,40.905,success,,2026-08-14T17:58:27+00:00
limite_128_criblage_mnist_cascade_top_n_v1,sha256:73cc165a64ac7f7fde9f7e1cb0dc1402819adb376114074d28db8fbb5319cd31,activation_softmax__f1_4__f2_32__dropout_0p4__seed_42,softmax,softmax,4,32,0.4,1,42,1,20,13,11,128,0.15,0.001,52217,9000,10000,8610,0.9901111125946045,0.03559116646647453,0.9911999702453613,0.028495319187641144,47.962,success,,2026-08-14T18:00:18+00:00
limite_128_criblage_mnist_cascade_top_n_v1,sha256:73cc165a64ac7f7fde9f7e1cb0dc1402819adb376114074d28db8fbb5319cd31,activation_softmax__f1_4__f2_32__dropout_0p6__seed_42,softmax,softmax,4,32,0.6,1,42,1,20,18,16,128,0.15,0.001,52217,9000,10000,8610,0.9898889064788818,0.03340800479054451,0.9908999800682068,0.02616988494992256,64.192,success,,2026-08-14T18:02:03+00:00
limite_128_criblage_mnist_cascade_top_n_v1,sha256:73cc165a64ac7f7fde9f7e1cb0dc1402819adb376114074d28db8fbb5319cd31,activation_softmax__f1_4__f2_32__dropout_0p8__seed_42,softmax,softmax,4,32,0.8,1,42,1,20,11,9,128,0.15,0.001,52217,9000,10000,8610,0.9842222332954407,0.05189386382699013,0.9851999878883362,0.044416073709726334,40.146,success,,2026-08-14T18:03:31+00:00
limite_128_criblage_mnist_cascade_top_n_v1,sha256:73cc165a64ac7f7fde9f7e1cb0dc1402819adb376114074d28db8fbb5319cd31,activation_softmax__f1_4__f2_64__dropout_0__seed_42,softmax,softmax,4,64,0.0,1,42,1,20,7,5,128,0.15,0.001,52217,9000,10000,17090,0.988777756690979,0.04467049986124039,0.9884999990463257,0.0357382670044899,32.328,success,,2026-08-14T18:04:34+00:00
limite_128_criblage_mnist_cascade_top_n_v1,sha256:73cc165a64ac7f7fde9f7e1cb0dc1402819adb376114074d28db8fbb5319cd31,activation_softmax__f1_4__f2_64__dropout_0p2__seed_42,softmax,softmax,4,64,0.2,1,42,1,20,9,7,128,0.15,0.001,52217,9000,10000,17090,0.9918888807296753,0.03575734421610832,0.9891999959945679,0.03223147243261337,40.926,success,,2026-08-14T18:06:03+00:00
limite_128_criblage_mnist_cascade_top_n_v1,sha256:73cc165a64ac7f7fde9f7e1cb0dc1402819adb376114074d28db8fbb5319cd31,activation_softmax__f1_4__f2_64__dropout_0p4__seed_42,softmax,softmax,4,64,0.4,1,42,1,20,14,12,128,0.15,0.001,52217,9000,10000,17090,0.9912222027778625,0.03131198510527611,0.9907000064849854,0.03232508525252342,67.738,success,,2026-08-14T18:07:52+00:00
limite_128_criblage_mnist_cascade_top_n_v1,sha256:73cc165a64ac7f7fde9f7e1cb0dc1402819adb376114074d28db8fbb5319cd31,activation_softmax__f1_4__f2_64__dropout_0p6__seed_42,softmax,softmax,4,64,0.6,1,42,1,20,6,4,128,0.15,0.001,52217,9000,10000,17090,0.9890000224113464,0.040242284536361694,0.9865999817848206,0.03667174652218819,27.945,success,,2026-08-14T18:09:12+00:00
limite_128_criblage_mnist_cascade_top_n_v1,sha256:73cc165a64ac7f7fde9f7e1cb0dc1402819adb376114074d28db8fbb5319cd31,activation_softmax__f1_4__f2_64__dropout_0p8__seed_42,softmax,softmax,4,64,0.8,1,42,1,20,8,6,128,0.15,0.001,52217,9000,10000,17090,0.9868888854980469,0.04749918356537819,0.9861999750137329,0.042245928198099136,35.658,success,,2026-08-14T18:10:31+00:00
limite_128_criblage_mnist_cascade_top_n_v1,sha256:73cc165a64ac7f7fde9f7e1cb0dc1402819adb376114074d28db8fbb5319cd31,activation_softmax__f1_4__f2_128__dropout_0__seed_42,softmax,softmax,4,128,0.0,1,42,1,20,4,2,128,0.15,0.001,52217,9000,10000,34050,0.9868888854980469,0.04537413269281387,0.987500011920929,0.03885665163397789,22.875,success,,2026-08-14T18:11:23+00:00
limite_128_criblage_mnist_cascade_top_n_v1,sha256:73cc165a64ac7f7fde9f7e1cb0dc1402819adb376114074d28db8fbb5319cd31,activation_softmax__f1_4__f2_128__dropout_0p2__seed_42,softmax,softmax,4,128,0.2,1,42,1,20,9,7,128,0.15,0.001,52217,9000,10000,34050,0.9897778034210205,0.04258096590638161,0.9898999929428101,0.038195736706256866,50.433,success,,2026-08-14T18:12:57+00:00
limite_128_criblage_mnist_cascade_top_n_v1,sha256:73cc165a64ac7f7fde9f7e1cb0dc1402819adb376114074d28db8fbb5319cd31,activation_softmax__f1_4__f2_128__dropout_0p4__seed_42,softmax,softmax,4,128,0.4,1,42,1,20,7,5,128,0.15,0.001,52217,9000,10000,34050,0.9895555377006531,0.03728945925831795,0.9904999732971191,0.0324096642434597,39.11,success,,2026-08-14T18:14:02+00:00
limite_128_criblage_mnist_cascade_top_n_v1,sha256:73cc165a64ac7f7fde9f7e1cb0dc1402819adb376114074d28db8fbb5319cd31,activation_softmax__f1_4__f2_128__dropout_0p6__seed_42,softmax,softmax,4,128,0.6,1,42,1,20,8,6,128,0.15,0.001,52217,9000,10000,34050,0.9900000095367432,0.03850981220602989,0.9904000163078308,0.029591195285320282,45.356,success,,2026-08-14T18:15:33+00:00
limite_128_criblage_mnist_cascade_top_n_v1,sha256:73cc165a64ac7f7fde9f7e1cb0dc1402819adb376114074d28db8fbb5319cd31,activation_softmax__f1_4__f2_128__dropout_0p8__seed_42,softmax,softmax,4,128,0.8,1,42,1,20,14,12,128,0.15,0.001,52217,9000,10000,34050,0.9903333187103271,0.035325486212968826,0.9900000095367432,0.030573932453989983,78.631,success,,2026-08-14T18:17:45+00:00
limite_128_criblage_mnist_cascade_top_n_v1,sha256:73cc165a64ac7f7fde9f7e1cb0dc1402819adb376114074d28db8fbb5319cd31,activation_softmax__f1_8__f2_8__dropout_0__seed_42,softmax,softmax,8,8,0.0,1,42,1,20,19,17,128,0.15,0.001,52217,9000,10000,3170,0.9860000014305115,0.04825551435351372,0.9871000051498413,0.04109548404812813,69.575,success,,2026-08-14T18:19:28+00:00
limite_128_criblage_mnist_cascade_top_n_v1,sha256:73cc165a64ac7f7fde9f7e1cb0dc1402819adb376114074d28db8fbb5319cd31,activation_softmax__f1_8__f2_8__dropout_0p2__seed_42,softmax,softmax,8,8,0.2,1,42,1,20,15,13,128,0.15,0.001,52217,9000,10000,3170,0.9879999756813049,0.04037449508905411,0.9871000051498413,0.03833131864666939,56.073,success,,2026-08-14T18:21:08+00:00
limite_128_criblage_mnist_cascade_top_n_v1,sha256:73cc165a64ac7f7fde9f7e1cb0dc1402819adb376114074d28db8fbb5319cd31,activation_softmax__f1_8__f2_8__dropout_0p4__seed_42,softmax,softmax,8,8,0.4,1,42,1,20,15,13,128,0.15,0.001,52217,9000,10000,3170,0.9869999885559082,0.04248039796948433,0.9861999750137329,0.039689116179943085,56.119,success,,2026-08-14T18:22:41+00:00
limite_128_criblage_mnist_cascade_top_n_v1,sha256:73cc165a64ac7f7fde9f7e1cb0dc1402819adb376114074d28db8fbb5319cd31,activation_softmax__f1_8__f2_8__dropout_0p6__seed_42,softmax,softmax,8,8,0.6,1,42,1,20,15,13,128,0.15,0.001,52217,9000,10000,3170,0.9827777743339539,0.05674804002046585,0.9837999939918518,0.05259508639574051,55.644,success,,2026-08-14T18:24:33+00:00
limite_128_criblage_mnist_cascade_top_n_v1,sha256:73cc165a64ac7f7fde9f7e1cb0dc1402819adb376114074d28db8fbb5319cd31,activation_softmax__f1_8__f2_8__dropout_0p8__seed_42,softmax,softmax,8,8,0.8,1,42,1,20,6,4,128,0.15,0.001,52217,9000,10000,3170,0.9641110897064209,0.12941037118434906,0.9642000198364258,0.12658679485321045,23.275,success,,2026-08-14T18:25:56+00:00
limite_128_criblage_mnist_cascade_top_n_v1,sha256:73cc165a64ac7f7fde9f7e1cb0dc1402819adb376114074d28db8fbb5319cd31,activation_softmax__f1_8__f2_16__dropout_0__seed_42,softmax,softmax,8,16,0.0,1,42,1,20,7,5,128,0.15,0.001,52217,9000,10000,6090,0.9841111302375793,0.051232218742370605,0.9847000241279602,0.048246826976537704,28.003,success,,2026-08-14T18:26:49+00:00
limite_128_criblage_mnist_cascade_top_n_v1,sha256:73cc165a64ac7f7fde9f7e1cb0dc1402819adb376114074d28db8fbb5319cd31,activation_softmax__f1_8__f2_16__dropout_0p2__seed_42,softmax,softmax,8,16,0.2,1,42,1,20,11,9,128,0.15,0.001,52217,9000,10000,6090,0.9903333187103271,0.03648071736097336,0.9904000163078308,0.0297270268201828,44.696,success,,2026-08-14T18:27:52+00:00
limite_128_criblage_mnist_cascade_top_n_v1,sha256:73cc165a64ac7f7fde9f7e1cb0dc1402819adb376114074d28db8fbb5319cd31,activation_softmax__f1_8__f2_16__dropout_0p4__seed_42,softmax,softmax,8,16,0.4,1,42,1,20,13,11,128,0.15,0.001,52217,9000,10000,6090,0.9911110997200012,0.032341368496418,0.9904999732971191,0.027540575712919235,51.365,success,,2026-08-14T18:29:23+00:00
limite_128_criblage_mnist_cascade_top_n_v1,sha256:73cc165a64ac7f7fde9f7e1cb0dc1402819adb376114074d28db8fbb5319cd31,activation_softmax__f1_8__f2_16__dropout_0p6__seed_42,softmax,softmax,8,16,0.6,1,42,1,20,14,12,128,0.15,0.001,52217,9000,10000,6090,0.9883333444595337,0.03842746466398239,0.9890000224113464,0.031654197722673416,55.626,success,,2026-08-14T18:31:11+00:00
limite_128_criblage_mnist_cascade_top_n_v1,sha256:73cc165a64ac7f7fde9f7e1cb0dc1402819adb376114074d28db8fbb5319cd31,activation_softmax__f1_8__f2_16__dropout_0p8__seed_42,softmax,softmax,8,16,0.8,1,42,1,20,9,7,128,0.15,0.001,52217,9000,10000,6090,0.9814444184303284,0.06506184488534927,0.9807000160217285,0.059603672474622726,36.424,success,,2026-08-14T18:32:37+00:00
limite_128_criblage_mnist_cascade_top_n_v1,sha256:73cc165a64ac7f7fde9f7e1cb0dc1402819adb376114074d28db8fbb5319cd31,activation_softmax__f1_8__f2_32__dropout_0__seed_42,softmax,softmax,8,32,0.0,1,42,1,20,9,7,128,0.15,0.001,52217,9000,10000,11930,0.988444447517395,0.04546890780329704,0.9886999726295471,0.03497391566634178,39.403,success,,2026-08-14T18:33:43+00:00
limite_128_criblage_mnist_cascade_top_n_v1,sha256:73cc165a64ac7f7fde9f7e1cb0dc1402819adb376114074d28db8fbb5319cd31,activation_softmax__f1_8__f2_32__dropout_0p2__seed_42,softmax,softmax,8,32,0.2,1,42,1,20,11,9,128,0.15,0.001,52217,9000,10000,11930,0.9907777905464172,0.03185996040701866,0.991100013256073,0.02782903052866459,49.024,success,,2026-08-14T18:35:00+00:00
limite_128_criblage_mnist_cascade_top_n_v1,sha256:73cc165a64ac7f7fde9f7e1cb0dc1402819adb376114074d28db8fbb5319cd31,activation_softmax__f1_8__f2_32__dropout_0p4__seed_42,softmax,softmax,8,32,0.4,1,42,1,20,8,6,128,0.15,0.001,52217,9000,10000,11930,0.9908888936042786,0.0316007137298584,0.991599977016449,0.02590753510594368,37.097,success,,2026-08-14T18:36:24+00:00
limite_128_criblage_mnist_cascade_top_n_v1,sha256:73cc165a64ac7f7fde9f7e1cb0dc1402819adb376114074d28db8fbb5319cd31,activation_softmax__f1_8__f2_32__dropout_0p6__seed_42,softmax,softmax,8,32,0.6,1,42,1,20,10,8,128,0.15,0.001,52217,9000,10000,11930,0.991777777671814,0.03043040633201599,0.9911999702453613,0.02739034779369831,44.215,success,,2026-08-14T18:37:48+00:00
limite_128_criblage_mnist_cascade_top_n_v1,sha256:73cc165a64ac7f7fde9f7e1cb0dc1402819adb376114074d28db8fbb5319cd31,activation_softmax__f1_8__f2_32__dropout_0p8__seed_42,softmax,softmax,8,32,0.8,1,42,1,20,20,19,128,0.15,0.001,52217,9000,10000,11930,0.99144446849823,0.03335538133978844,0.9909999966621399,0.02707364410161972,86.194,success,,2026-08-14T18:40:14+00:00
limite_128_criblage_mnist_cascade_top_n_v1,sha256:73cc165a64ac7f7fde9f7e1cb0dc1402819adb376114074d28db8fbb5319cd31,activation_softmax__f1_8__f2_64__dropout_0__seed_42,softmax,softmax,8,64,0.0,1,42,1,20,4,2,128,0.15,0.001,52217,9000,10000,23610,0.9879999756813049,0.042570702731609344,0.988099992275238,0.0385596826672554,21.054,success,,2026-08-14T18:40:58+00:00
limite_128_criblage_mnist_cascade_top_n_v1,sha256:73cc165a64ac7f7fde9f7e1cb0dc1402819adb376114074d28db8fbb5319cd31,activation_softmax__f1_8__f2_64__dropout_0p2__seed_42,softmax,softmax,8,64,0.2,1,42,1,20,6,4,128,0.15,0.001,52217,9000,10000,23610,0.9877777695655823,0.04045524820685387,0.9900000095367432,0.03279201313853264,31.075,success,,2026-08-14T18:42:20+00:00
limite_128_criblage_mnist_cascade_top_n_v1,sha256:73cc165a64ac7f7fde9f7e1cb0dc1402819adb376114074d28db8fbb5319cd31,activation_softmax__f1_8__f2_64__dropout_0p4__seed_42,softmax,softmax,8,64,0.4,1,42,1,20,11,9,128,0.15,0.001,52217,9000,10000,23610,0.992222249507904,0.030950767919421196,0.9923999905586243,0.02364371158182621,56.153,success,,2026-08-14T18:43:52+00:00
limite_128_criblage_mnist_cascade_top_n_v1,sha256:73cc165a64ac7f7fde9f7e1cb0dc1402819adb376114074d28db8fbb5319cd31,activation_softmax__f1_8__f2_64__dropout_0p6__seed_42,softmax,softmax,8,64,0.6,1,42,1,20,8,6,128,0.15,0.001,52217,9000,10000,23610,0.9913333058357239,0.0346088781952858,0.9918000102043152,0.02501405030488968,42.106,success,,2026-08-14T18:45:10+00:00
limite_128_criblage_mnist_cascade_top_n_v1,sha256:73cc165a64ac7f7fde9f7e1cb0dc1402819adb376114074d28db8fbb5319cd31,activation_softmax__f1_8__f2_64__dropout_0p8__seed_42,softmax,softmax,8,64,0.8,1,42,1,20,13,11,128,0.15,0.001,52217,9000,10000,23610,0.99144446849823,0.03223305940628052,0.991100013256073,0.026533331722021103,65.947,success,,2026-08-14T18:46:52+00:00
limite_128_criblage_mnist_cascade_top_n_v1,sha256:73cc165a64ac7f7fde9f7e1cb0dc1402819adb376114074d28db8fbb5319cd31,activation_softmax__f1_8__f2_128__dropout_0__seed_42,softmax,softmax,8,128,0.0,1,42,1,20,4,2,128,0.15,0.001,52217,9000,10000,46970,0.9875555634498596,0.041575271636247635,0.9886999726295471,0.035405129194259644,26.656,success,,2026-08-14T18:47:53+00:00
limite_128_criblage_mnist_cascade_top_n_v1,sha256:73cc165a64ac7f7fde9f7e1cb0dc1402819adb376114074d28db8fbb5319cd31,activation_softmax__f1_8__f2_128__dropout_0p2__seed_42,softmax,softmax,8,128,0.2,1,42,1,20,5,3,128,0.15,0.001,52217,9000,10000,46970,0.9911110997200012,0.035316918045282364,0.9905999898910522,0.03081592358648777,33.71,success,,2026-08-14T18:48:51+00:00
limite_128_criblage_mnist_cascade_top_n_v1,sha256:73cc165a64ac7f7fde9f7e1cb0dc1402819adb376114074d28db8fbb5319cd31,activation_softmax__f1_8__f2_128__dropout_0p4__seed_42,softmax,softmax,8,128,0.4,1,42,1,20,5,3,128,0.15,0.001,52217,9000,10000,46970,0.9911110997200012,0.03630317747592926,0.9912999868392944,0.027950573712587357,33.508,success,,2026-08-14T18:50:23+00:00
limite_128_criblage_mnist_cascade_top_n_v1,sha256:73cc165a64ac7f7fde9f7e1cb0dc1402819adb376114074d28db8fbb5319cd31,activation_softmax__f1_8__f2_128__dropout_0p6__seed_42,softmax,softmax,8,128,0.6,1,42,1,20,10,8,128,0.15,0.001,52217,9000,10000,46970,0.991777777671814,0.02902895398437977,0.992900013923645,0.023579373955726624,66.586,success,,2026-08-14T18:52:22+00:00
limite_128_criblage_mnist_cascade_top_n_v1,sha256:73cc165a64ac7f7fde9f7e1cb0dc1402819adb376114074d28db8fbb5319cd31,activation_softmax__f1_8__f2_128__dropout_0p8__seed_42,softmax,softmax,8,128,0.8,1,42,1,20,8,6,128,0.15,0.001,52217,9000,10000,46970,0.9912222027778625,0.032973308116197586,0.9901999831199646,0.027714312076568604,52.896,success,,2026-08-14T18:54:36+00:00
limite_128_criblage_mnist_cascade_top_n_v1,sha256:73cc165a64ac7f7fde9f7e1cb0dc1402819adb376114074d28db8fbb5319cd31,activation_softmax__f1_16__f2_8__dropout_0__seed_42,softmax,softmax,16,8,0.0,1,42,1,20,10,8,128,0.15,0.001,52217,9000,10000,5010,0.9853333234786987,0.05234912037849426,0.9848999977111816,0.04405137896537781,47.061,success,,2026-08-14T18:56:05+00:00
limite_128_criblage_mnist_cascade_top_n_v1,sha256:73cc165a64ac7f7fde9f7e1cb0dc1402819adb376114074d28db8fbb5319cd31,activation_softmax__f1_16__f2_8__dropout_0p2__seed_42,softmax,softmax,16,8,0.2,1,42,1,20,8,6,128,0.15,0.001,52217,9000,10000,5010,0.9864444732666016,0.04553436487913132,0.9871000051498413,0.040160227566957474,38.846,success,,2026-08-14T18:57:22+00:00
limite_128_criblage_mnist_cascade_top_n_v1,sha256:73cc165a64ac7f7fde9f7e1cb0dc1402819adb376114074d28db8fbb5319cd31,activation_softmax__f1_16__f2_8__dropout_0p4__seed_42,softmax,softmax,16,8,0.4,1,42,1,20,16,14,128,0.15,0.001,52217,9000,10000,5010,0.9869999885559082,0.042711786925792694,0.989799976348877,0.03341468423604965,75.304,success,,2026-08-14T18:59:32+00:00
limite_128_criblage_mnist_cascade_top_n_v1,sha256:73cc165a64ac7f7fde9f7e1cb0dc1402819adb376114074d28db8fbb5319cd31,activation_softmax__f1_16__f2_8__dropout_0p6__seed_42,softmax,softmax,16,8,0.6,1,42,1,20,18,16,128,0.15,0.001,52217,9000,10000,5010,0.9861111044883728,0.04605865851044655,0.9876000285148621,0.03897561505436897,85.312,success,,2026-08-14T19:01:59+00:00
limite_128_criblage_mnist_cascade_top_n_v1,sha256:73cc165a64ac7f7fde9f7e1cb0dc1402819adb376114074d28db8fbb5319cd31,activation_softmax__f1_16__f2_8__dropout_0p8__seed_42,softmax,softmax,16,8,0.8,1,42,1,20,13,11,128,0.15,0.001,52217,9000,10000,5010,0.9795555472373962,0.07240185886621475,0.9782000184059143,0.07066752016544342,62.598,success,,2026-08-14T19:03:36+00:00
limite_128_criblage_mnist_cascade_top_n_v1,sha256:73cc165a64ac7f7fde9f7e1cb0dc1402819adb376114074d28db8fbb5319cd31,activation_softmax__f1_16__f2_16__dropout_0__seed_42,softmax,softmax,16,16,0.0,1,42,1,20,6,4,128,0.15,0.001,52217,9000,10000,9530,0.9838888645172119,0.05121389403939247,0.9847999811172485,0.05012403428554535,30.277,success,,2026-08-14T19:04:41+00:00
limite_128_criblage_mnist_cascade_top_n_v1,sha256:73cc165a64ac7f7fde9f7e1cb0dc1402819adb376114074d28db8fbb5319cd31,activation_softmax__f1_16__f2_16__dropout_0p2__seed_42,softmax,softmax,16,16,0.2,1,42,1,20,12,10,128,0.15,0.001,52217,9000,10000,9530,0.9896666407585144,0.032050829380750656,0.9916999936103821,0.026889046654105186,59.628,success,,2026-08-14T19:06:12+00:00
limite_128_criblage_mnist_cascade_top_n_v1,sha256:73cc165a64ac7f7fde9f7e1cb0dc1402819adb376114074d28db8fbb5319cd31,activation_softmax__f1_16__f2_16__dropout_0p4__seed_42,softmax,softmax,16,16,0.4,1,42,1,20,8,6,128,0.15,0.001,52217,9000,10000,9530,0.9892222285270691,0.037830524146556854,0.9901999831199646,0.03029431216418743,40.415,success,,2026-08-14T19:07:24+00:00
limite_128_criblage_mnist_cascade_top_n_v1,sha256:73cc165a64ac7f7fde9f7e1cb0dc1402819adb376114074d28db8fbb5319cd31,activation_softmax__f1_16__f2_16__dropout_0p6__seed_42,softmax,softmax,16,16,0.6,1,42,1,20,12,10,128,0.15,0.001,52217,9000,10000,9530,0.9895555377006531,0.036831047385931015,0.9901000261306763,0.029829679057002068,59.415,success,,2026-08-14T19:09:38+00:00
limite_128_criblage_mnist_cascade_top_n_v1,sha256:73cc165a64ac7f7fde9f7e1cb0dc1402819adb376114074d28db8fbb5319cd31,activation_softmax__f1_16__f2_16__dropout_0p8__seed_42,softmax,softmax,16,16,0.8,1,42,1,20,20,19,128,0.15,0.001,52217,9000,10000,9530,0.9855555295944214,0.04676707088947296,0.9868000149726868,0.039625782519578934,99.311,success,,2026-08-14T19:12:44+00:00
limite_128_criblage_mnist_cascade_top_n_v1,sha256:73cc165a64ac7f7fde9f7e1cb0dc1402819adb376114074d28db8fbb5319cd31,activation_softmax__f1_16__f2_32__dropout_0__seed_42,softmax,softmax,16,32,0.0,1,42,1,20,6,4,128,0.15,0.001,52217,9000,10000,18570,0.987666666507721,0.04073057696223259,0.9871000051498413,0.04137266054749489,32.916,success,,2026-08-14T19:13:42+00:00
limite_128_criblage_mnist_cascade_top_n_v1,sha256:73cc165a64ac7f7fde9f7e1cb0dc1402819adb376114074d28db8fbb5319cd31,activation_softmax__f1_16__f2_32__dropout_0p2__seed_42,softmax,softmax,16,32,0.2,1,42,1,20,11,9,128,0.15,0.001,52217,9000,10000,18570,0.9900000095367432,0.03376153111457825,0.9914000034332275,0.02736213058233261,59.923,success,,2026-08-14T19:15:27+00:00
limite_128_criblage_mnist_cascade_top_n_v1,sha256:73cc165a64ac7f7fde9f7e1cb0dc1402819adb376114074d28db8fbb5319cd31,activation_softmax__f1_16__f2_32__dropout_0p4__seed_42,softmax,softmax,16,32,0.4,1,42,1,20,11,9,128,0.15,0.001,52217,9000,10000,18570,0.9916666746139526,0.03106987476348877,0.9919999837875366,0.025724228471517563,59.976,success,,2026-08-14T19:17:01+00:00
limite_128_criblage_mnist_cascade_top_n_v1,sha256:73cc165a64ac7f7fde9f7e1cb0dc1402819adb376114074d28db8fbb5319cd31,activation_softmax__f1_16__f2_32__dropout_0p6__seed_42,softmax,softmax,16,32,0.6,1,42,1,20,9,7,128,0.15,0.001,52217,9000,10000,18570,0.9906666874885559,0.034649647772312164,0.989799976348877,0.029132016003131866,50.027,success,,2026-08-14T19:19:22+00:00
limite_128_criblage_mnist_cascade_top_n_v1,sha256:73cc165a64ac7f7fde9f7e1cb0dc1402819adb376114074d28db8fbb5319cd31,activation_softmax__f1_16__f2_32__dropout_0p8__seed_42,softmax,softmax,16,32,0.8,1,42,1,20,20,18,128,0.15,0.001,52217,9000,10000,18570,0.9905555844306946,0.032543983310461044,0.991100013256073,0.026442812755703926,107.214,success,,2026-08-14T19:22:02+00:00
limite_128_criblage_mnist_cascade_top_n_v1,sha256:73cc165a64ac7f7fde9f7e1cb0dc1402819adb376114074d28db8fbb5319cd31,activation_softmax__f1_16__f2_64__dropout_0__seed_42,softmax,softmax,16,64,0.0,1,42,1,20,6,4,128,0.15,0.001,52217,9000,10000,36650,0.9890000224113464,0.043468594551086426,0.9882000088691711,0.036117617040872574,41.698,success,,2026-08-14T19:23:15+00:00
limite_128_criblage_mnist_cascade_top_n_v1,sha256:73cc165a64ac7f7fde9f7e1cb0dc1402819adb376114074d28db8fbb5319cd31,activation_softmax__f1_16__f2_64__dropout_0p2__seed_42,softmax,softmax,16,64,0.2,1,42,1,20,7,5,128,0.15,0.001,52217,9000,10000,36650,0.9902222156524658,0.037649739533662796,0.9901000261306763,0.029683493077754974,56.194,success,,2026-08-14T19:24:43+00:00
limite_128_criblage_mnist_cascade_top_n_v1,sha256:73cc165a64ac7f7fde9f7e1cb0dc1402819adb376114074d28db8fbb5319cd31,activation_softmax__f1_16__f2_64__dropout_0p4__seed_42,softmax,softmax,16,64,0.4,1,42,1,20,7,5,128,0.15,0.001,52217,9000,10000,36650,0.9902222156524658,0.03732803091406822,0.9915000200271606,0.026043593883514404,47.528,success,,2026-08-14T19:25:58+00:00
limite_128_criblage_mnist_cascade_top_n_v1,sha256:73cc165a64ac7f7fde9f7e1cb0dc1402819adb376114074d28db8fbb5319cd31,activation_softmax__f1_16__f2_64__dropout_0p6__seed_42,softmax,softmax,16,64,0.6,1,42,1,20,7,5,128,0.15,0.001,52217,9000,10000,36650,0.9892222285270691,0.03715460002422333,0.991100013256073,0.02898920327425003,47.661,success,,2026-08-14T19:27:28+00:00
limite_128_criblage_mnist_cascade_top_n_v1,sha256:73cc165a64ac7f7fde9f7e1cb0dc1402819adb376114074d28db8fbb5319cd31,activation_softmax__f1_16__f2_64__dropout_0p8__seed_42,softmax,softmax,16,64,0.8,1,42,1,20,11,9,128,0.15,0.001,52217,9000,10000,36650,0.9897778034210205,0.034952349960803986,0.9911999702453613,0.02684343047440052,73.92,success,,2026-08-14T19:29:43+00:00
limite_128_criblage_mnist_cascade_top_n_v1,sha256:73cc165a64ac7f7fde9f7e1cb0dc1402819adb376114074d28db8fbb5319cd31,activation_softmax__f1_16__f2_128__dropout_0__seed_42,softmax,softmax,16,128,0.0,1,42,1,20,5,3,128,0.15,0.001,52217,9000,10000,72810,0.987333357334137,0.04685109481215477,0.9904000163078308,0.03466607630252838,42.782,success,,2026-08-14T19:31:04+00:00
limite_128_criblage_mnist_cascade_top_n_v1,sha256:73cc165a64ac7f7fde9f7e1cb0dc1402819adb376114074d28db8fbb5319cd31,activation_softmax__f1_16__f2_128__dropout_0p2__seed_42,softmax,softmax,16,128,0.2,1,42,1,20,5,3,128,0.15,0.001,52217,9000,10000,72810,0.9903333187103271,0.03948443382978439,0.9900000095367432,0.02872489020228386,43.32,success,,2026-08-14T19:32:27+00:00
limite_128_criblage_mnist_cascade_top_n_v1,sha256:73cc165a64ac7f7fde9f7e1cb0dc1402819adb376114074d28db8fbb5319cd31,activation_softmax__f1_16__f2_128__dropout_0p4__seed_42,softmax,softmax,16,128,0.4,1,42,1,20,8,6,128,0.15,0.001,52217,9000,10000,72810,0.9901111125946045,0.03738711401820183,0.9916999936103821,0.029917795211076736,66.976,success,,2026-08-14T19:34:42+00:00
limite_128_criblage_mnist_cascade_top_n_v1,sha256:73cc165a64ac7f7fde9f7e1cb0dc1402819adb376114074d28db8fbb5319cd31,activation_softmax__f1_16__f2_128__dropout_0p6__seed_42,softmax,softmax,16,128,0.6,1,42,1,20,10,8,128,0.15,0.001,52217,9000,10000,72810,0.9919999837875366,0.03249995410442352,0.9922000169754028,0.027359088882803917,84.306,success,,2026-08-14T19:37:00+00:00
limite_128_criblage_mnist_cascade_top_n_v1,sha256:73cc165a64ac7f7fde9f7e1cb0dc1402819adb376114074d28db8fbb5319cd31,activation_softmax__f1_16__f2_128__dropout_0p8__seed_42,softmax,softmax,16,128,0.8,1,42,1,20,7,5,128,0.15,0.001,52217,9000,10000,72810,0.9896666407585144,0.03870313614606857,0.9886000156402588,0.030446622520685196,58.92,success,,2026-08-14T19:39:21+00:00
limite_128_criblage_mnist_cascade_top_n_v1,sha256:73cc165a64ac7f7fde9f7e1cb0dc1402819adb376114074d28db8fbb5319cd31,activation_softmax__f1_32__f2_8__dropout_0__seed_42,softmax,softmax,32,8,0.0,1,42,1,20,11,9,128,0.15,0.001,52217,9000,10000,8690,0.9868888854980469,0.045694608241319656,0.9858999848365784,0.043637409806251526,71.788,success,,2026-08-14T19:41:32+00:00
limite_128_criblage_mnist_cascade_top_n_v1,sha256:73cc165a64ac7f7fde9f7e1cb0dc1402819adb376114074d28db8fbb5319cd31,activation_softmax__f1_32__f2_8__dropout_0p2__seed_42,softmax,softmax,32,8,0.2,1,42,1,20,9,7,128,0.15,0.001,52217,9000,10000,8690,0.987333357334137,0.04322976619005203,0.9872000217437744,0.0372123122215271,59.745,success,,2026-08-14T19:43:37+00:00
limite_128_criblage_mnist_cascade_top_n_v1,sha256:73cc165a64ac7f7fde9f7e1cb0dc1402819adb376114074d28db8fbb5319cd31,activation_softmax__f1_32__f2_8__dropout_0p4__seed_42,softmax,softmax,32,8,0.4,1,42,1,20,13,11,128,0.15,0.001,52217,9000,10000,8690,0.9897778034210205,0.03661084920167923,0.9898999929428101,0.031202413141727448,85.476,success,,2026-08-14T19:46:01+00:00
limite_128_criblage_mnist_cascade_top_n_v1,sha256:73cc165a64ac7f7fde9f7e1cb0dc1402819adb376114074d28db8fbb5319cd31,activation_softmax__f1_32__f2_8__dropout_0p6__seed_42,softmax,softmax,32,8,0.6,1,42,1,20,9,7,128,0.15,0.001,52217,9000,10000,8690,0.9844444394111633,0.05096862465143204,0.9842000007629395,0.046468839049339294,60.923,success,,2026-08-14T19:47:55+00:00
limite_128_criblage_mnist_cascade_top_n_v1,sha256:73cc165a64ac7f7fde9f7e1cb0dc1402819adb376114074d28db8fbb5319cd31,activation_softmax__f1_32__f2_8__dropout_0p8__seed_42,softmax,softmax,32,8,0.8,1,42,1,20,14,12,128,0.15,0.001,52217,9000,10000,8690,0.9785555601119995,0.07177961617708206,0.9797000288963318,0.0694950595498085,91.987,success,,2026-08-14T19:50:38+00:00
limite_128_criblage_mnist_cascade_top_n_v1,sha256:73cc165a64ac7f7fde9f7e1cb0dc1402819adb376114074d28db8fbb5319cd31,activation_softmax__f1_32__f2_16__dropout_0__seed_42,softmax,softmax,32,16,0.0,1,42,1,20,6,4,128,0.15,0.001,52217,9000,10000,16410,0.9864444732666016,0.04495123773813248,0.9876999855041504,0.03812611103057861,42.505,success,,2026-08-14T19:52:04+00:00
limite_128_criblage_mnist_cascade_top_n_v1,sha256:73cc165a64ac7f7fde9f7e1cb0dc1402819adb376114074d28db8fbb5319cd31,activation_softmax__f1_32__f2_16__dropout_0p2__seed_42,softmax,softmax,32,16,0.2,1,42,1,20,12,10,128,0.15,0.001,52217,9000,10000,16410,0.9909999966621399,0.02788931503891945,0.9915000200271606,0.026485370472073555,84.198,success,,2026-08-14T19:54:31+00:00
limite_128_criblage_mnist_cascade_top_n_v1,sha256:73cc165a64ac7f7fde9f7e1cb0dc1402819adb376114074d28db8fbb5319cd31,activation_softmax__f1_32__f2_16__dropout_0p4__seed_42,softmax,softmax,32,16,0.4,1,42,1,20,13,11,128,0.15,0.001,52217,9000,10000,16410,0.9916666746139526,0.030017035081982613,0.9915000200271606,0.0257896576076746,89.762,success,,2026-08-14T19:56:45+00:00
limite_128_criblage_mnist_cascade_top_n_v1,sha256:73cc165a64ac7f7fde9f7e1cb0dc1402819adb376114074d28db8fbb5319cd31,activation_softmax__f1_32__f2_16__dropout_0p6__seed_42,softmax,softmax,32,16,0.6,1,42,1,20,13,11,128,0.15,0.001,52217,9000,10000,16410,0.9902222156524658,0.03321002423763275,0.991100013256073,0.03080884739756584,90.321,success,,2026-08-14T19:59:29+00:00
limite_128_criblage_mnist_cascade_top_n_v1,sha256:73cc165a64ac7f7fde9f7e1cb0dc1402819adb376114074d28db8fbb5319cd31,activation_softmax__f1_32__f2_16__dropout_0p8__seed_42,softmax,softmax,32,16,0.8,1,42,1,20,10,8,128,0.15,0.001,52217,9000,10000,16410,0.9841111302375793,0.054236579686403275,0.9850999712944031,0.046800486743450165,69.956,success,,2026-08-14T20:01:48+00:00
limite_128_criblage_mnist_cascade_top_n_v1,sha256:73cc165a64ac7f7fde9f7e1cb0dc1402819adb376114074d28db8fbb5319cd31,activation_softmax__f1_32__f2_32__dropout_0__seed_42,softmax,softmax,32,32,0.0,1,42,1,20,5,3,128,0.15,0.001,52217,9000,10000,31850,0.9863333106040955,0.0451674610376358,0.9890999794006348,0.03565206378698349,39.433,success,,2026-08-14T20:03:09+00:00
limite_128_criblage_mnist_cascade_top_n_v1,sha256:73cc165a64ac7f7fde9f7e1cb0dc1402819adb376114074d28db8fbb5319cd31,activation_softmax__f1_32__f2_32__dropout_0p2__seed_42,softmax,softmax,32,32,0.2,1,42,1,20,6,4,128,0.15,0.001,52217,9000,10000,31850,0.9883333444595337,0.04047659784555435,0.9902999997138977,0.030648548156023026,47.559,success,,2026-08-14T20:04:38+00:00
limite_128_criblage_mnist_cascade_top_n_v1,sha256:73cc165a64ac7f7fde9f7e1cb0dc1402819adb376114074d28db8fbb5319cd31,activation_softmax__f1_32__f2_32__dropout_0p4__seed_42,softmax,softmax,32,32,0.4,1,42,1,20,8,6,128,0.15,0.001,52217,9000,10000,31850,0.9896666407585144,0.035076290369033813,0.9908999800682068,0.026229146867990494,62.886,success,,2026-08-14T20:06:51+00:00
limite_128_criblage_mnist_cascade_top_n_v1,sha256:73cc165a64ac7f7fde9f7e1cb0dc1402819adb376114074d28db8fbb5319cd31,activation_softmax__f1_32__f2_32__dropout_0p6__seed_42,softmax,softmax,32,32,0.6,1,42,1,20,9,7,128,0.15,0.001,52217,9000,10000,31850,0.9911110997200012,0.03206217288970947,0.9912999868392944,0.02700013667345047,70.332,success,,2026-08-14T20:09:11+00:00
limite_128_criblage_mnist_cascade_top_n_v1,sha256:73cc165a64ac7f7fde9f7e1cb0dc1402819adb376114074d28db8fbb5319cd31,activation_softmax__f1_32__f2_32__dropout_0p8__seed_42,softmax,softmax,32,32,0.8,1,42,1,20,11,9,128,0.15,0.001,52217,9000,10000,31850,0.9885555505752563,0.03950975090265274,0.9887999892234802,0.03299141675233841,87.902,success,,2026-08-14T20:11:49+00:00
limite_128_criblage_mnist_cascade_top_n_v1,sha256:73cc165a64ac7f7fde9f7e1cb0dc1402819adb376114074d28db8fbb5319cd31,activation_softmax__f1_32__f2_64__dropout_0__seed_42,softmax,softmax,32,64,0.0,1,42,1,20,6,4,128,0.15,0.001,52217,9000,10000,62730,0.9906666874885559,0.035750530660152435,0.9911999702453613,0.02967221289873123,57.388,success,,2026-08-14T20:13:30+00:00
limite_128_criblage_mnist_cascade_top_n_v1,sha256:73cc165a64ac7f7fde9f7e1cb0dc1402819adb376114074d28db8fbb5319cd31,activation_softmax__f1_32__f2_64__dropout_0p2__seed_42,softmax,softmax,32,64,0.2,1,42,1,20,5,3,128,0.15,0.001,52217,9000,10000,62730,0.9888888597488403,0.034891076385974884,0.9898999929428101,0.02966933511197567,48.55,success,,2026-08-14T20:15:34+00:00
limite_128_criblage_mnist_cascade_top_n_v1,sha256:73cc165a64ac7f7fde9f7e1cb0dc1402819adb376114074d28db8fbb5319cd31,activation_softmax__f1_32__f2_64__dropout_0p4__seed_42,softmax,softmax,32,64,0.4,1,42,1,20,6,4,128,0.15,0.001,52217,9000,10000,62730,0.9908888936042786,0.030937418341636658,0.9901999831199646,0.029308779165148735,55.862,success,,2026-08-14T20:17:13+00:00
limite_128_criblage_mnist_cascade_top_n_v1,sha256:73cc165a64ac7f7fde9f7e1cb0dc1402819adb376114074d28db8fbb5319cd31,activation_softmax__f1_32__f2_64__dropout_0p6__seed_42,softmax,softmax,32,64,0.6,1,42,1,20,7,5,128,0.15,0.001,52217,9000,10000,62730,0.9906666874885559,0.03251144662499428,0.9916999936103821,0.02379477024078369,64.116,success,,2026-08-14T20:19:32+00:00
limite_128_criblage_mnist_cascade_top_n_v1,sha256:73cc165a64ac7f7fde9f7e1cb0dc1402819adb376114074d28db8fbb5319cd31,activation_softmax__f1_32__f2_64__dropout_0p8__seed_42,softmax,softmax,32,64,0.8,1,42,1,20,7,5,128,0.15,0.001,52217,9000,10000,62730,0.9885555505752563,0.03782835230231285,0.9901999831199646,0.03042132593691349,64.719,success,,2026-08-14T20:22:00+00:00
limite_128_criblage_mnist_cascade_top_n_v1,sha256:73cc165a64ac7f7fde9f7e1cb0dc1402819adb376114074d28db8fbb5319cd31,activation_softmax__f1_32__f2_128__dropout_0__seed_42,softmax,softmax,32,128,0.0,1,42,1,20,4,2,128,0.15,0.001,52217,9000,10000,124490,0.9879999756813049,0.04245201125741005,0.9894000291824341,0.03521440550684929,47.906,success,,2026-08-14T20:23:33+00:00
limite_128_criblage_mnist_cascade_top_n_v1,sha256:73cc165a64ac7f7fde9f7e1cb0dc1402819adb376114074d28db8fbb5319cd31,activation_softmax__f1_32__f2_128__dropout_0p2__seed_42,softmax,softmax,32,128,0.2,1,42,1,20,6,4,128,0.15,0.001,52217,9000,10000,124490,0.9916666746139526,0.034379906952381134,0.9909999966621399,0.02660641446709633,72.006,success,,2026-08-14T20:25:51+00:00
limite_128_criblage_mnist_cascade_top_n_v1,sha256:73cc165a64ac7f7fde9f7e1cb0dc1402819adb376114074d28db8fbb5319cd31,activation_softmax__f1_32__f2_128__dropout_0p4__seed_42,softmax,softmax,32,128,0.4,1,42,1,20,4,2,128,0.15,0.001,52217,9000,10000,124490,0.9882222414016724,0.04099474847316742,0.9890000224113464,0.03531642630696297,49.196,success,,2026-08-14T20:27:47+00:00
limite_128_criblage_mnist_cascade_top_n_v1,sha256:73cc165a64ac7f7fde9f7e1cb0dc1402819adb376114074d28db8fbb5319cd31,activation_softmax__f1_32__f2_128__dropout_0p6__seed_42,softmax,softmax,32,128,0.6,1,42,1,20,11,9,128,0.15,0.001,52217,9000,10000,124490,0.992111086845398,0.02952188067138195,0.993399977684021,0.02267114818096161,131.357,success,,2026-08-14T20:31:05+00:00
limite_128_criblage_mnist_cascade_top_n_v1,sha256:73cc165a64ac7f7fde9f7e1cb0dc1402819adb376114074d28db8fbb5319cd31,activation_softmax__f1_32__f2_128__dropout_0p8__seed_42,softmax,softmax,32,128,0.8,1,42,1,20,12,10,128,0.15,0.001,52217,9000,10000,124490,0.9911110997200012,0.030093476176261902,0.9929999709129333,0.02237764373421669,142.067,success,,2026-08-14T20:34:44+00:00
limite_128_criblage_mnist_cascade_top_n_v1,sha256:73cc165a64ac7f7fde9f7e1cb0dc1402819adb376114074d28db8fbb5319cd31,activation_softmax__f1_64__f2_8__dropout_0__seed_42,softmax,softmax,64,8,0.0,1,42,1,20,7,5,128,0.15,0.001,52217,9000,10000,16050,0.9845555424690247,0.049956828355789185,0.9865999817848206,0.043417129665613174,81.972,success,,2026-08-14T20:37:08+00:00
limite_128_criblage_mnist_cascade_top_n_v1,sha256:73cc165a64ac7f7fde9f7e1cb0dc1402819adb376114074d28db8fbb5319cd31,activation_softmax__f1_64__f2_8__dropout_0p2__seed_42,softmax,softmax,64,8,0.2,1,42,1,20,9,7,128,0.15,0.001,52217,9000,10000,16050,0.9886666536331177,0.03919881582260132,0.9883999824523926,0.03407779335975647,104.31,success,,2026-08-14T20:39:55+00:00
limite_128_criblage_mnist_cascade_top_n_v1,sha256:73cc165a64ac7f7fde9f7e1cb0dc1402819adb376114074d28db8fbb5319cd31,activation_softmax__f1_64__f2_8__dropout_0p4__seed_42,softmax,softmax,64,8,0.4,1,42,1,20,15,13,128,0.15,0.001,52217,9000,10000,16050,0.988777756690979,0.03541569411754608,0.9884999990463257,0.03306809440255165,174.964,success,,2026-08-14T20:44:22+00:00
limite_128_criblage_mnist_cascade_top_n_v1,sha256:73cc165a64ac7f7fde9f7e1cb0dc1402819adb376114074d28db8fbb5319cd31,activation_softmax__f1_64__f2_8__dropout_0p6__seed_42,softmax,softmax,64,8,0.6,1,42,1,20,11,9,128,0.15,0.001,52217,9000,10000,16050,0.9854444265365601,0.0495920404791832,0.9850000143051147,0.04731309786438942,135.03,success,,2026-08-14T20:48:48+00:00
limite_128_criblage_mnist_cascade_top_n_v1,sha256:73cc165a64ac7f7fde9f7e1cb0dc1402819adb376114074d28db8fbb5319cd31,activation_softmax__f1_64__f2_8__dropout_0p8__seed_42,softmax,softmax,64,8,0.8,1,42,1,20,17,15,128,0.15,0.001,52217,9000,10000,16050,0.9822221994400024,0.062218159437179565,0.9821000099182129,0.05840437486767769,195.092,success,,2026-08-14T20:53:35+00:00
limite_128_criblage_mnist_cascade_top_n_v1,sha256:73cc165a64ac7f7fde9f7e1cb0dc1402819adb376114074d28db8fbb5319cd31,activation_softmax__f1_64__f2_16__dropout_0__seed_42,softmax,softmax,64,16,0.0,1,42,1,20,8,6,128,0.15,0.001,52217,9000,10000,30170,0.9867777824401855,0.047829605638980865,0.9872999787330627,0.040888458490371704,95.781,success,,2026-08-14T20:56:06+00:00
limite_128_criblage_mnist_cascade_top_n_v1,sha256:73cc165a64ac7f7fde9f7e1cb0dc1402819adb376114074d28db8fbb5319cd31,activation_softmax__f1_64__f2_16__dropout_0p2__seed_42,softmax,softmax,64,16,0.2,1,42,1,20,10,8,128,0.15,0.001,52217,9000,10000,30170,0.9882222414016724,0.03808340057730675,0.9904000163078308,0.031926948577165604,120.228,success,,2026-08-14T20:59:22+00:00
limite_128_criblage_mnist_cascade_top_n_v1,sha256:73cc165a64ac7f7fde9f7e1cb0dc1402819adb376114074d28db8fbb5319cd31,activation_softmax__f1_64__f2_16__dropout_0p4__seed_42,softmax,softmax,64,16,0.4,1,42,1,20,13,11,128,0.15,0.001,52217,9000,10000,30170,0.991777777671814,0.030606452375650406,0.9922999739646912,0.024175871163606644,156.482,success,,2026-08-14T21:03:45+00:00
limite_128_criblage_mnist_cascade_top_n_v1,sha256:73cc165a64ac7f7fde9f7e1cb0dc1402819adb376114074d28db8fbb5319cd31,activation_softmax__f1_64__f2_16__dropout_0p6__seed_42,softmax,softmax,64,16,0.6,1,42,1,20,7,5,128,0.15,0.001,52217,9000,10000,30170,0.9875555634498596,0.04297025501728058,0.9887999892234802,0.03357969969511032,85.454,success,,2026-08-14T21:06:25+00:00
limite_128_criblage_mnist_cascade_top_n_v1,sha256:73cc165a64ac7f7fde9f7e1cb0dc1402819adb376114074d28db8fbb5319cd31,activation_softmax__f1_64__f2_16__dropout_0p8__seed_42,softmax,softmax,64,16,0.8,1,42,1,20,20,19,128,0.15,0.001,52217,9000,10000,30170,0.9872221946716309,0.04255324602127075,0.9886000156402588,0.036302004009485245,239.094,success,,2026-08-14T21:12:40+00:00
limite_128_criblage_mnist_cascade_top_n_v1,sha256:73cc165a64ac7f7fde9f7e1cb0dc1402819adb376114074d28db8fbb5319cd31,activation_softmax__f1_64__f2_32__dropout_0__seed_42,softmax,softmax,64,32,0.0,1,42,1,20,7,5,128,0.15,0.001,52217,9000,10000,58410,0.9892222285270691,0.04166107624769211,0.989799976348877,0.031026599928736687,91.53,success,,2026-08-14T21:15:11+00:00
limite_128_criblage_mnist_cascade_top_n_v1,sha256:73cc165a64ac7f7fde9f7e1cb0dc1402819adb376114074d28db8fbb5319cd31,activation_softmax__f1_64__f2_32__dropout_0p2__seed_42,softmax,softmax,64,32,0.2,1,42,1,20,6,4,128,0.15,0.001,52217,9000,10000,58410,0.988444447517395,0.039248112589120865,0.9912999868392944,0.02922484651207924,79.689,success,,2026-08-14T21:18:15+00:00
limite_128_criblage_mnist_cascade_top_n_v1,sha256:73cc165a64ac7f7fde9f7e1cb0dc1402819adb376114074d28db8fbb5319cd31,activation_softmax__f1_64__f2_32__dropout_0p4__seed_42,softmax,softmax,64,32,0.4,1,42,1,20,7,5,128,0.15,0.001,52217,9000,10000,58410,0.9903333187103271,0.03311268612742424,0.9922000169754028,0.025919198989868164,91.82,success,,2026-08-14T21:21:31+00:00
limite_128_criblage_mnist_cascade_top_n_v1,sha256:73cc165a64ac7f7fde9f7e1cb0dc1402819adb376114074d28db8fbb5319cd31,activation_softmax__f1_64__f2_32__dropout_0p6__seed_42,softmax,softmax,64,32,0.6,1,42,1,20,13,11,128,0.15,0.001,52217,9000,10000,58410,0.9918888807296753,0.028630265966057777,0.9925000071525574,0.02430289424955845,169.848,success,,2026-08-14T21:26:18+00:00
limite_128_criblage_mnist_cascade_top_n_v1,sha256:73cc165a64ac7f7fde9f7e1cb0dc1402819adb376114074d28db8fbb5319cd31,activation_softmax__f1_64__f2_32__dropout_0p8__seed_42,softmax,softmax,64,32,0.8,1,42,1,20,20,18,128,0.15,0.001,52217,9000,10000,58410,0.9905555844306946,0.030696500092744827,0.991599977016449,0.02414761669933796,257.61,success,,2026-08-14T21:31:46+00:00
limite_128_criblage_mnist_cascade_top_n_v1,sha256:73cc165a64ac7f7fde9f7e1cb0dc1402819adb376114074d28db8fbb5319cd31,activation_softmax__f1_64__f2_64__dropout_0__seed_42,softmax,softmax,64,64,0.0,1,42,1,20,5,3,128,0.15,0.001,52217,9000,10000,114890,0.9895555377006531,0.039622120559215546,0.9901000261306763,0.03312835469841957,79.022,success,,2026-08-14T21:34:03+00:00
limite_128_criblage_mnist_cascade_top_n_v1,sha256:73cc165a64ac7f7fde9f7e1cb0dc1402819adb376114074d28db8fbb5319cd31,activation_softmax__f1_64__f2_64__dropout_0p2__seed_42,softmax,softmax,64,64,0.2,1,42,1,20,6,4,128,0.15,0.001,52217,9000,10000,114890,0.9903333187103271,0.03528084605932236,0.9909999966621399,0.0283172857016325,95.755,success,,2026-08-14T21:36:38+00:00
limite_128_criblage_mnist_cascade_top_n_v1,sha256:73cc165a64ac7f7fde9f7e1cb0dc1402819adb376114074d28db8fbb5319cd31,activation_softmax__f1_64__f2_64__dropout_0p4__seed_42,softmax,softmax,64,64,0.4,1,42,1,20,5,3,128,0.15,0.001,52217,9000,10000,114890,0.9888888597488403,0.03687727451324463,0.9886999726295471,0.03340640291571617,81.053,success,,2026-08-14T21:40:21+00:00
limite_128_criblage_mnist_cascade_top_n_v1,sha256:73cc165a64ac7f7fde9f7e1cb0dc1402819adb376114074d28db8fbb5319cd31,activation_softmax__f1_64__f2_64__dropout_0p6__seed_42,softmax,softmax,64,64,0.6,1,42,1,20,8,6,128,0.15,0.001,52217,9000,10000,114890,0.9902222156524658,0.032585687935352325,0.9927999973297119,0.02376028709113598,135.566,success,,2026-08-14T21:45:40+00:00
limite_128_criblage_mnist_cascade_top_n_v1,sha256:73cc165a64ac7f7fde9f7e1cb0dc1402819adb376114074d28db8fbb5319cd31,activation_softmax__f1_64__f2_64__dropout_0p8__seed_42,softmax,softmax,64,64,0.8,1,42,1,20,9,7,128,0.15,0.001,52217,9000,10000,114890,0.9902222156524658,0.035227347165346146,0.9911999702453613,0.028110308572649956,143.909,success,,2026-08-14T21:52:05+00:00
limite_128_criblage_mnist_cascade_top_n_v1,sha256:73cc165a64ac7f7fde9f7e1cb0dc1402819adb376114074d28db8fbb5319cd31,activation_softmax__f1_64__f2_128__dropout_0__seed_42,softmax,softmax,64,128,0.0,1,42,1,20,8,6,128,0.15,0.001,52217,9000,10000,227850,0.9895555377006531,0.03917423263192177,0.9896000027656555,0.03448280319571495,161.377,success,,2026-08-14T21:56:21+00:00
limite_128_criblage_mnist_cascade_top_n_v1,sha256:73cc165a64ac7f7fde9f7e1cb0dc1402819adb376114074d28db8fbb5319cd31,activation_softmax__f1_64__f2_128__dropout_0p2__seed_42,softmax,softmax,64,128,0.2,1,42,1,20,6,4,128,0.15,0.001,52217,9000,10000,227850,0.9898889064788818,0.03606574609875679,0.9904999732971191,0.03363305702805519,123.121,success,,2026-08-14T21:59:41+00:00
limite_128_criblage_mnist_cascade_top_n_v1,sha256:73cc165a64ac7f7fde9f7e1cb0dc1402819adb376114074d28db8fbb5319cd31,activation_softmax__f1_64__f2_128__dropout_0p4__seed_42,softmax,softmax,64,128,0.4,1,42,1,20,7,5,128,0.15,0.001,52217,9000,10000,227850,0.9906666874885559,0.034760650247335434,0.9914000034332275,0.026259832084178925,145.205,success,,2026-08-14T22:04:17+00:00
limite_128_criblage_mnist_cascade_top_n_v1,sha256:73cc165a64ac7f7fde9f7e1cb0dc1402819adb376114074d28db8fbb5319cd31,activation_softmax__f1_64__f2_128__dropout_0p6__seed_42,softmax,softmax,64,128,0.6,1,42,1,20,8,6,128,0.15,0.001,52217,9000,10000,227850,0.9918888807296753,0.03146231919527054,0.9929999709129333,0.023696942254900932,163.737,success,,2026-08-14T22:10:07+00:00
limite_128_criblage_mnist_cascade_top_n_v1,sha256:73cc165a64ac7f7fde9f7e1cb0dc1402819adb376114074d28db8fbb5319cd31,activation_softmax__f1_64__f2_128__dropout_0p8__seed_42,softmax,softmax,64,128,0.8,1,42,1,20,10,8,128,0.15,0.001,52217,9000,10000,227850,0.9913333058357239,0.030506419017910957,0.991599977016449,0.024924982339143753,204.892,success,,2026-08-14T22:15:25+00:00
limite_128_criblage_mnist_cascade_top_n_v1,sha256:73cc165a64ac7f7fde9f7e1cb0dc1402819adb376114074d28db8fbb5319cd31,activation_softmax__f1_128__f2_8__dropout_0__seed_42,softmax,softmax,128,8,0.0,1,42,1,20,8,6,128,0.15,0.001,52217,9000,10000,30770,0.9851111173629761,0.04886433109641075,0.9876999855041504,0.03775692358613014,181.668,success,,2026-08-14T22:20:48+00:00
limite_128_criblage_mnist_cascade_top_n_v1,sha256:73cc165a64ac7f7fde9f7e1cb0dc1402819adb376114074d28db8fbb5319cd31,activation_softmax__f1_128__f2_8__dropout_0p2__seed_42,softmax,softmax,128,8,0.2,1,42,1,20,11,9,128,0.15,0.001,52217,9000,10000,30770,0.9890000224113464,0.036272887140512466,0.9900000095367432,0.029552822932600975,248.396,success,,2026-08-14T22:28:35+00:00
limite_128_criblage_mnist_cascade_top_n_v1,sha256:73cc165a64ac7f7fde9f7e1cb0dc1402819adb376114074d28db8fbb5319cd31,activation_softmax__f1_128__f2_8__dropout_0p4__seed_42,softmax,softmax,128,8,0.4,1,42,1,20,12,10,128,0.15,0.001,52217,9000,10000,30770,0.988444447517395,0.03521975874900818,0.9891999959945679,0.030718689784407616,271.176,success,,2026-08-14T22:38:05+00:00
limite_128_criblage_mnist_cascade_top_n_v1,sha256:73cc165a64ac7f7fde9f7e1cb0dc1402819adb376114074d28db8fbb5319cd31,activation_softmax__f1_128__f2_8__dropout_0p6__seed_42,softmax,softmax,128,8,0.6,1,42,1,20,6,4,128,0.15,0.001,52217,9000,10000,30770,0.9804444313049316,0.06418181955814362,0.9819999933242798,0.0583651177585125,138.946,success,,2026-08-14T22:44:26+00:00
limite_128_criblage_mnist_cascade_top_n_v1,sha256:73cc165a64ac7f7fde9f7e1cb0dc1402819adb376114074d28db8fbb5319cd31,activation_softmax__f1_128__f2_8__dropout_0p8__seed_42,softmax,softmax,128,8,0.8,1,42,1,20,13,11,128,0.15,0.001,52217,9000,10000,30770,0.981333315372467,0.06429997086524963,0.9815000295639038,0.06236303225159645,292.583,success,,2026-08-14T22:52:46+00:00
limite_128_criblage_mnist_cascade_top_n_v1,sha256:73cc165a64ac7f7fde9f7e1cb0dc1402819adb376114074d28db8fbb5319cd31,activation_softmax__f1_128__f2_16__dropout_0__seed_42,softmax,softmax,128,16,0.0,1,42,1,20,6,4,128,0.15,0.001,52217,9000,10000,57690,0.9854444265365601,0.04476205259561539,0.9872999787330627,0.0416976697742939,138.452,success,,2026-08-14T22:57:06+00:00
limite_128_criblage_mnist_cascade_top_n_v1,sha256:73cc165a64ac7f7fde9f7e1cb0dc1402819adb376114074d28db8fbb5319cd31,activation_softmax__f1_128__f2_16__dropout_0p2__seed_42,softmax,softmax,128,16,0.2,1,42,1,20,7,5,128,0.15,0.001,52217,9000,10000,57690,0.988111138343811,0.040592651814222336,0.9901000261306763,0.031087694689631462,161.792,success,,2026-08-14T23:02:30+00:00
limite_128_criblage_mnist_cascade_top_n_v1,sha256:73cc165a64ac7f7fde9f7e1cb0dc1402819adb376114074d28db8fbb5319cd31,activation_softmax__f1_128__f2_16__dropout_0p4__seed_42,softmax,softmax,128,16,0.4,1,42,1,20,11,9,128,0.15,0.001,52217,9000,10000,57690,0.9897778034210205,0.032101526856422424,0.9912999868392944,0.02525370381772518,251.505,success,,2026-08-14T23:08:25+00:00
limite_128_criblage_mnist_cascade_top_n_v1,sha256:73cc165a64ac7f7fde9f7e1cb0dc1402819adb376114074d28db8fbb5319cd31,activation_softmax__f1_128__f2_16__dropout_0p6__seed_42,softmax,softmax,128,16,0.6,1,42,1,20,16,14,128,0.15,0.001,52217,9000,10000,57690,0.9892222285270691,0.03367038443684578,0.9908999800682068,0.026644818484783173,372.926,success,,2026-08-14T23:17:59+00:00
limite_128_criblage_mnist_cascade_top_n_v1,sha256:73cc165a64ac7f7fde9f7e1cb0dc1402819adb376114074d28db8fbb5319cd31,activation_softmax__f1_128__f2_16__dropout_0p8__seed_42,softmax,softmax,128,16,0.8,1,42,1,20,5,3,128,0.15,0.001,52217,9000,10000,57690,0.9801111221313477,0.07126408815383911,0.9807000160217285,0.06481651961803436,116.928,success,,2026-08-14T23:21:59+00:00
limite_128_criblage_mnist_cascade_top_n_v1,sha256:73cc165a64ac7f7fde9f7e1cb0dc1402819adb376114074d28db8fbb5319cd31,activation_softmax__f1_128__f2_32__dropout_0__seed_42,softmax,softmax,128,32,0.0,1,42,1,20,4,2,128,0.15,0.001,52217,9000,10000,111530,0.9867777824401855,0.045487213879823685,0.9869999885559082,0.03933023661375046,101.651,success,,2026-08-14T23:25:33+00:00
limite_128_criblage_mnist_cascade_top_n_v1,sha256:73cc165a64ac7f7fde9f7e1cb0dc1402819adb376114074d28db8fbb5319cd31,activation_softmax__f1_128__f2_32__dropout_0p2__seed_42,softmax,softmax,128,32,0.2,1,42,1,20,8,6,128,0.15,0.001,52217,9000,10000,111530,0.9909999966621399,0.0337936170399189,0.9926000237464905,0.024891862645745277,200.136,success,,2026-08-14T23:31:28+00:00
limite_128_criblage_mnist_cascade_top_n_v1,sha256:73cc165a64ac7f7fde9f7e1cb0dc1402819adb376114074d28db8fbb5319cd31,activation_softmax__f1_128__f2_32__dropout_0p4__seed_42,softmax,softmax,128,32,0.4,1,42,1,20,15,13,128,0.15,0.001,52217,9000,10000,111530,0.9912222027778625,0.02875385619699955,0.9926999807357788,0.025943536311388016,370.333,success,,2026-08-14T23:40:35+00:00
limite_128_criblage_mnist_cascade_top_n_v1,sha256:73cc165a64ac7f7fde9f7e1cb0dc1402819adb376114074d28db8fbb5319cd31,activation_softmax__f1_128__f2_32__dropout_0p6__seed_42,softmax,softmax,128,32,0.6,1,42,1,20,8,6,128,0.15,0.001,52217,9000,10000,111530,0.9906666874885559,0.03084920533001423,0.9912999868392944,0.02598424442112446,200.334,success,,2026-08-14T23:46:11+00:00
limite_128_criblage_mnist_cascade_top_n_v1,sha256:73cc165a64ac7f7fde9f7e1cb0dc1402819adb376114074d28db8fbb5319cd31,activation_softmax__f1_128__f2_32__dropout_0p8__seed_42,softmax,softmax,128,32,0.8,1,42,1,20,7,5,128,0.15,0.001,52217,9000,10000,111530,0.9860000014305115,0.04768071323633194,0.9876999855041504,0.039309062063694,174.722,success,,2026-08-14T23:55:03+00:00
limite_128_criblage_mnist_cascade_top_n_v1,sha256:73cc165a64ac7f7fde9f7e1cb0dc1402819adb376114074d28db8fbb5319cd31,activation_softmax__f1_128__f2_64__dropout_0__seed_42,softmax,softmax,128,64,0.0,1,42,1,20,5,3,128,0.15,0.001,52217,9000,10000,219210,0.9869999885559082,0.0473429299890995,0.9886999726295471,0.03378143906593323,146.266,success,,2026-08-14T23:59:42+00:00
limite_128_criblage_mnist_cascade_top_n_v1,sha256:73cc165a64ac7f7fde9f7e1cb0dc1402819adb376114074d28db8fbb5319cd31,activation_softmax__f1_128__f2_64__dropout_0p2__seed_42,softmax,softmax,128,64,0.2,1,42,1,20,5,3,128,0.15,0.001,52217,9000,10000,219210,0.9883333444595337,0.039266373962163925,0.9904000163078308,0.030124224722385406,146.977,success,,2026-08-15T00:03:56+00:00
limite_128_criblage_mnist_cascade_top_n_v1,sha256:73cc165a64ac7f7fde9f7e1cb0dc1402819adb376114074d28db8fbb5319cd31,activation_softmax__f1_128__f2_64__dropout_0p4__seed_42,softmax,softmax,128,64,0.4,1,42,1,20,6,4,128,0.15,0.001,52217,9000,10000,219210,0.9904444217681885,0.0333252027630806,0.9915000200271606,0.025339927524328232,176.565,success,,2026-08-15T00:10:24+00:00
limite_128_criblage_mnist_cascade_top_n_v1,sha256:73cc165a64ac7f7fde9f7e1cb0dc1402819adb376114074d28db8fbb5319cd31,activation_softmax__f1_128__f2_64__dropout_0p6__seed_42,softmax,softmax,128,64,0.6,1,42,1,20,12,10,128,0.15,0.001,52217,9000,10000,219210,0.99144446849823,0.029461799189448357,0.9927999973297119,0.020765218883752823,351.187,success,,2026-08-15T00:19:21+00:00
limite_128_criblage_mnist_cascade_top_n_v1,sha256:73cc165a64ac7f7fde9f7e1cb0dc1402819adb376114074d28db8fbb5319cd31,activation_softmax__f1_128__f2_64__dropout_0p8__seed_42,softmax,softmax,128,64,0.8,1,42,1,20,12,10,128,0.15,0.001,52217,9000,10000,219210,0.9903333187103271,0.031646694988012314,0.9916999936103821,0.023503540083765984,350.015,success,,2026-08-15T00:27:25+00:00
limite_128_criblage_mnist_cascade_top_n_v1,sha256:73cc165a64ac7f7fde9f7e1cb0dc1402819adb376114074d28db8fbb5319cd31,activation_softmax__f1_128__f2_128__dropout_0__seed_42,softmax,softmax,128,128,0.0,1,42,1,20,6,4,128,0.15,0.001,52217,9000,10000,434570,0.9901111125946045,0.038048744201660156,0.9907000064849854,0.030256325379014015,232.928,success,,2026-08-15T00:36:04+00:00
limite_128_criblage_mnist_cascade_top_n_v1,sha256:73cc165a64ac7f7fde9f7e1cb0dc1402819adb376114074d28db8fbb5319cd31,activation_softmax__f1_128__f2_128__dropout_0p2__seed_42,softmax,softmax,128,128,0.2,1,42,1,20,6,4,128,0.15,0.001,52217,9000,10000,434570,0.9913333058357239,0.03303922712802887,0.9909999966621399,0.03000294230878353,234.872,success,,2026-08-15T00:43:00+00:00
limite_128_criblage_mnist_cascade_top_n_v1,sha256:73cc165a64ac7f7fde9f7e1cb0dc1402819adb376114074d28db8fbb5319cd31,activation_softmax__f1_128__f2_128__dropout_0p4__seed_42,softmax,softmax,128,128,0.4,1,42,1,20,6,4,128,0.15,0.001,52217,9000,10000,434570,0.9901111125946045,0.03420490771532059,0.9919000267982483,0.026334451511502266,235.244,success,,2026-08-15T00:49:22+00:00
limite_128_criblage_mnist_cascade_top_n_v1,sha256:73cc165a64ac7f7fde9f7e1cb0dc1402819adb376114074d28db8fbb5319cd31,activation_softmax__f1_128__f2_128__dropout_0p6__seed_42,softmax,softmax,128,128,0.6,1,42,1,20,5,3,128,0.15,0.001,52217,9000,10000,434570,0.9895555377006531,0.036809612065553665,0.9912999868392944,0.029384532943367958,195.801,success,,2026-08-15T00:57:30+00:00
limite_128_criblage_mnist_cascade_top_n_v1,sha256:73cc165a64ac7f7fde9f7e1cb0dc1402819adb376114074d28db8fbb5319cd31,activation_softmax__f1_128__f2_128__dropout_0p8__seed_42,softmax,softmax,128,128,0.8,1,42,1,20,7,5,128,0.15,0.001,52217,9000,10000,434570,0.9904444217681885,0.03317813202738762,0.9905999898910522,0.026911376044154167,272.741,success,,2026-08-15T01:04:28+00:00
