experiment_name,protocol_id,run_id,conv_activation,output_activation,filter_1,filter_2,dropout,repetition,seed,repetitions_requested,epochs_requested,epochs_completed,best_epoch,batch_size,validation_split,learning_rate,train_samples,validation_samples,test_samples,model_parameters,best_val_accuracy,best_val_loss,test_accuracy,test_loss,duration_seconds,status,error_message,completed_at_utc
limite_128_criblage,sha256:521523737c9f1da4288d04f12329d836e6b69841371b54dfc1bb5173a6691b36,f1_4__f2_8__dropout_0__seed_42,relu,softmax,4,8,0.0,1,42,1,20,14,12,128,0.15,0.001,51000,9000,10000,2250,0.975777804851532,0.08221795409917831,0.9768999814987183,0.07709883153438568,33.721,success,,2026-08-10T15:45:18+00:00
limite_128_criblage,sha256:521523737c9f1da4288d04f12329d836e6b69841371b54dfc1bb5173a6691b36,f1_4__f2_8__dropout_0p2__seed_42,relu,softmax,4,8,0.2,1,42,1,20,20,18,128,0.15,0.001,51000,9000,10000,2250,0.984333336353302,0.05308908969163895,0.9847000241279602,0.04647969827055931,46.55,success,,2026-08-10T15:46:56+00:00
limite_128_criblage,sha256:521523737c9f1da4288d04f12329d836e6b69841371b54dfc1bb5173a6691b36,f1_4__f2_8__dropout_0p4__seed_42,relu,softmax,4,8,0.4,1,42,1,20,12,10,128,0.15,0.001,51000,9000,10000,2250,0.9817777872085571,0.06268707662820816,0.9822999835014343,0.0589095838367939,31.474,success,,2026-08-10T15:48:23+00:00
limite_128_criblage,sha256:521523737c9f1da4288d04f12329d836e6b69841371b54dfc1bb5173a6691b36,f1_4__f2_8__dropout_0p6__seed_42,relu,softmax,4,8,0.6,1,42,1,20,20,20,128,0.15,0.001,51000,9000,10000,2250,0.9789999723434448,0.06944181770086288,0.9800999760627747,0.06159644201397896,50.14,success,,2026-08-10T15:50:01+00:00
limite_128_criblage,sha256:521523737c9f1da4288d04f12329d836e6b69841371b54dfc1bb5173a6691b36,f1_4__f2_8__dropout_0p8__seed_42,relu,softmax,4,8,0.8,1,42,1,20,12,10,128,0.15,0.001,51000,9000,10000,2250,0.9643333554267883,0.12578633427619934,0.9628000259399414,0.1277700662612915,29.914,success,,2026-08-10T15:51:19+00:00
limite_128_criblage,sha256:521523737c9f1da4288d04f12329d836e6b69841371b54dfc1bb5173a6691b36,f1_4__f2_16__dropout_0__seed_42,relu,softmax,4,16,0.0,1,42,1,20,8,6,128,0.15,0.001,51000,9000,10000,4370,0.9810000061988831,0.06328096240758896,0.9794999957084656,0.05990111082792282,21.833,success,,2026-08-10T15:52:39+00:00
limite_128_criblage,sha256:521523737c9f1da4288d04f12329d836e6b69841371b54dfc1bb5173a6691b36,f1_4__f2_16__dropout_0p2__seed_42,relu,softmax,4,16,0.2,1,42,1,20,12,10,128,0.15,0.001,51000,9000,10000,4370,0.9869999885559082,0.04352954775094986,0.986299991607666,0.044270455837249756,33.532,success,,2026-08-10T15:53:44+00:00
limite_128_criblage,sha256:521523737c9f1da4288d04f12329d836e6b69841371b54dfc1bb5173a6691b36,f1_4__f2_16__dropout_0p4__seed_42,relu,softmax,4,16,0.4,1,42,1,20,18,16,128,0.15,0.001,51000,9000,10000,4370,0.9878888726234436,0.041598834097385406,0.9879000186920166,0.03829341381788254,48.422,success,,2026-08-10T15:55:28+00:00
limite_128_criblage,sha256:521523737c9f1da4288d04f12329d836e6b69841371b54dfc1bb5173a6691b36,f1_4__f2_16__dropout_0p6__seed_42,relu,softmax,4,16,0.6,1,42,1,20,20,20,128,0.15,0.001,51000,9000,10000,4370,0.9875555634498596,0.041583988815546036,0.9868999719619751,0.039405740797519684,53.941,success,,2026-08-10T15:57:08+00:00
limite_128_criblage,sha256:521523737c9f1da4288d04f12329d836e6b69841371b54dfc1bb5173a6691b36,f1_4__f2_16__dropout_0p8__seed_42,relu,softmax,4,16,0.8,1,42,1,20,20,20,128,0.15,0.001,51000,9000,10000,4370,0.9806666374206543,0.06290915608406067,0.9807999730110168,0.061365559697151184,54.565,success,,2026-08-10T15:58:50+00:00
limite_128_criblage,sha256:521523737c9f1da4288d04f12329d836e6b69841371b54dfc1bb5173a6691b36,f1_4__f2_32__dropout_0__seed_42,relu,softmax,4,32,0.0,1,42,1,20,9,7,128,0.15,0.001,51000,9000,10000,8610,0.9847777485847473,0.056148774921894073,0.9853000044822693,0.04677165672183037,27.206,success,,2026-08-10T16:00:05+00:00
limite_128_criblage,sha256:521523737c9f1da4288d04f12329d836e6b69841371b54dfc1bb5173a6691b36,f1_4__f2_32__dropout_0p2__seed_42,relu,softmax,4,32,0.2,1,42,1,20,11,9,128,0.15,0.001,51000,9000,10000,8610,0.9882222414016724,0.044571906328201294,0.9890000224113464,0.032956838607788086,33.574,success,,2026-08-10T16:01:04+00:00
limite_128_criblage,sha256:521523737c9f1da4288d04f12329d836e6b69841371b54dfc1bb5173a6691b36,f1_4__f2_32__dropout_0p4__seed_42,relu,softmax,4,32,0.4,1,42,1,20,14,12,128,0.15,0.001,51000,9000,10000,8610,0.9896666407585144,0.038432277739048004,0.9904999732971191,0.029896141961216927,42.717,success,,2026-08-10T16:02:29+00:00
limite_128_criblage,sha256:521523737c9f1da4288d04f12329d836e6b69841371b54dfc1bb5173a6691b36,f1_4__f2_32__dropout_0p6__seed_42,relu,softmax,4,32,0.6,1,42,1,20,17,15,128,0.15,0.001,51000,9000,10000,8610,0.9890000224113464,0.03803791105747223,0.9900000095367432,0.031541287899017334,51.909,success,,2026-08-10T16:04:12+00:00
limite_128_criblage,sha256:521523737c9f1da4288d04f12329d836e6b69841371b54dfc1bb5173a6691b36,f1_4__f2_32__dropout_0p8__seed_42,relu,softmax,4,32,0.8,1,42,1,20,20,20,128,0.15,0.001,51000,9000,10000,8610,0.9875555634498596,0.0445135124027729,0.9872999787330627,0.041652288287878036,60.849,success,,2026-08-10T16:06:10+00:00
limite_128_criblage,sha256:521523737c9f1da4288d04f12329d836e6b69841371b54dfc1bb5173a6691b36,f1_4__f2_64__dropout_0__seed_42,relu,softmax,4,64,0.0,1,42,1,20,7,5,128,0.15,0.001,51000,9000,10000,17090,0.9856666922569275,0.054130200296640396,0.9843000173568726,0.047067124396562576,25.14,success,,2026-08-10T16:07:46+00:00
limite_128_criblage,sha256:521523737c9f1da4288d04f12329d836e6b69841371b54dfc1bb5173a6691b36,f1_4__f2_64__dropout_0p2__seed_42,relu,softmax,4,64,0.2,1,42,1,20,11,9,128,0.15,0.001,51000,9000,10000,17090,0.9878888726234436,0.04799332469701767,0.9865999817848206,0.04526318237185478,39.082,success,,2026-08-10T16:08:50+00:00
limite_128_criblage,sha256:521523737c9f1da4288d04f12329d836e6b69841371b54dfc1bb5173a6691b36,f1_4__f2_64__dropout_0p4__seed_42,relu,softmax,4,64,0.4,1,42,1,20,8,6,128,0.15,0.001,51000,9000,10000,17090,0.9869999885559082,0.04592916741967201,0.9882000088691711,0.039982300251722336,29.39,success,,2026-08-10T16:09:57+00:00
limite_128_criblage,sha256:521523737c9f1da4288d04f12329d836e6b69841371b54dfc1bb5173a6691b36,f1_4__f2_64__dropout_0p6__seed_42,relu,softmax,4,64,0.6,1,42,1,20,9,7,128,0.15,0.001,51000,9000,10000,17090,0.988444447517395,0.042562004178762436,0.9886999726295471,0.03868723288178444,32.814,success,,2026-08-10T16:11:12+00:00
limite_128_criblage,sha256:521523737c9f1da4288d04f12329d836e6b69841371b54dfc1bb5173a6691b36,f1_4__f2_64__dropout_0p8__seed_42,relu,softmax,4,64,0.8,1,42,1,20,20,18,128,0.15,0.001,51000,9000,10000,17090,0.9897778034210205,0.0376785546541214,0.9901000261306763,0.03157287463545799,77.467,success,,2026-08-10T16:13:25+00:00
limite_128_criblage,sha256:521523737c9f1da4288d04f12329d836e6b69841371b54dfc1bb5173a6691b36,f1_4__f2_128__dropout_0__seed_42,relu,softmax,4,128,0.0,1,42,1,20,7,5,128,0.15,0.001,51000,9000,10000,34050,0.9848889112472534,0.05795316398143768,0.9850999712944031,0.04995962604880333,32.914,success,,2026-08-10T16:14:53+00:00
limite_128_criblage,sha256:521523737c9f1da4288d04f12329d836e6b69841371b54dfc1bb5173a6691b36,f1_4__f2_128__dropout_0p2__seed_42,relu,softmax,4,128,0.2,1,42,1,20,6,4,128,0.15,0.001,51000,9000,10000,34050,0.9864444732666016,0.05033932998776436,0.9854999780654907,0.046176448464393616,29.065,success,,2026-08-10T16:15:49+00:00
limite_128_criblage,sha256:521523737c9f1da4288d04f12329d836e6b69841371b54dfc1bb5173a6691b36,f1_4__f2_128__dropout_0p4__seed_42,relu,softmax,4,128,0.4,1,42,1,20,7,5,128,0.15,0.001,51000,9000,10000,34050,0.9865555763244629,0.046934012323617935,0.9871000051498413,0.04601172357797623,34.249,success,,2026-08-10T16:16:51+00:00
limite_128_criblage,sha256:521523737c9f1da4288d04f12329d836e6b69841371b54dfc1bb5173a6691b36,f1_4__f2_128__dropout_0p6__seed_42,relu,softmax,4,128,0.6,1,42,1,20,7,5,128,0.15,0.001,51000,9000,10000,34050,0.9868888854980469,0.04677829146385193,0.9864000082015991,0.045808326452970505,34.035,success,,2026-08-10T16:17:59+00:00
limite_128_criblage,sha256:521523737c9f1da4288d04f12329d836e6b69841371b54dfc1bb5173a6691b36,f1_4__f2_128__dropout_0p8__seed_42,relu,softmax,4,128,0.8,1,42,1,20,20,20,128,0.15,0.001,51000,9000,10000,34050,0.9908888936042786,0.03677428513765335,0.9905999898910522,0.027619536966085434,94.008,success,,2026-08-10T16:20:23+00:00
limite_128_criblage,sha256:521523737c9f1da4288d04f12329d836e6b69841371b54dfc1bb5173a6691b36,f1_8__f2_8__dropout_0__seed_42,relu,softmax,8,8,0.0,1,42,1,20,11,9,128,0.15,0.001,51000,9000,10000,3170,0.9851111173629761,0.054287899285554886,0.9830999970436096,0.04742393642663956,35.519,success,,2026-08-10T16:21:53+00:00
limite_128_criblage,sha256:521523737c9f1da4288d04f12329d836e6b69841371b54dfc1bb5173a6691b36,f1_8__f2_8__dropout_0p2__seed_42,relu,softmax,8,8,0.2,1,42,1,20,9,7,128,0.15,0.001,51000,9000,10000,3170,0.9829999804496765,0.05492600426077843,0.9847000241279602,0.04769198223948479,29.626,success,,2026-08-10T16:23:12+00:00
limite_128_criblage,sha256:521523737c9f1da4288d04f12329d836e6b69841371b54dfc1bb5173a6691b36,f1_8__f2_8__dropout_0p4__seed_42,relu,softmax,8,8,0.4,1,42,1,20,8,6,128,0.15,0.001,51000,9000,10000,3170,0.9835555553436279,0.05490928888320923,0.9850999712944031,0.05010591819882393,27.082,success,,2026-08-10T16:24:40+00:00
limite_128_criblage,sha256:521523737c9f1da4288d04f12329d836e6b69841371b54dfc1bb5173a6691b36,f1_8__f2_8__dropout_0p6__seed_42,relu,softmax,8,8,0.6,1,42,1,20,20,20,128,0.15,0.001,51000,9000,10000,3170,0.9861111044883728,0.04695825278759003,0.9854000210762024,0.0443878136575222,63.93,success,,2026-08-10T16:26:45+00:00
limite_128_criblage,sha256:521523737c9f1da4288d04f12329d836e6b69841371b54dfc1bb5173a6691b36,f1_8__f2_8__dropout_0p8__seed_42,relu,softmax,8,8,0.8,1,42,1,20,19,17,128,0.15,0.001,51000,9000,10000,3170,0.9784444570541382,0.07023349404335022,0.9776999950408936,0.0692048892378807,60.183,success,,2026-08-10T16:28:40+00:00
limite_128_criblage,sha256:521523737c9f1da4288d04f12329d836e6b69841371b54dfc1bb5173a6691b36,f1_8__f2_16__dropout_0__seed_42,relu,softmax,8,16,0.0,1,42,1,20,9,7,128,0.15,0.001,51000,9000,10000,6090,0.9847777485847473,0.05331582576036453,0.9848999977111816,0.04526017606258392,30.812,success,,2026-08-10T16:30:22+00:00
limite_128_criblage,sha256:521523737c9f1da4288d04f12329d836e6b69841371b54dfc1bb5173a6691b36,f1_8__f2_16__dropout_0p2__seed_42,relu,softmax,8,16,0.2,1,42,1,20,10,8,128,0.15,0.001,51000,9000,10000,6090,0.988111138343811,0.041750140488147736,0.9884999990463257,0.0343342088162899,36.347,success,,2026-08-10T16:31:36+00:00
limite_128_criblage,sha256:521523737c9f1da4288d04f12329d836e6b69841371b54dfc1bb5173a6691b36,f1_8__f2_16__dropout_0p4__seed_42,relu,softmax,8,16,0.4,1,42,1,20,11,9,128,0.15,0.001,51000,9000,10000,6090,0.9891111254692078,0.040792033076286316,0.9865999817848206,0.03917635232210159,39.406,success,,2026-08-10T16:32:56+00:00
limite_128_criblage,sha256:521523737c9f1da4288d04f12329d836e6b69841371b54dfc1bb5173a6691b36,f1_8__f2_16__dropout_0p6__seed_42,relu,softmax,8,16,0.6,1,42,1,20,11,9,128,0.15,0.001,51000,9000,10000,6090,0.9867777824401855,0.0481729619204998,0.9860000014305115,0.043775029480457306,39.976,success,,2026-08-10T16:34:36+00:00
limite_128_criblage,sha256:521523737c9f1da4288d04f12329d836e6b69841371b54dfc1bb5173a6691b36,f1_8__f2_16__dropout_0p8__seed_42,relu,softmax,8,16,0.8,1,42,1,20,14,12,128,0.15,0.001,51000,9000,10000,6090,0.9837777614593506,0.05634387582540512,0.9843000173568726,0.048997387290000916,50.243,success,,2026-08-10T16:36:31+00:00
limite_128_criblage,sha256:521523737c9f1da4288d04f12329d836e6b69841371b54dfc1bb5173a6691b36,f1_8__f2_32__dropout_0__seed_42,relu,softmax,8,32,0.0,1,42,1,20,6,4,128,0.15,0.001,51000,9000,10000,11930,0.9862222075462341,0.05057167261838913,0.9876999855041504,0.04002543166279793,23.581,success,,2026-08-10T16:37:58+00:00
limite_128_criblage,sha256:521523737c9f1da4288d04f12329d836e6b69841371b54dfc1bb5173a6691b36,f1_8__f2_32__dropout_0p2__seed_42,relu,softmax,8,32,0.2,1,42,1,20,9,7,128,0.15,0.001,51000,9000,10000,11930,0.9895555377006531,0.04379059374332428,0.989300012588501,0.03634214773774147,34.923,success,,2026-08-10T16:39:00+00:00
limite_128_criblage,sha256:521523737c9f1da4288d04f12329d836e6b69841371b54dfc1bb5173a6691b36,f1_8__f2_32__dropout_0p4__seed_42,relu,softmax,8,32,0.4,1,42,1,20,14,12,128,0.15,0.001,51000,9000,10000,11930,0.9905555844306946,0.034021973609924316,0.9901999831199646,0.028943713754415512,54.827,success,,2026-08-10T16:40:34+00:00
limite_128_criblage,sha256:521523737c9f1da4288d04f12329d836e6b69841371b54dfc1bb5173a6691b36,f1_8__f2_32__dropout_0p6__seed_42,relu,softmax,8,32,0.6,1,42,1,20,10,8,128,0.15,0.001,51000,9000,10000,11930,0.9886666536331177,0.03890928253531456,0.989300012588501,0.03391416370868683,39.176,success,,2026-08-10T16:42:17+00:00
limite_128_criblage,sha256:521523737c9f1da4288d04f12329d836e6b69841371b54dfc1bb5173a6691b36,f1_8__f2_32__dropout_0p8__seed_42,relu,softmax,8,32,0.8,1,42,1,20,20,19,128,0.15,0.001,51000,9000,10000,11930,0.9885555505752563,0.0382675901055336,0.9886999726295471,0.03373115509748459,76.194,success,,2026-08-10T16:45:00+00:00
limite_128_criblage,sha256:521523737c9f1da4288d04f12329d836e6b69841371b54dfc1bb5173a6691b36,f1_8__f2_64__dropout_0__seed_42,relu,softmax,8,64,0.0,1,42,1,20,4,2,128,0.15,0.001,51000,9000,10000,23610,0.9837777614593506,0.05664443224668503,0.9855999946594238,0.0478808656334877,18.921,success,,2026-08-10T16:46:25+00:00
limite_128_criblage,sha256:521523737c9f1da4288d04f12329d836e6b69841371b54dfc1bb5173a6691b36,f1_8__f2_64__dropout_0p2__seed_42,relu,softmax,8,64,0.2,1,42,1,20,8,6,128,0.15,0.001,51000,9000,10000,23610,0.9892222285270691,0.040252212435007095,0.9890999794006348,0.03429073095321655,37.148,success,,2026-08-10T16:47:24+00:00
limite_128_criblage,sha256:521523737c9f1da4288d04f12329d836e6b69841371b54dfc1bb5173a6691b36,f1_8__f2_64__dropout_0p4__seed_42,relu,softmax,8,64,0.4,1,42,1,20,8,6,128,0.15,0.001,51000,9000,10000,23610,0.9898889064788818,0.03881360962986946,0.9900000095367432,0.03055424429476261,36.736,success,,2026-08-10T16:48:42+00:00
limite_128_criblage,sha256:521523737c9f1da4288d04f12329d836e6b69841371b54dfc1bb5173a6691b36,f1_8__f2_64__dropout_0p6__seed_42,relu,softmax,8,64,0.6,1,42,1,20,8,6,128,0.15,0.001,51000,9000,10000,23610,0.9896666407585144,0.037656478583812714,0.989799976348877,0.03126661479473114,37.255,success,,2026-08-10T16:50:12+00:00
limite_128_criblage,sha256:521523737c9f1da4288d04f12329d836e6b69841371b54dfc1bb5173a6691b36,f1_8__f2_64__dropout_0p8__seed_42,relu,softmax,8,64,0.8,1,42,1,20,18,16,128,0.15,0.001,51000,9000,10000,23610,0.9903333187103271,0.03382348269224167,0.9904999732971191,0.027174919843673706,82.258,success,,2026-08-10T16:52:17+00:00
limite_128_criblage,sha256:521523737c9f1da4288d04f12329d836e6b69841371b54dfc1bb5173a6691b36,f1_8__f2_128__dropout_0__seed_42,relu,softmax,8,128,0.0,1,42,1,20,4,2,128,0.15,0.001,51000,9000,10000,46970,0.9844444394111633,0.05372115597128868,0.9861999750137329,0.04669009894132614,22.793,success,,2026-08-10T16:53:41+00:00
limite_128_criblage,sha256:521523737c9f1da4288d04f12329d836e6b69841371b54dfc1bb5173a6691b36,f1_8__f2_128__dropout_0p2__seed_42,relu,softmax,8,128,0.2,1,42,1,20,4,2,128,0.15,0.001,51000,9000,10000,46970,0.9867777824401855,0.05118604004383087,0.9869999885559082,0.040030259639024734,23.532,success,,2026-08-10T16:54:30+00:00
limite_128_criblage,sha256:521523737c9f1da4288d04f12329d836e6b69841371b54dfc1bb5173a6691b36,f1_8__f2_128__dropout_0p4__seed_42,relu,softmax,8,128,0.4,1,42,1,20,6,4,128,0.15,0.001,51000,9000,10000,46970,0.9866666793823242,0.05309796333312988,0.9879000186920166,0.03947103023529053,34.796,success,,2026-08-10T16:55:38+00:00
limite_128_criblage,sha256:521523737c9f1da4288d04f12329d836e6b69841371b54dfc1bb5173a6691b36,f1_8__f2_128__dropout_0p6__seed_42,relu,softmax,8,128,0.6,1,42,1,20,10,8,128,0.15,0.001,51000,9000,10000,46970,0.9893333315849304,0.046538639813661575,0.9884999990463257,0.03778654709458351,55.912,success,,2026-08-10T16:57:19+00:00
limite_128_criblage,sha256:521523737c9f1da4288d04f12329d836e6b69841371b54dfc1bb5173a6691b36,f1_8__f2_128__dropout_0p8__seed_42,relu,softmax,8,128,0.8,1,42,1,20,14,12,128,0.15,0.001,51000,9000,10000,46970,0.9904444217681885,0.041298504918813705,0.9904000163078308,0.029050903394818306,78.208,success,,2026-08-10T16:59:28+00:00
limite_128_criblage,sha256:521523737c9f1da4288d04f12329d836e6b69841371b54dfc1bb5173a6691b36,f1_16__f2_8__dropout_0__seed_42,relu,softmax,16,8,0.0,1,42,1,20,7,5,128,0.15,0.001,51000,9000,10000,5010,0.9845555424690247,0.05531890317797661,0.9840999841690063,0.05142714083194733,29.119,success,,2026-08-10T17:01:01+00:00
limite_128_criblage,sha256:521523737c9f1da4288d04f12329d836e6b69841371b54dfc1bb5173a6691b36,f1_16__f2_8__dropout_0p2__seed_42,relu,softmax,16,8,0.2,1,42,1,20,11,9,128,0.15,0.001,51000,9000,10000,5010,0.9874444603919983,0.04196052625775337,0.9868000149726868,0.03976330906152725,45.656,success,,2026-08-10T17:02:34+00:00
limite_128_criblage,sha256:521523737c9f1da4288d04f12329d836e6b69841371b54dfc1bb5173a6691b36,f1_16__f2_8__dropout_0p4__seed_42,relu,softmax,16,8,0.4,1,42,1,20,11,9,128,0.15,0.001,51000,9000,10000,5010,0.9866666793823242,0.042847756296396255,0.9871000051498413,0.036892689764499664,45.633,success,,2026-08-10T17:04:47+00:00
limite_128_criblage,sha256:521523737c9f1da4288d04f12329d836e6b69841371b54dfc1bb5173a6691b36,f1_16__f2_8__dropout_0p6__seed_42,relu,softmax,16,8,0.6,1,42,1,20,15,13,128,0.15,0.001,51000,9000,10000,5010,0.9869999885559082,0.04392433166503906,0.9861999750137329,0.041740257292985916,61.848,success,,2026-08-10T17:06:46+00:00
limite_128_criblage,sha256:521523737c9f1da4288d04f12329d836e6b69841371b54dfc1bb5173a6691b36,f1_16__f2_8__dropout_0p8__seed_42,relu,softmax,16,8,0.8,1,42,1,20,12,10,128,0.15,0.001,51000,9000,10000,5010,0.9807778000831604,0.06684939563274384,0.9786999821662903,0.06642131507396698,50.232,success,,2026-08-10T17:08:15+00:00
limite_128_criblage,sha256:521523737c9f1da4288d04f12329d836e6b69841371b54dfc1bb5173a6691b36,f1_16__f2_16__dropout_0__seed_42,relu,softmax,16,16,0.0,1,42,1,20,9,7,128,0.15,0.001,51000,9000,10000,9530,0.9856666922569275,0.051294174045324326,0.9855999946594238,0.04595008119940758,39.049,success,,2026-08-10T17:10:18+00:00
limite_128_criblage,sha256:521523737c9f1da4288d04f12329d836e6b69841371b54dfc1bb5173a6691b36,f1_16__f2_16__dropout_0p2__seed_42,relu,softmax,16,16,0.2,1,42,1,20,8,6,128,0.15,0.001,51000,9000,10000,9530,0.9877777695655823,0.040779512375593185,0.9894000291824341,0.03302454948425293,35.148,success,,2026-08-10T17:11:28+00:00
limite_128_criblage,sha256:521523737c9f1da4288d04f12329d836e6b69841371b54dfc1bb5173a6691b36,f1_16__f2_16__dropout_0p4__seed_42,relu,softmax,16,16,0.4,1,42,1,20,14,12,128,0.15,0.001,51000,9000,10000,9530,0.9894444346427917,0.03542281314730644,0.9900000095367432,0.030846597626805305,60.951,success,,2026-08-10T17:13:24+00:00
limite_128_criblage,sha256:521523737c9f1da4288d04f12329d836e6b69841371b54dfc1bb5173a6691b36,f1_16__f2_16__dropout_0p6__seed_42,relu,softmax,16,16,0.6,1,42,1,20,17,15,128,0.15,0.001,51000,9000,10000,9530,0.9896666407585144,0.03648783639073372,0.9904999732971191,0.029998403042554855,73.85,success,,2026-08-10T17:15:57+00:00
limite_128_criblage,sha256:521523737c9f1da4288d04f12329d836e6b69841371b54dfc1bb5173a6691b36,f1_16__f2_16__dropout_0p8__seed_42,relu,softmax,16,16,0.8,1,42,1,20,11,9,128,0.15,0.001,51000,9000,10000,9530,0.9857777953147888,0.047345250844955444,0.9853000044822693,0.045420896261930466,48.645,success,,2026-08-10T17:17:45+00:00
limite_128_criblage,sha256:521523737c9f1da4288d04f12329d836e6b69841371b54dfc1bb5173a6691b36,f1_16__f2_32__dropout_0__seed_42,relu,softmax,16,32,0.0,1,42,1,20,5,3,128,0.15,0.001,51000,9000,10000,18570,0.9867777824401855,0.04397725313901901,0.9865000247955322,0.0422595776617527,25.166,success,,2026-08-10T17:19:15+00:00
limite_128_criblage,sha256:521523737c9f1da4288d04f12329d836e6b69841371b54dfc1bb5173a6691b36,f1_16__f2_32__dropout_0p2__seed_42,relu,softmax,16,32,0.2,1,42,1,20,7,5,128,0.15,0.001,51000,9000,10000,18570,0.9891111254692078,0.038762759417295456,0.9908999800682068,0.029923144727945328,34.356,success,,2026-08-10T17:20:28+00:00
limite_128_criblage,sha256:521523737c9f1da4288d04f12329d836e6b69841371b54dfc1bb5173a6691b36,f1_16__f2_32__dropout_0p4__seed_42,relu,softmax,16,32,0.4,1,42,1,20,12,10,128,0.15,0.001,51000,9000,10000,18570,0.9897778034210205,0.03546077758073807,0.9911999702453613,0.026765795424580574,58.115,success,,2026-08-10T17:21:59+00:00
limite_128_criblage,sha256:521523737c9f1da4288d04f12329d836e6b69841371b54dfc1bb5173a6691b36,f1_16__f2_32__dropout_0p6__seed_42,relu,softmax,16,32,0.6,1,42,1,20,16,14,128,0.15,0.001,51000,9000,10000,18570,0.9915555715560913,0.03159717470407486,0.9909999966621399,0.026553917676210403,76.276,success,,2026-08-10T17:24:20+00:00
limite_128_criblage,sha256:521523737c9f1da4288d04f12329d836e6b69841371b54dfc1bb5173a6691b36,f1_16__f2_32__dropout_0p8__seed_42,relu,softmax,16,32,0.8,1,42,1,20,15,13,128,0.15,0.001,51000,9000,10000,18570,0.988777756690979,0.03765038773417473,0.9891999959945679,0.031136667355895042,71.654,success,,2026-08-10T17:26:47+00:00
limite_128_criblage,sha256:521523737c9f1da4288d04f12329d836e6b69841371b54dfc1bb5173a6691b36,f1_16__f2_64__dropout_0__seed_42,relu,softmax,16,64,0.0,1,42,1,20,6,4,128,0.15,0.001,51000,9000,10000,36650,0.9865555763244629,0.05165591090917587,0.9850999712944031,0.04710933193564415,35.894,success,,2026-08-10T17:28:22+00:00
limite_128_criblage,sha256:521523737c9f1da4288d04f12329d836e6b69841371b54dfc1bb5173a6691b36,f1_16__f2_64__dropout_0p2__seed_42,relu,softmax,16,64,0.2,1,42,1,20,5,3,128,0.15,0.001,51000,9000,10000,36650,0.9864444732666016,0.04880153015255928,0.9876000285148621,0.03943375125527382,31.132,success,,2026-08-10T17:29:27+00:00
limite_128_criblage,sha256:521523737c9f1da4288d04f12329d836e6b69841371b54dfc1bb5173a6691b36,f1_16__f2_64__dropout_0p4__seed_42,relu,softmax,16,64,0.4,1,42,1,20,8,6,128,0.15,0.001,51000,9000,10000,36650,0.9892222285270691,0.036577749997377396,0.9894999861717224,0.031207812950015068,47.634,success,,2026-08-10T17:31:16+00:00
limite_128_criblage,sha256:521523737c9f1da4288d04f12329d836e6b69841371b54dfc1bb5173a6691b36,f1_16__f2_64__dropout_0p6__seed_42,relu,softmax,16,64,0.6,1,42,1,20,8,6,128,0.15,0.001,51000,9000,10000,36650,0.9905555844306946,0.03746049478650093,0.9915000200271606,0.026178454980254173,48.51,success,,2026-08-10T17:32:58+00:00
limite_128_criblage,sha256:521523737c9f1da4288d04f12329d836e6b69841371b54dfc1bb5173a6691b36,f1_16__f2_64__dropout_0p8__seed_42,relu,softmax,16,64,0.8,1,42,1,20,5,3,128,0.15,0.001,51000,9000,10000,36650,0.9855555295944214,0.04738317057490349,0.986299991607666,0.04001501947641373,30.899,success,,2026-08-10T17:34:22+00:00
limite_128_criblage,sha256:521523737c9f1da4288d04f12329d836e6b69841371b54dfc1bb5173a6691b36,f1_16__f2_128__dropout_0__seed_42,relu,softmax,16,128,0.0,1,42,1,20,6,4,128,0.15,0.001,51000,9000,10000,72810,0.9867777824401855,0.04846668243408203,0.9882000088691711,0.04087026044726372,46.169,success,,2026-08-10T17:36:30+00:00
limite_128_criblage,sha256:521523737c9f1da4288d04f12329d836e6b69841371b54dfc1bb5173a6691b36,f1_16__f2_128__dropout_0p2__seed_42,relu,softmax,16,128,0.2,1,42,1,20,6,4,128,0.15,0.001,51000,9000,10000,72810,0.9900000095367432,0.04507791996002197,0.9883999824523926,0.041057828813791275,46.053,success,,2026-08-10T17:37:50+00:00
limite_128_criblage,sha256:521523737c9f1da4288d04f12329d836e6b69841371b54dfc1bb5173a6691b36,f1_16__f2_128__dropout_0p4__seed_42,relu,softmax,16,128,0.4,1,42,1,20,8,6,128,0.15,0.001,51000,9000,10000,72810,0.9912222027778625,0.0396692156791687,0.9908000230789185,0.03430762514472008,60.534,success,,2026-08-10T17:39:43+00:00
limite_128_criblage,sha256:521523737c9f1da4288d04f12329d836e6b69841371b54dfc1bb5173a6691b36,f1_16__f2_128__dropout_0p6__seed_42,relu,softmax,16,128,0.6,1,42,1,20,8,6,128,0.15,0.001,51000,9000,10000,72810,0.9906666874885559,0.038941528648138046,0.9921000003814697,0.02745508961379528,60.274,success,,2026-08-10T17:41:26+00:00
limite_128_criblage,sha256:521523737c9f1da4288d04f12329d836e6b69841371b54dfc1bb5173a6691b36,f1_16__f2_128__dropout_0p8__seed_42,relu,softmax,16,128,0.8,1,42,1,20,11,9,128,0.15,0.001,51000,9000,10000,72810,0.9908888936042786,0.03866571560502052,0.9901999831199646,0.033820606768131256,82.826,success,,2026-08-10T17:44:20+00:00
limite_128_criblage,sha256:521523737c9f1da4288d04f12329d836e6b69841371b54dfc1bb5173a6691b36,f1_32__f2_8__dropout_0__seed_42,relu,softmax,32,8,0.0,1,42,1,20,6,4,128,0.15,0.001,51000,9000,10000,8690,0.9833333492279053,0.056803587824106216,0.9868000149726868,0.04770875722169876,35.835,success,,2026-08-10T17:46:52+00:00
limite_128_criblage,sha256:521523737c9f1da4288d04f12329d836e6b69841371b54dfc1bb5173a6691b36,f1_32__f2_8__dropout_0p2__seed_42,relu,softmax,32,8,0.2,1,42,1,20,9,7,128,0.15,0.001,51000,9000,10000,8690,0.9871110916137695,0.04305945709347725,0.9882000088691711,0.03644828125834465,53.176,success,,2026-08-10T17:48:31+00:00
limite_128_criblage,sha256:521523737c9f1da4288d04f12329d836e6b69841371b54dfc1bb5173a6691b36,f1_32__f2_8__dropout_0p4__seed_42,relu,softmax,32,8,0.4,1,42,1,20,9,7,128,0.15,0.001,51000,9000,10000,8690,0.9866666793823242,0.04370514303445816,0.9882000088691711,0.03888572379946709,54.353,success,,2026-08-10T17:51:18+00:00
limite_128_criblage,sha256:521523737c9f1da4288d04f12329d836e6b69841371b54dfc1bb5173a6691b36,f1_32__f2_8__dropout_0p6__seed_42,relu,softmax,32,8,0.6,1,42,1,20,10,8,128,0.15,0.001,51000,9000,10000,8690,0.9872221946716309,0.04305038973689079,0.9865000247955322,0.04022892564535141,59.826,success,,2026-08-10T17:53:43+00:00
limite_128_criblage,sha256:521523737c9f1da4288d04f12329d836e6b69841371b54dfc1bb5173a6691b36,f1_32__f2_8__dropout_0p8__seed_42,relu,softmax,32,8,0.8,1,42,1,20,16,14,128,0.15,0.001,51000,9000,10000,8690,0.984000027179718,0.05149134621024132,0.9847000241279602,0.04782712832093239,93.408,success,,2026-08-10T17:56:24+00:00
limite_128_criblage,sha256:521523737c9f1da4288d04f12329d836e6b69841371b54dfc1bb5173a6691b36,f1_32__f2_16__dropout_0__seed_42,relu,softmax,32,16,0.0,1,42,1,20,7,5,128,0.15,0.001,51000,9000,10000,16410,0.9862222075462341,0.046717286109924316,0.9869999885559082,0.03944368660449982,43.126,success,,2026-08-10T17:57:55+00:00
limite_128_criblage,sha256:521523737c9f1da4288d04f12329d836e6b69841371b54dfc1bb5173a6691b36,f1_32__f2_16__dropout_0p2__seed_42,relu,softmax,32,16,0.2,1,42,1,20,6,4,128,0.15,0.001,51000,9000,10000,16410,0.987333357334137,0.043981656432151794,0.9878000020980835,0.03721720352768898,38.754,success,,2026-08-10T17:59:43+00:00
limite_128_criblage,sha256:521523737c9f1da4288d04f12329d836e6b69841371b54dfc1bb5173a6691b36,f1_32__f2_16__dropout_0p4__seed_42,relu,softmax,32,16,0.4,1,42,1,20,7,5,128,0.15,0.001,51000,9000,10000,16410,0.988444447517395,0.03846051171422005,0.989799976348877,0.0315999872982502,44.785,success,,2026-08-10T18:01:32+00:00
limite_128_criblage,sha256:521523737c9f1da4288d04f12329d836e6b69841371b54dfc1bb5173a6691b36,f1_32__f2_16__dropout_0p6__seed_42,relu,softmax,32,16,0.6,1,42,1,20,10,8,128,0.15,0.001,51000,9000,10000,16410,0.9904444217681885,0.03377002477645874,0.9904999732971191,0.02765749767422676,62.35,success,,2026-08-10T18:04:32+00:00
limite_128_criblage,sha256:521523737c9f1da4288d04f12329d836e6b69841371b54dfc1bb5173a6691b36,f1_32__f2_16__dropout_0p8__seed_42,relu,softmax,32,16,0.8,1,42,1,20,5,3,128,0.15,0.001,51000,9000,10000,16410,0.9801111221313477,0.06640765070915222,0.9800999760627747,0.06293076276779175,32.118,success,,2026-08-10T18:06:42+00:00
limite_128_criblage,sha256:521523737c9f1da4288d04f12329d836e6b69841371b54dfc1bb5173a6691b36,f1_32__f2_32__dropout_0__seed_42,relu,softmax,32,32,0.0,1,42,1,20,6,4,128,0.15,0.001,51000,9000,10000,31850,0.9890000224113464,0.03717059642076492,0.9879999756813049,0.03607647866010666,41.932,success,,2026-08-10T18:08:06+00:00
limite_128_criblage,sha256:521523737c9f1da4288d04f12329d836e6b69841371b54dfc1bb5173a6691b36,f1_32__f2_32__dropout_0p2__seed_42,relu,softmax,32,32,0.2,1,42,1,20,7,5,128,0.15,0.001,51000,9000,10000,31850,0.9901111125946045,0.03646262735128403,0.9904000163078308,0.03019450604915619,48.806,success,,2026-08-10T18:09:41+00:00
limite_128_criblage,sha256:521523737c9f1da4288d04f12329d836e6b69841371b54dfc1bb5173a6691b36,f1_32__f2_32__dropout_0p4__seed_42,relu,softmax,32,32,0.4,1,42,1,20,8,6,128,0.15,0.001,51000,9000,10000,31850,0.9893333315849304,0.034469421952962875,0.9902999997138977,0.02984176017343998,55.109,success,,2026-08-10T18:11:53+00:00
limite_128_criblage,sha256:521523737c9f1da4288d04f12329d836e6b69841371b54dfc1bb5173a6691b36,f1_32__f2_32__dropout_0p6__seed_42,relu,softmax,32,32,0.6,1,42,1,20,8,6,128,0.15,0.001,51000,9000,10000,31850,0.9902222156524658,0.034443773329257965,0.9908000230789185,0.0281221866607666,55.517,success,,2026-08-10T18:13:51+00:00
limite_128_criblage,sha256:521523737c9f1da4288d04f12329d836e6b69841371b54dfc1bb5173a6691b36,f1_32__f2_32__dropout_0p8__seed_42,relu,softmax,32,32,0.8,1,42,1,20,10,8,128,0.15,0.001,51000,9000,10000,31850,0.988444447517395,0.03607898950576782,0.9891999959945679,0.03207768127322197,68.313,success,,2026-08-10T18:16:17+00:00
limite_128_criblage,sha256:521523737c9f1da4288d04f12329d836e6b69841371b54dfc1bb5173a6691b36,f1_32__f2_64__dropout_0__seed_42,relu,softmax,32,64,0.0,1,42,1,20,7,5,128,0.15,0.001,51000,9000,10000,62730,0.9879999756813049,0.04268393665552139,0.9894999861717224,0.035071961581707,57.182,success,,2026-08-10T18:18:46+00:00
limite_128_criblage,sha256:521523737c9f1da4288d04f12329d836e6b69841371b54dfc1bb5173a6691b36,f1_32__f2_64__dropout_0p2__seed_42,relu,softmax,32,64,0.2,1,42,1,20,4,2,128,0.15,0.001,51000,9000,10000,62730,0.9871110916137695,0.04523913934826851,0.9882000088691711,0.035718370229005814,34.413,success,,2026-08-10T18:20:32+00:00
limite_128_criblage,sha256:521523737c9f1da4288d04f12329d836e6b69841371b54dfc1bb5173a6691b36,f1_32__f2_64__dropout_0p4__seed_42,relu,softmax,32,64,0.4,1,42,1,20,12,10,128,0.15,0.001,51000,9000,10000,62730,0.991777777671814,0.03607124462723732,0.9923999905586243,0.028742196038365364,97.086,success,,2026-08-10T18:23:05+00:00
limite_128_criblage,sha256:521523737c9f1da4288d04f12329d836e6b69841371b54dfc1bb5173a6691b36,f1_32__f2_64__dropout_0p6__seed_42,relu,softmax,32,64,0.6,1,42,1,20,10,8,128,0.15,0.001,51000,9000,10000,62730,0.99144446849823,0.03385738655924797,0.9908000230789185,0.028509125113487244,81.717,success,,2026-08-10T18:25:40+00:00
limite_128_criblage,sha256:521523737c9f1da4288d04f12329d836e6b69841371b54dfc1bb5173a6691b36,f1_32__f2_64__dropout_0p8__seed_42,relu,softmax,32,64,0.8,1,42,1,20,9,7,128,0.15,0.001,51000,9000,10000,62730,0.9906666874885559,0.03462836146354675,0.9905999898910522,0.028731519356369972,74.208,success,,2026-08-10T18:28:07+00:00
limite_128_criblage,sha256:521523737c9f1da4288d04f12329d836e6b69841371b54dfc1bb5173a6691b36,f1_32__f2_128__dropout_0__seed_42,relu,softmax,32,128,0.0,1,42,1,20,5,3,128,0.15,0.001,51000,9000,10000,124490,0.988444447517395,0.04112360626459122,0.9894000291824341,0.038048140704631805,53.622,success,,2026-08-10T18:30:23+00:00
limite_128_criblage,sha256:521523737c9f1da4288d04f12329d836e6b69841371b54dfc1bb5173a6691b36,f1_32__f2_128__dropout_0p2__seed_42,relu,softmax,32,128,0.2,1,42,1,20,6,4,128,0.15,0.001,51000,9000,10000,124490,0.9903333187103271,0.03949734568595886,0.9897000193595886,0.03658457472920418,66.49,success,,2026-08-10T18:32:52+00:00
limite_128_criblage,sha256:521523737c9f1da4288d04f12329d836e6b69841371b54dfc1bb5173a6691b36,f1_32__f2_128__dropout_0p4__seed_42,relu,softmax,32,128,0.4,1,42,1,20,6,4,128,0.15,0.001,51000,9000,10000,124490,0.9907777905464172,0.040583956986665726,0.9911999702453613,0.030409909784793854,66.295,success,,2026-08-10T18:35:10+00:00
limite_128_criblage,sha256:521523737c9f1da4288d04f12329d836e6b69841371b54dfc1bb5173a6691b36,f1_32__f2_128__dropout_0p6__seed_42,relu,softmax,32,128,0.6,1,42,1,20,9,7,128,0.15,0.001,51000,9000,10000,124490,0.9898889064788818,0.04098428413271904,0.9914000034332275,0.03232210874557495,97.514,success,,2026-08-10T18:37:49+00:00
limite_128_criblage,sha256:521523737c9f1da4288d04f12329d836e6b69841371b54dfc1bb5173a6691b36,f1_32__f2_128__dropout_0p8__seed_42,relu,softmax,32,128,0.8,1,42,1,20,7,5,128,0.15,0.001,51000,9000,10000,124490,0.9896666407585144,0.04272346943616867,0.991100013256073,0.031231094151735306,76.291,success,,2026-08-10T18:41:39+00:00
limite_128_criblage,sha256:521523737c9f1da4288d04f12329d836e6b69841371b54dfc1bb5173a6691b36,f1_64__f2_8__dropout_0__seed_42,relu,softmax,64,8,0.0,1,42,1,20,6,4,128,0.15,0.001,51000,9000,10000,16050,0.984333336353302,0.049547228962183,0.9842000007629395,0.0491730272769928,63.708,success,,2026-08-10T18:46:25+00:00
limite_128_criblage,sha256:521523737c9f1da4288d04f12329d836e6b69841371b54dfc1bb5173a6691b36,f1_64__f2_8__dropout_0p2__seed_42,relu,softmax,64,8,0.2,1,42,1,20,13,11,128,0.15,0.001,51000,9000,10000,16050,0.988777756690979,0.03854075074195862,0.9882000088691711,0.03645551949739456,132.11,success,,2026-08-10T18:50:57+00:00
limite_128_criblage,sha256:521523737c9f1da4288d04f12329d836e6b69841371b54dfc1bb5173a6691b36,f1_64__f2_8__dropout_0p4__seed_42,relu,softmax,64,8,0.4,1,42,1,20,8,6,128,0.15,0.001,51000,9000,10000,16050,0.9882222414016724,0.03902234137058258,0.9883999824523926,0.03555912896990776,84.483,success,,2026-08-10T18:53:22+00:00
limite_128_criblage,sha256:521523737c9f1da4288d04f12329d836e6b69841371b54dfc1bb5173a6691b36,f1_64__f2_8__dropout_0p6__seed_42,relu,softmax,64,8,0.6,1,42,1,20,9,7,128,0.15,0.001,51000,9000,10000,16050,0.987666666507721,0.04165740683674812,0.987500011920929,0.03688735514879227,92.349,success,,2026-08-10T18:57:40+00:00
limite_128_criblage,sha256:521523737c9f1da4288d04f12329d836e6b69841371b54dfc1bb5173a6691b36,f1_64__f2_8__dropout_0p8__seed_42,relu,softmax,64,8,0.8,1,42,1,20,15,13,128,0.15,0.001,51000,9000,10000,16050,0.9865555763244629,0.04793694242835045,0.9858999848365784,0.043127454817295074,151.434,success,,2026-08-10T19:02:31+00:00
limite_128_criblage,sha256:521523737c9f1da4288d04f12329d836e6b69841371b54dfc1bb5173a6691b36,f1_64__f2_16__dropout_0__seed_42,relu,softmax,64,16,0.0,1,42,1,20,5,3,128,0.15,0.001,51000,9000,10000,30170,0.9874444603919983,0.04210228845477104,0.9876000285148621,0.038421664386987686,55.023,success,,2026-08-10T19:05:34+00:00
limite_128_criblage,sha256:521523737c9f1da4288d04f12329d836e6b69841371b54dfc1bb5173a6691b36,f1_64__f2_16__dropout_0p2__seed_42,relu,softmax,64,16,0.2,1,42,1,20,8,6,128,0.15,0.001,51000,9000,10000,30170,0.9888888597488403,0.036090318113565445,0.9905999898910522,0.028475232422351837,86.321,success,,2026-08-10T19:08:37+00:00
limite_128_criblage,sha256:521523737c9f1da4288d04f12329d836e6b69841371b54dfc1bb5173a6691b36,f1_64__f2_16__dropout_0p4__seed_42,relu,softmax,64,16,0.4,1,42,1,20,7,5,128,0.15,0.001,51000,9000,10000,30170,0.9869999885559082,0.04018869996070862,0.9901999831199646,0.031902533024549484,76.156,success,,2026-08-10T19:12:21+00:00
limite_128_criblage,sha256:521523737c9f1da4288d04f12329d836e6b69841371b54dfc1bb5173a6691b36,f1_64__f2_16__dropout_0p6__seed_42,relu,softmax,64,16,0.6,1,42,1,20,13,11,128,0.15,0.001,51000,9000,10000,30170,0.9903333187103271,0.031784478574991226,0.991100013256073,0.027088262140750885,139.493,success,,2026-08-10T19:17:05+00:00
limite_128_criblage,sha256:521523737c9f1da4288d04f12329d836e6b69841371b54dfc1bb5173a6691b36,f1_64__f2_16__dropout_0p8__seed_42,relu,softmax,64,16,0.8,1,42,1,20,13,11,128,0.15,0.001,51000,9000,10000,30170,0.9892222285270691,0.038997452706098557,0.9883000254631042,0.033390652388334274,139.687,success,,2026-08-10T19:21:50+00:00
limite_128_criblage,sha256:521523737c9f1da4288d04f12329d836e6b69841371b54dfc1bb5173a6691b36,f1_64__f2_32__dropout_0__seed_42,relu,softmax,64,32,0.0,1,42,1,20,6,4,128,0.15,0.001,51000,9000,10000,58410,0.987666666507721,0.04265798255801201,0.9884999990463257,0.03441298007965088,70.597,success,,2026-08-10T19:24:39+00:00
limite_128_criblage,sha256:521523737c9f1da4288d04f12329d836e6b69841371b54dfc1bb5173a6691b36,f1_64__f2_32__dropout_0p2__seed_42,relu,softmax,64,32,0.2,1,42,1,20,10,8,128,0.15,0.001,51000,9000,10000,58410,0.9907777905464172,0.03404445946216583,0.9907000064849854,0.03116380237042904,116.814,success,,2026-08-10T19:27:55+00:00
limite_128_criblage,sha256:521523737c9f1da4288d04f12329d836e6b69841371b54dfc1bb5173a6691b36,f1_64__f2_32__dropout_0p4__seed_42,relu,softmax,64,32,0.4,1,42,1,20,10,8,128,0.15,0.001,51000,9000,10000,58410,0.99144446849823,0.030273541808128357,0.9916999936103821,0.023673146963119507,117.334,success,,2026-08-10T19:31:38+00:00
limite_128_criblage,sha256:521523737c9f1da4288d04f12329d836e6b69841371b54dfc1bb5173a6691b36,f1_64__f2_32__dropout_0p6__seed_42,relu,softmax,64,32,0.6,1,42,1,20,9,7,128,0.15,0.001,51000,9000,10000,58410,0.9904444217681885,0.034192413091659546,0.9915000200271606,0.02622624859213829,106.609,success,,2026-08-10T19:35:50+00:00
limite_128_criblage,sha256:521523737c9f1da4288d04f12329d836e6b69841371b54dfc1bb5173a6691b36,f1_64__f2_32__dropout_0p8__seed_42,relu,softmax,64,32,0.8,1,42,1,20,12,10,128,0.15,0.001,51000,9000,10000,58410,0.9913333058357239,0.03193521499633789,0.9919999837875366,0.025026148185133934,138.476,success,,2026-08-10T19:39:54+00:00
limite_128_criblage,sha256:521523737c9f1da4288d04f12329d836e6b69841371b54dfc1bb5173a6691b36,f1_64__f2_64__dropout_0__seed_42,relu,softmax,64,64,0.0,1,42,1,20,5,3,128,0.15,0.001,51000,9000,10000,114890,0.9882222414016724,0.04020271822810173,0.988099992275238,0.03708463907241821,71.689,success,,2026-08-10T19:44:21+00:00
limite_128_criblage,sha256:521523737c9f1da4288d04f12329d836e6b69841371b54dfc1bb5173a6691b36,f1_64__f2_64__dropout_0p2__seed_42,relu,softmax,64,64,0.2,1,42,1,20,8,6,128,0.15,0.001,51000,9000,10000,114890,0.9900000095367432,0.03787638619542122,0.9897000193595886,0.03187016025185585,113.694,success,,2026-08-10T19:47:19+00:00
limite_128_criblage,sha256:521523737c9f1da4288d04f12329d836e6b69841371b54dfc1bb5173a6691b36,f1_64__f2_64__dropout_0p4__seed_42,relu,softmax,64,64,0.4,1,42,1,20,8,6,128,0.15,0.001,51000,9000,10000,114890,0.9898889064788818,0.03567873314023018,0.9918000102043152,0.026910929009318352,113.271,success,,2026-08-10T19:50:32+00:00
limite_128_criblage,sha256:521523737c9f1da4288d04f12329d836e6b69841371b54dfc1bb5173a6691b36,f1_64__f2_64__dropout_0p6__seed_42,relu,softmax,64,64,0.6,1,42,1,20,6,4,128,0.15,0.001,51000,9000,10000,114890,0.9900000095367432,0.03564684838056564,0.9916999936103821,0.02780885063111782,85.618,success,,2026-08-10T19:53:33+00:00
limite_128_criblage,sha256:521523737c9f1da4288d04f12329d836e6b69841371b54dfc1bb5173a6691b36,f1_64__f2_64__dropout_0p8__seed_42,relu,softmax,64,64,0.8,1,42,1,20,8,6,128,0.15,0.001,51000,9000,10000,114890,0.9898889064788818,0.035480234771966934,0.9908999800682068,0.028285644948482513,113.016,success,,2026-08-10T19:57:32+00:00
limite_128_criblage,sha256:521523737c9f1da4288d04f12329d836e6b69841371b54dfc1bb5173a6691b36,f1_64__f2_128__dropout_0__seed_42,relu,softmax,64,128,0.0,1,42,1,20,8,6,128,0.15,0.001,51000,9000,10000,227850,0.987333357334137,0.051402125507593155,0.9891999959945679,0.04472193866968155,145.608,success,,2026-08-10T20:03:21+00:00
limite_128_criblage,sha256:521523737c9f1da4288d04f12329d836e6b69841371b54dfc1bb5173a6691b36,f1_64__f2_128__dropout_0p2__seed_42,relu,softmax,64,128,0.2,1,42,1,20,5,3,128,0.15,0.001,51000,9000,10000,227850,0.9892222285270691,0.042767833918333054,0.9901999831199646,0.03604382276535034,93.389,success,,2026-08-10T20:06:15+00:00
limite_128_criblage,sha256:521523737c9f1da4288d04f12329d836e6b69841371b54dfc1bb5173a6691b36,f1_64__f2_128__dropout_0p4__seed_42,relu,softmax,64,128,0.4,1,42,1,20,6,4,128,0.15,0.001,51000,9000,10000,227850,0.9907777905464172,0.03504112735390663,0.9914000034332275,0.02986227162182331,110.563,success,,2026-08-10T20:10:26+00:00
limite_128_criblage,sha256:521523737c9f1da4288d04f12329d836e6b69841371b54dfc1bb5173a6691b36,f1_64__f2_128__dropout_0p6__seed_42,relu,softmax,64,128,0.6,1,42,1,20,9,7,128,0.15,0.001,51000,9000,10000,227850,0.9908888936042786,0.04026830568909645,0.9919999837875366,0.02841249108314514,165.51,success,,2026-08-10T20:16:12+00:00
limite_128_criblage,sha256:521523737c9f1da4288d04f12329d836e6b69841371b54dfc1bb5173a6691b36,f1_64__f2_128__dropout_0p8__seed_42,relu,softmax,64,128,0.8,1,42,1,20,13,11,128,0.15,0.001,51000,9000,10000,227850,0.9918888807296753,0.03537605702877045,0.9918000102043152,0.026455117389559746,240.11,success,,2026-08-10T20:23:14+00:00
limite_128_criblage,sha256:521523737c9f1da4288d04f12329d836e6b69841371b54dfc1bb5173a6691b36,f1_128__f2_8__dropout_0__seed_42,relu,softmax,128,8,0.0,1,42,1,20,6,4,128,0.15,0.001,51000,9000,10000,30770,0.9851111173629761,0.04946686699986458,0.9842000007629395,0.047886788845062256,121.692,success,,2026-08-10T20:29:17+00:00
limite_128_criblage,sha256:521523737c9f1da4288d04f12329d836e6b69841371b54dfc1bb5173a6691b36,f1_128__f2_8__dropout_0p2__seed_42,relu,softmax,128,8,0.2,1,42,1,20,9,7,128,0.15,0.001,51000,9000,10000,30770,0.987333357334137,0.04173072800040245,0.9901000261306763,0.033486828207969666,181.257,success,,2026-08-10T20:36:58+00:00
limite_128_criblage,sha256:521523737c9f1da4288d04f12329d836e6b69841371b54dfc1bb5173a6691b36,f1_128__f2_8__dropout_0p4__seed_42,relu,softmax,128,8,0.4,1,42,1,20,12,10,128,0.15,0.001,51000,9000,10000,30770,0.9898889064788818,0.03391309827566147,0.9909999966621399,0.028379620984196663,239.894,success,,2026-08-10T20:43:42+00:00
limite_128_criblage,sha256:521523737c9f1da4288d04f12329d836e6b69841371b54dfc1bb5173a6691b36,f1_128__f2_8__dropout_0p6__seed_42,relu,softmax,128,8,0.6,1,42,1,20,7,5,128,0.15,0.001,51000,9000,10000,30770,0.9850000143051147,0.04686914011836052,0.9866999983787537,0.040059614926576614,141.539,success,,2026-08-10T20:50:42+00:00
limite_128_criblage,sha256:521523737c9f1da4288d04f12329d836e6b69841371b54dfc1bb5173a6691b36,f1_128__f2_8__dropout_0p8__seed_42,relu,softmax,128,8,0.8,1,42,1,20,10,8,128,0.15,0.001,51000,9000,10000,30770,0.9862222075462341,0.04814034327864647,0.9861999750137329,0.044286713004112244,201.002,success,,2026-08-10T20:56:24+00:00
limite_128_criblage,sha256:521523737c9f1da4288d04f12329d836e6b69841371b54dfc1bb5173a6691b36,f1_128__f2_16__dropout_0__seed_42,relu,softmax,128,16,0.0,1,42,1,20,4,2,128,0.15,0.001,51000,9000,10000,57690,0.9852222204208374,0.05176946893334389,0.9865999817848206,0.04606212303042412,82.908,success,,2026-08-10T21:00:31+00:00
limite_128_criblage,sha256:521523737c9f1da4288d04f12329d836e6b69841371b54dfc1bb5173a6691b36,f1_128__f2_16__dropout_0p2__seed_42,relu,softmax,128,16,0.2,1,42,1,20,10,8,128,0.15,0.001,51000,9000,10000,57690,0.9905555844306946,0.034153494983911514,0.9909999966621399,0.029716311022639275,203.202,success,,2026-08-10T21:06:37+00:00
limite_128_criblage,sha256:521523737c9f1da4288d04f12329d836e6b69841371b54dfc1bb5173a6691b36,f1_128__f2_16__dropout_0p4__seed_42,relu,softmax,128,16,0.4,1,42,1,20,7,5,128,0.15,0.001,51000,9000,10000,57690,0.9901111125946045,0.033707380294799805,0.9904999732971191,0.02892393432557583,142.707,success,,2026-08-10T21:13:17+00:00
limite_128_criblage,sha256:521523737c9f1da4288d04f12329d836e6b69841371b54dfc1bb5173a6691b36,f1_128__f2_16__dropout_0p6__seed_42,relu,softmax,128,16,0.6,1,42,1,20,10,8,128,0.15,0.001,51000,9000,10000,57690,0.9915555715560913,0.030248049646615982,0.9918000102043152,0.027062268927693367,201.861,success,,2026-08-10T21:20:33+00:00
limite_128_criblage,sha256:521523737c9f1da4288d04f12329d836e6b69841371b54dfc1bb5173a6691b36,f1_128__f2_16__dropout_0p8__seed_42,relu,softmax,128,16,0.8,1,42,1,20,10,8,128,0.15,0.001,51000,9000,10000,57690,0.9872221946716309,0.04134640470147133,0.9890000224113464,0.03461303934454918,201.869,success,,2026-08-10T21:28:35+00:00
limite_128_criblage,sha256:521523737c9f1da4288d04f12329d836e6b69841371b54dfc1bb5173a6691b36,f1_128__f2_32__dropout_0__seed_42,relu,softmax,128,32,0.0,1,42,1,20,6,4,128,0.15,0.001,51000,9000,10000,111530,0.9888888597488403,0.038526345044374466,0.9898999929428101,0.032471030950546265,133.877,success,,2026-08-10T21:34:21+00:00
limite_128_criblage,sha256:521523737c9f1da4288d04f12329d836e6b69841371b54dfc1bb5173a6691b36,f1_128__f2_32__dropout_0p2__seed_42,relu,softmax,128,32,0.2,1,42,1,20,5,3,128,0.15,0.001,51000,9000,10000,111530,0.9888888597488403,0.038883455097675323,0.9889000058174133,0.03387458622455597,112.778,success,,2026-08-10T21:38:44+00:00
limite_128_criblage,sha256:521523737c9f1da4288d04f12329d836e6b69841371b54dfc1bb5173a6691b36,f1_128__f2_32__dropout_0p4__seed_42,relu,softmax,128,32,0.4,1,42,1,20,7,5,128,0.15,0.001,51000,9000,10000,111530,0.9902222156524658,0.03386740759015083,0.989799976348877,0.030264416709542274,156.532,success,,2026-08-10T21:47:08+00:00
limite_128_criblage,sha256:521523737c9f1da4288d04f12329d836e6b69841371b54dfc1bb5173a6691b36,f1_128__f2_32__dropout_0p6__seed_42,relu,softmax,128,32,0.6,1,42,1,20,8,6,128,0.15,0.001,51000,9000,10000,111530,0.9912222027778625,0.0319351851940155,0.9919999837875366,0.0259917750954628,177.023,success,,2026-08-10T21:54:17+00:00
limite_128_criblage,sha256:521523737c9f1da4288d04f12329d836e6b69841371b54dfc1bb5173a6691b36,f1_128__f2_32__dropout_0p8__seed_42,relu,softmax,128,32,0.8,1,42,1,20,12,10,128,0.15,0.001,51000,9000,10000,111530,0.99144446849823,0.032576583325862885,0.9919000267982483,0.02338498830795288,263.953,success,,2026-08-10T22:06:16+00:00
limite_128_criblage,sha256:521523737c9f1da4288d04f12329d836e6b69841371b54dfc1bb5173a6691b36,f1_128__f2_64__dropout_0__seed_42,relu,softmax,128,64,0.0,1,42,1,20,5,3,128,0.15,0.001,51000,9000,10000,219210,0.987333357334137,0.0433521494269371,0.9894999861717224,0.036333389580249786,132.939,success,,2026-08-10T22:13:02+00:00
limite_128_criblage,sha256:521523737c9f1da4288d04f12329d836e6b69841371b54dfc1bb5173a6691b36,f1_128__f2_64__dropout_0p2__seed_42,relu,softmax,128,64,0.2,1,42,1,20,6,4,128,0.15,0.001,51000,9000,10000,219210,0.9895555377006531,0.035571470856666565,0.989799976348877,0.03310216963291168,159.353,success,,2026-08-10T22:18:38+00:00
limite_128_criblage,sha256:521523737c9f1da4288d04f12329d836e6b69841371b54dfc1bb5173a6691b36,f1_128__f2_64__dropout_0p4__seed_42,relu,softmax,128,64,0.4,1,42,1,20,5,3,128,0.15,0.001,51000,9000,10000,219210,0.9895555377006531,0.03824032098054886,0.9894999861717224,0.03300568461418152,133.161,success,,2026-08-10T22:23:20+00:00
limite_128_criblage,sha256:521523737c9f1da4288d04f12329d836e6b69841371b54dfc1bb5173a6691b36,f1_128__f2_64__dropout_0p6__seed_42,relu,softmax,128,64,0.6,1,42,1,20,4,2,128,0.15,0.001,51000,9000,10000,219210,0.9867777824401855,0.04455926641821861,0.9873999953269958,0.038794755935668945,107.284,success,,2026-08-10T22:30:28+00:00
limite_128_criblage,sha256:521523737c9f1da4288d04f12329d836e6b69841371b54dfc1bb5173a6691b36,f1_128__f2_64__dropout_0p8__seed_42,relu,softmax,128,64,0.8,1,42,1,20,9,7,128,0.15,0.001,51000,9000,10000,219210,0.9886666536331177,0.040399327874183655,0.9900000095367432,0.03143591061234474,235.683,success,,2026-08-10T22:39:47+00:00
limite_128_criblage,sha256:521523737c9f1da4288d04f12329d836e6b69841371b54dfc1bb5173a6691b36,f1_128__f2_128__dropout_0__seed_42,relu,softmax,128,128,0.0,1,42,1,20,5,3,128,0.15,0.001,51000,9000,10000,434570,0.9866666793823242,0.05250254645943642,0.9882000088691711,0.042011454701423645,181.668,success,,2026-08-10T22:47:14+00:00
limite_128_criblage,sha256:521523737c9f1da4288d04f12329d836e6b69841371b54dfc1bb5173a6691b36,f1_128__f2_128__dropout_0p2__seed_42,relu,softmax,128,128,0.2,1,42,1,20,6,4,128,0.15,0.001,51000,9000,10000,434570,0.9895555377006531,0.04148981347680092,0.9897000193595886,0.03636286407709122,215.075,success,,2026-08-10T22:54:10+00:00
limite_128_criblage,sha256:521523737c9f1da4288d04f12329d836e6b69841371b54dfc1bb5173a6691b36,f1_128__f2_128__dropout_0p4__seed_42,relu,softmax,128,128,0.4,1,42,1,20,4,2,128,0.15,0.001,51000,9000,10000,434570,0.987666666507721,0.04457973688840866,0.9872000217437744,0.03972071409225464,144.562,success,,2026-08-10T23:01:06+00:00
limite_128_criblage,sha256:521523737c9f1da4288d04f12329d836e6b69841371b54dfc1bb5173a6691b36,f1_128__f2_128__dropout_0p6__seed_42,relu,softmax,128,128,0.6,1,42,1,20,8,6,128,0.15,0.001,51000,9000,10000,434570,0.9909999966621399,0.037595584988594055,0.9922000169754028,0.028212297707796097,284.576,success,,2026-08-10T23:11:00+00:00
limite_128_criblage,sha256:521523737c9f1da4288d04f12329d836e6b69841371b54dfc1bb5173a6691b36,f1_128__f2_128__dropout_0p8__seed_42,relu,softmax,128,128,0.8,1,42,1,20,8,6,128,0.15,0.001,51000,9000,10000,434570,0.9919999837875366,0.03708956763148308,0.9907000064849854,0.030082715675234795,284.393,success,,2026-08-10T23:23:28+00:00
limite_128_criblage,sha256:521523737c9f1da4288d04f12329d836e6b69841371b54dfc1bb5173a6691b36,activation_softmax__f1_4__f2_8__dropout_0__seed_42,softmax,softmax,4,8,0.0,1,42,1,20,19,17,128,0.15,0.001,51000,9000,10000,2250,0.9811111092567444,0.06338972598314285,0.9824000000953674,0.05491609498858452,50.627,success,,2026-08-10T15:46:09+00:00
limite_128_criblage,sha256:521523737c9f1da4288d04f12329d836e6b69841371b54dfc1bb5173a6691b36,activation_softmax__f1_4__f2_8__dropout_0p2__seed_42,softmax,softmax,4,8,0.2,1,42,1,20,20,20,128,0.15,0.001,51000,9000,10000,2250,0.9856666922569275,0.05056235194206238,0.9858999848365784,0.042982425540685654,56.028,success,,2026-08-10T15:47:52+00:00
limite_128_criblage,sha256:521523737c9f1da4288d04f12329d836e6b69841371b54dfc1bb5173a6691b36,activation_softmax__f1_4__f2_8__dropout_0p4__seed_42,softmax,softmax,4,8,0.4,1,42,1,20,17,15,128,0.15,0.001,51000,9000,10000,2250,0.9825555682182312,0.05943525582551956,0.9836000204086304,0.05006132274866104,47.297,success,,2026-08-10T15:49:10+00:00
limite_128_criblage,sha256:521523737c9f1da4288d04f12329d836e6b69841371b54dfc1bb5173a6691b36,activation_softmax__f1_4__f2_8__dropout_0p6__seed_42,softmax,softmax,4,8,0.6,1,42,1,20,17,15,128,0.15,0.001,51000,9000,10000,2250,0.9795555472373962,0.07099093496799469,0.9797000288963318,0.06568324565887451,49.051,success,,2026-08-10T15:50:50+00:00
limite_128_criblage,sha256:521523737c9f1da4288d04f12329d836e6b69841371b54dfc1bb5173a6691b36,activation_softmax__f1_4__f2_8__dropout_0p8__seed_42,softmax,softmax,4,8,0.8,1,42,1,20,20,18,128,0.15,0.001,51000,9000,10000,2250,0.9708889126777649,0.09987590461969376,0.972599983215332,0.09460175037384033,57.982,success,,2026-08-10T15:52:17+00:00
limite_128_criblage,sha256:521523737c9f1da4288d04f12329d836e6b69841371b54dfc1bb5173a6691b36,activation_softmax__f1_4__f2_16__dropout_0__seed_42,softmax,softmax,4,16,0.0,1,42,1,20,10,8,128,0.15,0.001,51000,9000,10000,4370,0.9850000143051147,0.054929159581661224,0.9847000241279602,0.04441109299659729,31.593,success,,2026-08-10T15:53:11+00:00
limite_128_criblage,sha256:521523737c9f1da4288d04f12329d836e6b69841371b54dfc1bb5173a6691b36,activation_softmax__f1_4__f2_16__dropout_0p2__seed_42,softmax,softmax,4,16,0.2,1,42,1,20,17,15,128,0.15,0.001,51000,9000,10000,4370,0.9852222204208374,0.04740843549370766,0.9869999885559082,0.04240879416465759,54.627,success,,2026-08-10T15:54:39+00:00
limite_128_criblage,sha256:521523737c9f1da4288d04f12329d836e6b69841371b54dfc1bb5173a6691b36,activation_softmax__f1_4__f2_16__dropout_0p4__seed_42,softmax,softmax,4,16,0.4,1,42,1,20,15,13,128,0.15,0.001,51000,9000,10000,4370,0.9867777824401855,0.04855474829673767,0.9886000156402588,0.03668413311243057,46.629,success,,2026-08-10T15:56:14+00:00
limite_128_criblage,sha256:521523737c9f1da4288d04f12329d836e6b69841371b54dfc1bb5173a6691b36,activation_softmax__f1_4__f2_16__dropout_0p6__seed_42,softmax,softmax,4,16,0.6,1,42,1,20,15,13,128,0.15,0.001,51000,9000,10000,4370,0.9845555424690247,0.053241003304719925,0.9872000217437744,0.042198777198791504,47.555,success,,2026-08-10T15:57:56+00:00
limite_128_criblage,sha256:521523737c9f1da4288d04f12329d836e6b69841371b54dfc1bb5173a6691b36,activation_softmax__f1_4__f2_16__dropout_0p8__seed_42,softmax,softmax,4,16,0.8,1,42,1,20,15,13,128,0.15,0.001,51000,9000,10000,4370,0.9800000190734863,0.06906779110431671,0.9789999723434448,0.06525159627199173,47.639,success,,2026-08-10T15:59:38+00:00
limite_128_criblage,sha256:521523737c9f1da4288d04f12329d836e6b69841371b54dfc1bb5173a6691b36,activation_softmax__f1_4__f2_32__dropout_0__seed_42,softmax,softmax,4,32,0.0,1,42,1,20,7,5,128,0.15,0.001,51000,9000,10000,8610,0.984666645526886,0.053308356553316116,0.9846000075340271,0.0457950197160244,24.861,success,,2026-08-10T16:00:30+00:00
limite_128_criblage,sha256:521523737c9f1da4288d04f12329d836e6b69841371b54dfc1bb5173a6691b36,activation_softmax__f1_4__f2_32__dropout_0p2__seed_42,softmax,softmax,4,32,0.2,1,42,1,20,12,10,128,0.15,0.001,51000,9000,10000,8610,0.9888888597488403,0.03904377296566963,0.9890999794006348,0.033144496381282806,42.808,success,,2026-08-10T16:01:46+00:00
limite_128_criblage,sha256:521523737c9f1da4288d04f12329d836e6b69841371b54dfc1bb5173a6691b36,activation_softmax__f1_4__f2_32__dropout_0p4__seed_42,softmax,softmax,4,32,0.4,1,42,1,20,14,12,128,0.15,0.001,51000,9000,10000,8610,0.9906666874885559,0.034583237022161484,0.9908000230789185,0.02797776833176613,50.545,success,,2026-08-10T16:03:20+00:00
limite_128_criblage,sha256:521523737c9f1da4288d04f12329d836e6b69841371b54dfc1bb5173a6691b36,activation_softmax__f1_4__f2_32__dropout_0p6__seed_42,softmax,softmax,4,32,0.6,1,42,1,20,16,14,128,0.15,0.001,51000,9000,10000,8610,0.9904444217681885,0.03567139804363251,0.9909999966621399,0.027627523988485336,57.356,success,,2026-08-10T16:05:09+00:00
limite_128_criblage,sha256:521523737c9f1da4288d04f12329d836e6b69841371b54dfc1bb5173a6691b36,activation_softmax__f1_4__f2_32__dropout_0p8__seed_42,softmax,softmax,4,32,0.8,1,42,1,20,20,20,128,0.15,0.001,51000,9000,10000,8610,0.9862222075462341,0.04402489587664604,0.9872999787330627,0.03561979532241821,71.443,success,,2026-08-10T16:07:21+00:00
limite_128_criblage,sha256:521523737c9f1da4288d04f12329d836e6b69841371b54dfc1bb5173a6691b36,activation_softmax__f1_4__f2_64__dropout_0__seed_42,softmax,softmax,4,64,0.0,1,42,1,20,6,4,128,0.15,0.001,51000,9000,10000,17090,0.9857777953147888,0.05165883153676987,0.9858999848365784,0.043593499809503555,24.519,success,,2026-08-10T16:08:11+00:00
limite_128_criblage,sha256:521523737c9f1da4288d04f12329d836e6b69841371b54dfc1bb5173a6691b36,activation_softmax__f1_4__f2_64__dropout_0p2__seed_42,softmax,softmax,4,64,0.2,1,42,1,20,9,7,128,0.15,0.001,51000,9000,10000,17090,0.9896666407585144,0.03907826915383339,0.9907000064849854,0.030895357951521873,37.66,success,,2026-08-10T16:09:28+00:00
limite_128_criblage,sha256:521523737c9f1da4288d04f12329d836e6b69841371b54dfc1bb5173a6691b36,activation_softmax__f1_4__f2_64__dropout_0p4__seed_42,softmax,softmax,4,64,0.4,1,42,1,20,10,8,128,0.15,0.001,51000,9000,10000,17090,0.9903333187103271,0.035323020070791245,0.9901000261306763,0.030873913317918777,42.311,success,,2026-08-10T16:10:39+00:00
limite_128_criblage,sha256:521523737c9f1da4288d04f12329d836e6b69841371b54dfc1bb5173a6691b36,activation_softmax__f1_4__f2_64__dropout_0p6__seed_42,softmax,softmax,4,64,0.6,1,42,1,20,13,11,128,0.15,0.001,51000,9000,10000,17090,0.9912222027778625,0.03196118399500847,0.9919999837875366,0.024416480213403702,55.247,success,,2026-08-10T16:12:07+00:00
limite_128_criblage,sha256:521523737c9f1da4288d04f12329d836e6b69841371b54dfc1bb5173a6691b36,activation_softmax__f1_4__f2_64__dropout_0p8__seed_42,softmax,softmax,4,64,0.8,1,42,1,20,13,11,128,0.15,0.001,51000,9000,10000,17090,0.9886666536331177,0.04049428924918175,0.9890999794006348,0.03296694532036781,55.328,success,,2026-08-10T16:14:20+00:00
limite_128_criblage,sha256:521523737c9f1da4288d04f12329d836e6b69841371b54dfc1bb5173a6691b36,activation_softmax__f1_4__f2_128__dropout_0__seed_42,softmax,softmax,4,128,0.0,1,42,1,20,5,3,128,0.15,0.001,51000,9000,10000,34050,0.9864444732666016,0.050430115312337875,0.9886999726295471,0.03825810179114342,27.042,success,,2026-08-10T16:15:20+00:00
limite_128_criblage,sha256:521523737c9f1da4288d04f12329d836e6b69841371b54dfc1bb5173a6691b36,activation_softmax__f1_4__f2_128__dropout_0p2__seed_42,softmax,softmax,4,128,0.2,1,42,1,20,5,3,128,0.15,0.001,51000,9000,10000,34050,0.9868888854980469,0.04623989760875702,0.9886999726295471,0.037276674062013626,27.492,success,,2026-08-10T16:16:17+00:00
limite_128_criblage,sha256:521523737c9f1da4288d04f12329d836e6b69841371b54dfc1bb5173a6691b36,activation_softmax__f1_4__f2_128__dropout_0p4__seed_42,softmax,softmax,4,128,0.4,1,42,1,20,6,4,128,0.15,0.001,51000,9000,10000,34050,0.988444447517395,0.04161716252565384,0.989300012588501,0.033994514495134354,34.018,success,,2026-08-10T16:17:25+00:00
limite_128_criblage,sha256:521523737c9f1da4288d04f12329d836e6b69841371b54dfc1bb5173a6691b36,activation_softmax__f1_4__f2_128__dropout_0p6__seed_42,softmax,softmax,4,128,0.6,1,42,1,20,9,7,128,0.15,0.001,51000,9000,10000,34050,0.9894444346427917,0.038752395659685135,0.9894000291824341,0.034298378974199295,49.465,success,,2026-08-10T16:18:49+00:00
limite_128_criblage,sha256:521523737c9f1da4288d04f12329d836e6b69841371b54dfc1bb5173a6691b36,activation_softmax__f1_4__f2_128__dropout_0p8__seed_42,softmax,softmax,4,128,0.8,1,42,1,20,10,8,128,0.15,0.001,51000,9000,10000,34050,0.9877777695655823,0.04394247755408287,0.9872999787330627,0.03540120646357536,54.427,success,,2026-08-10T16:21:17+00:00
limite_128_criblage,sha256:521523737c9f1da4288d04f12329d836e6b69841371b54dfc1bb5173a6691b36,activation_softmax__f1_8__f2_8__dropout_0__seed_42,softmax,softmax,8,8,0.0,1,42,1,20,14,12,128,0.15,0.001,51000,9000,10000,3170,0.9848889112472534,0.05314866825938225,0.98580002784729,0.044419240206480026,49.45,success,,2026-08-10T16:22:42+00:00
limite_128_criblage,sha256:521523737c9f1da4288d04f12329d836e6b69841371b54dfc1bb5173a6691b36,activation_softmax__f1_8__f2_8__dropout_0p2__seed_42,softmax,softmax,8,8,0.2,1,42,1,20,17,15,128,0.15,0.001,51000,9000,10000,3170,0.9874444603919983,0.04267973080277443,0.9884999990463257,0.03524503484368324,61.114,success,,2026-08-10T16:24:13+00:00
limite_128_criblage,sha256:521523737c9f1da4288d04f12329d836e6b69841371b54dfc1bb5173a6691b36,activation_softmax__f1_8__f2_8__dropout_0p4__seed_42,softmax,softmax,8,8,0.4,1,42,1,20,17,15,128,0.15,0.001,51000,9000,10000,3170,0.9858888983726501,0.047494642436504364,0.9861000180244446,0.040538206696510315,60.941,success,,2026-08-10T16:25:41+00:00
limite_128_criblage,sha256:521523737c9f1da4288d04f12329d836e6b69841371b54dfc1bb5173a6691b36,activation_softmax__f1_8__f2_8__dropout_0p6__seed_42,softmax,softmax,8,8,0.6,1,42,1,20,15,13,128,0.15,0.001,51000,9000,10000,3170,0.9826666712760925,0.058391023427248,0.9835000038146973,0.05162986367940903,54.739,success,,2026-08-10T16:27:39+00:00
limite_128_criblage,sha256:521523737c9f1da4288d04f12329d836e6b69841371b54dfc1bb5173a6691b36,activation_softmax__f1_8__f2_8__dropout_0p8__seed_42,softmax,softmax,8,8,0.8,1,42,1,20,20,18,128,0.15,0.001,51000,9000,10000,3170,0.9777777791023254,0.0737636461853981,0.9781000018119812,0.06993693113327026,71.577,success,,2026-08-10T16:29:51+00:00
limite_128_criblage,sha256:521523737c9f1da4288d04f12329d836e6b69841371b54dfc1bb5173a6691b36,activation_softmax__f1_8__f2_16__dropout_0__seed_42,softmax,softmax,8,16,0.0,1,42,1,20,9,7,128,0.15,0.001,51000,9000,10000,6090,0.9857777953147888,0.048836011439561844,0.9854999780654907,0.04443814978003502,37.731,success,,2026-08-10T16:31:00+00:00
limite_128_criblage,sha256:521523737c9f1da4288d04f12329d836e6b69841371b54dfc1bb5173a6691b36,activation_softmax__f1_8__f2_16__dropout_0p2__seed_42,softmax,softmax,8,16,0.2,1,42,1,20,10,8,128,0.15,0.001,51000,9000,10000,6090,0.9891111254692078,0.03826557472348213,0.9871000051498413,0.03616957366466522,40.362,success,,2026-08-10T16:32:17+00:00
limite_128_criblage,sha256:521523737c9f1da4288d04f12329d836e6b69841371b54dfc1bb5173a6691b36,activation_softmax__f1_8__f2_16__dropout_0p4__seed_42,softmax,softmax,8,16,0.4,1,42,1,20,15,13,128,0.15,0.001,51000,9000,10000,6090,0.9908888936042786,0.03517664968967438,0.9900000095367432,0.029964016750454903,60.123,success,,2026-08-10T16:33:56+00:00
limite_128_criblage,sha256:521523737c9f1da4288d04f12329d836e6b69841371b54dfc1bb5173a6691b36,activation_softmax__f1_8__f2_16__dropout_0p6__seed_42,softmax,softmax,8,16,0.6,1,42,1,20,16,14,128,0.15,0.001,51000,9000,10000,6090,0.9891111254692078,0.03893390670418739,0.9898999929428101,0.030779052525758743,64.578,success,,2026-08-10T16:35:41+00:00
limite_128_criblage,sha256:521523737c9f1da4288d04f12329d836e6b69841371b54dfc1bb5173a6691b36,activation_softmax__f1_8__f2_16__dropout_0p8__seed_42,softmax,softmax,8,16,0.8,1,42,1,20,16,14,128,0.15,0.001,51000,9000,10000,6090,0.9851111173629761,0.05454440414905548,0.9839000105857849,0.04846387356519699,64.006,success,,2026-08-10T16:37:35+00:00
limite_128_criblage,sha256:521523737c9f1da4288d04f12329d836e6b69841371b54dfc1bb5173a6691b36,activation_softmax__f1_8__f2_32__dropout_0__seed_42,softmax,softmax,8,32,0.0,1,42,1,20,6,4,128,0.15,0.001,51000,9000,10000,11930,0.9875555634498596,0.04779182747006416,0.9890000224113464,0.034757886081933975,26.33,success,,2026-08-10T16:38:25+00:00
limite_128_criblage,sha256:521523737c9f1da4288d04f12329d836e6b69841371b54dfc1bb5173a6691b36,activation_softmax__f1_8__f2_32__dropout_0p2__seed_42,softmax,softmax,8,32,0.2,1,42,1,20,9,7,128,0.15,0.001,51000,9000,10000,11930,0.9901111125946045,0.03534925729036331,0.9908000230789185,0.03295651078224182,39.271,success,,2026-08-10T16:39:39+00:00
limite_128_criblage,sha256:521523737c9f1da4288d04f12329d836e6b69841371b54dfc1bb5173a6691b36,activation_softmax__f1_8__f2_32__dropout_0p4__seed_42,softmax,softmax,8,32,0.4,1,42,1,20,14,12,128,0.15,0.001,51000,9000,10000,11930,0.9918888807296753,0.029564565047621727,0.9926000237464905,0.023111846297979355,64.012,success,,2026-08-10T16:41:38+00:00
limite_128_criblage,sha256:521523737c9f1da4288d04f12329d836e6b69841371b54dfc1bb5173a6691b36,activation_softmax__f1_8__f2_32__dropout_0p6__seed_42,softmax,softmax,8,32,0.6,1,42,1,20,20,19,128,0.15,0.001,51000,9000,10000,11930,0.9927777647972107,0.029047084972262383,0.991599977016449,0.024986842647194862,86.281,success,,2026-08-10T16:43:43+00:00
limite_128_criblage,sha256:521523737c9f1da4288d04f12329d836e6b69841371b54dfc1bb5173a6691b36,activation_softmax__f1_8__f2_32__dropout_0p8__seed_42,softmax,softmax,8,32,0.8,1,42,1,20,15,13,128,0.15,0.001,51000,9000,10000,11930,0.9891111254692078,0.03695717453956604,0.9879999756813049,0.032941412180662155,66.559,success,,2026-08-10T16:46:06+00:00
limite_128_criblage,sha256:521523737c9f1da4288d04f12329d836e6b69841371b54dfc1bb5173a6691b36,activation_softmax__f1_8__f2_64__dropout_0__seed_42,softmax,softmax,8,64,0.0,1,42,1,20,4,2,128,0.15,0.001,51000,9000,10000,23610,0.9875555634498596,0.04953249916434288,0.9866999983787537,0.043412938714027405,21.519,success,,2026-08-10T16:46:47+00:00
limite_128_criblage,sha256:521523737c9f1da4288d04f12329d836e6b69841371b54dfc1bb5173a6691b36,activation_softmax__f1_8__f2_64__dropout_0p2__seed_42,softmax,softmax,8,64,0.2,1,42,1,20,8,6,128,0.15,0.001,51000,9000,10000,23610,0.9892222285270691,0.03927029296755791,0.9902999997138977,0.03039206936955452,41.713,success,,2026-08-10T16:48:05+00:00
limite_128_criblage,sha256:521523737c9f1da4288d04f12329d836e6b69841371b54dfc1bb5173a6691b36,activation_softmax__f1_8__f2_64__dropout_0p4__seed_42,softmax,softmax,8,64,0.4,1,42,1,20,10,8,128,0.15,0.001,51000,9000,10000,23610,0.991777777671814,0.034239381551742554,0.9914000034332275,0.028728991746902466,52.356,success,,2026-08-10T16:49:35+00:00
limite_128_criblage,sha256:521523737c9f1da4288d04f12329d836e6b69841371b54dfc1bb5173a6691b36,activation_softmax__f1_8__f2_64__dropout_0p6__seed_42,softmax,softmax,8,64,0.6,1,42,1,20,8,6,128,0.15,0.001,51000,9000,10000,23610,0.9909999966621399,0.03377455845475197,0.9915000200271606,0.026404250413179398,42.612,success,,2026-08-10T16:50:54+00:00
limite_128_criblage,sha256:521523737c9f1da4288d04f12329d836e6b69841371b54dfc1bb5173a6691b36,activation_softmax__f1_8__f2_64__dropout_0p8__seed_42,softmax,softmax,8,64,0.8,1,42,1,20,12,10,128,0.15,0.001,51000,9000,10000,23610,0.9901111125946045,0.03631684184074402,0.9902999997138977,0.02975093014538288,61.684,success,,2026-08-10T16:53:18+00:00
limite_128_criblage,sha256:521523737c9f1da4288d04f12329d836e6b69841371b54dfc1bb5173a6691b36,activation_softmax__f1_8__f2_128__dropout_0__seed_42,softmax,softmax,8,128,0.0,1,42,1,20,4,2,128,0.15,0.001,51000,9000,10000,46970,0.9852222204208374,0.05045313388109207,0.9864000082015991,0.04324766993522644,25.596,success,,2026-08-10T16:54:07+00:00
limite_128_criblage,sha256:521523737c9f1da4288d04f12329d836e6b69841371b54dfc1bb5173a6691b36,activation_softmax__f1_8__f2_128__dropout_0p2__seed_42,softmax,softmax,8,128,0.2,1,42,1,20,5,3,128,0.15,0.001,51000,9000,10000,46970,0.9883333444595337,0.042134031653404236,0.9896000027656555,0.031962357461452484,32.885,success,,2026-08-10T16:55:03+00:00
limite_128_criblage,sha256:521523737c9f1da4288d04f12329d836e6b69841371b54dfc1bb5173a6691b36,activation_softmax__f1_8__f2_128__dropout_0p4__seed_42,softmax,softmax,8,128,0.4,1,42,1,20,7,5,128,0.15,0.001,51000,9000,10000,46970,0.9906666874885559,0.03716909885406494,0.9915000200271606,0.03147679939866066,44.62,success,,2026-08-10T16:56:23+00:00
limite_128_criblage,sha256:521523737c9f1da4288d04f12329d836e6b69841371b54dfc1bb5173a6691b36,activation_softmax__f1_8__f2_128__dropout_0p6__seed_42,softmax,softmax,8,128,0.6,1,42,1,20,8,6,128,0.15,0.001,51000,9000,10000,46970,0.991777777671814,0.030826464295387268,0.9926999807357788,0.023486101999878883,51.309,success,,2026-08-10T16:58:10+00:00
limite_128_criblage,sha256:521523737c9f1da4288d04f12329d836e6b69841371b54dfc1bb5173a6691b36,activation_softmax__f1_8__f2_128__dropout_0p8__seed_42,softmax,softmax,8,128,0.8,1,42,1,20,10,8,128,0.15,0.001,51000,9000,10000,46970,0.9915555715560913,0.034037746489048004,0.9908000230789185,0.02470051869750023,63.443,success,,2026-08-10T17:00:32+00:00
limite_128_criblage,sha256:521523737c9f1da4288d04f12329d836e6b69841371b54dfc1bb5173a6691b36,activation_softmax__f1_16__f2_8__dropout_0__seed_42,softmax,softmax,16,8,0.0,1,42,1,20,10,8,128,0.15,0.001,51000,9000,10000,5010,0.9853333234786987,0.051451217383146286,0.9847999811172485,0.04601177200675011,47.22,success,,2026-08-10T17:01:48+00:00
limite_128_criblage,sha256:521523737c9f1da4288d04f12329d836e6b69841371b54dfc1bb5173a6691b36,activation_softmax__f1_16__f2_8__dropout_0p2__seed_42,softmax,softmax,16,8,0.2,1,42,1,20,19,17,128,0.15,0.001,51000,9000,10000,5010,0.988777756690979,0.0416584350168705,0.9896000027656555,0.03339635580778122,88.026,success,,2026-08-10T17:04:02+00:00
limite_128_criblage,sha256:521523737c9f1da4288d04f12329d836e6b69841371b54dfc1bb5173a6691b36,activation_softmax__f1_16__f2_8__dropout_0p4__seed_42,softmax,softmax,16,8,0.4,1,42,1,20,12,10,128,0.15,0.001,51000,9000,10000,5010,0.9875555634498596,0.045882388949394226,0.9878000020980835,0.04057532548904419,56.576,success,,2026-08-10T17:05:44+00:00
limite_128_criblage,sha256:521523737c9f1da4288d04f12329d836e6b69841371b54dfc1bb5173a6691b36,activation_softmax__f1_16__f2_8__dropout_0p6__seed_42,softmax,softmax,16,8,0.6,1,42,1,20,8,6,128,0.15,0.001,51000,9000,10000,5010,0.9828888773918152,0.06028043106198311,0.9818000197410583,0.0571141242980957,38.636,success,,2026-08-10T17:07:24+00:00
limite_128_criblage,sha256:521523737c9f1da4288d04f12329d836e6b69841371b54dfc1bb5173a6691b36,activation_softmax__f1_16__f2_8__dropout_0p8__seed_42,softmax,softmax,16,8,0.8,1,42,1,20,18,16,128,0.15,0.001,51000,9000,10000,5010,0.9796666502952576,0.06961458176374435,0.9793999791145325,0.06682728976011276,84.342,success,,2026-08-10T17:09:39+00:00
limite_128_criblage,sha256:521523737c9f1da4288d04f12329d836e6b69841371b54dfc1bb5173a6691b36,activation_softmax__f1_16__f2_16__dropout_0__seed_42,softmax,softmax,16,16,0.0,1,42,1,20,7,5,128,0.15,0.001,51000,9000,10000,9530,0.9845555424690247,0.053034842014312744,0.9833999872207642,0.05045466870069504,35.116,success,,2026-08-10T17:10:53+00:00
limite_128_criblage,sha256:521523737c9f1da4288d04f12329d836e6b69841371b54dfc1bb5173a6691b36,activation_softmax__f1_16__f2_16__dropout_0p2__seed_42,softmax,softmax,16,16,0.2,1,42,1,20,11,9,128,0.15,0.001,51000,9000,10000,9530,0.9890000224113464,0.037895333021879196,0.9908000230789185,0.0283525213599205,54.441,success,,2026-08-10T17:12:23+00:00
limite_128_criblage,sha256:521523737c9f1da4288d04f12329d836e6b69841371b54dfc1bb5173a6691b36,activation_softmax__f1_16__f2_16__dropout_0p4__seed_42,softmax,softmax,16,16,0.4,1,42,1,20,16,14,128,0.15,0.001,51000,9000,10000,9530,0.9904444217681885,0.03215772286057472,0.9907000064849854,0.02748042345046997,79.071,success,,2026-08-10T17:14:43+00:00
limite_128_criblage,sha256:521523737c9f1da4288d04f12329d836e6b69841371b54dfc1bb5173a6691b36,activation_softmax__f1_16__f2_16__dropout_0p6__seed_42,softmax,softmax,16,16,0.6,1,42,1,20,12,10,128,0.15,0.001,51000,9000,10000,9530,0.9875555634498596,0.03919774666428566,0.9889000058174133,0.03133837506175041,59.308,success,,2026-08-10T17:16:56+00:00
limite_128_criblage,sha256:521523737c9f1da4288d04f12329d836e6b69841371b54dfc1bb5173a6691b36,activation_softmax__f1_16__f2_16__dropout_0p8__seed_42,softmax,softmax,16,16,0.8,1,42,1,20,13,11,128,0.15,0.001,51000,9000,10000,9530,0.9845555424690247,0.05541887506842613,0.9847999811172485,0.04798602685332298,65.518,success,,2026-08-10T17:18:50+00:00
limite_128_criblage,sha256:521523737c9f1da4288d04f12329d836e6b69841371b54dfc1bb5173a6691b36,activation_softmax__f1_16__f2_32__dropout_0__seed_42,softmax,softmax,16,32,0.0,1,42,1,20,7,5,128,0.15,0.001,51000,9000,10000,18570,0.9855555295944214,0.04635317251086235,0.9879000186920166,0.03825480490922928,38.186,success,,2026-08-10T17:19:53+00:00
limite_128_criblage,sha256:521523737c9f1da4288d04f12329d836e6b69841371b54dfc1bb5173a6691b36,activation_softmax__f1_16__f2_32__dropout_0p2__seed_42,softmax,softmax,16,32,0.2,1,42,1,20,6,4,128,0.15,0.001,51000,9000,10000,18570,0.9896666407585144,0.03932376205921173,0.9908000230789185,0.030094873160123825,33.559,success,,2026-08-10T17:21:01+00:00
limite_128_criblage,sha256:521523737c9f1da4288d04f12329d836e6b69841371b54dfc1bb5173a6691b36,activation_softmax__f1_16__f2_32__dropout_0p4__seed_42,softmax,softmax,16,32,0.4,1,42,1,20,12,10,128,0.15,0.001,51000,9000,10000,18570,0.9918888807296753,0.0313769094645977,0.991599977016449,0.02670392394065857,64.48,success,,2026-08-10T17:23:04+00:00
limite_128_criblage,sha256:521523737c9f1da4288d04f12329d836e6b69841371b54dfc1bb5173a6691b36,activation_softmax__f1_16__f2_32__dropout_0p6__seed_42,softmax,softmax,16,32,0.6,1,42,1,20,14,12,128,0.15,0.001,51000,9000,10000,18570,0.991777777671814,0.03128949552774429,0.9923999905586243,0.025091150775551796,74.954,success,,2026-08-10T17:25:35+00:00
limite_128_criblage,sha256:521523737c9f1da4288d04f12329d836e6b69841371b54dfc1bb5173a6691b36,activation_softmax__f1_16__f2_32__dropout_0p8__seed_42,softmax,softmax,16,32,0.8,1,42,1,20,11,9,128,0.15,0.001,51000,9000,10000,18570,0.9890000224113464,0.04057135432958603,0.9872999787330627,0.03518254682421684,59.626,success,,2026-08-10T17:27:46+00:00
limite_128_criblage,sha256:521523737c9f1da4288d04f12329d836e6b69841371b54dfc1bb5173a6691b36,activation_softmax__f1_16__f2_64__dropout_0__seed_42,softmax,softmax,16,64,0.0,1,42,1,20,5,3,128,0.15,0.001,51000,9000,10000,36650,0.9868888854980469,0.04763667285442352,0.988099992275238,0.040116991847753525,33.823,success,,2026-08-10T17:28:56+00:00
limite_128_criblage,sha256:521523737c9f1da4288d04f12329d836e6b69841371b54dfc1bb5173a6691b36,activation_softmax__f1_16__f2_64__dropout_0p2__seed_42,softmax,softmax,16,64,0.2,1,42,1,20,9,7,128,0.15,0.001,51000,9000,10000,36650,0.9893333315849304,0.04300836846232414,0.9916999936103821,0.030303869396448135,60.543,success,,2026-08-10T17:30:28+00:00
limite_128_criblage,sha256:521523737c9f1da4288d04f12329d836e6b69841371b54dfc1bb5173a6691b36,activation_softmax__f1_16__f2_64__dropout_0p4__seed_42,softmax,softmax,16,64,0.4,1,42,1,20,8,6,128,0.15,0.001,51000,9000,10000,36650,0.9900000095367432,0.038752127438783646,0.9894999861717224,0.03206659108400345,53.557,success,,2026-08-10T17:32:09+00:00
limite_128_criblage,sha256:521523737c9f1da4288d04f12329d836e6b69841371b54dfc1bb5173a6691b36,activation_softmax__f1_16__f2_64__dropout_0p6__seed_42,softmax,softmax,16,64,0.6,1,42,1,20,8,6,128,0.15,0.001,51000,9000,10000,36650,0.9902222156524658,0.03738885745406151,0.9907000064849854,0.02813606895506382,53.895,success,,2026-08-10T17:33:52+00:00
limite_128_criblage,sha256:521523737c9f1da4288d04f12329d836e6b69841371b54dfc1bb5173a6691b36,activation_softmax__f1_16__f2_64__dropout_0p8__seed_42,softmax,softmax,16,64,0.8,1,42,1,20,12,10,128,0.15,0.001,51000,9000,10000,36650,0.9897778034210205,0.03596996143460274,0.9904000163078308,0.028626153245568275,80.933,success,,2026-08-10T17:35:43+00:00
limite_128_criblage,sha256:521523737c9f1da4288d04f12329d836e6b69841371b54dfc1bb5173a6691b36,activation_softmax__f1_16__f2_128__dropout_0__seed_42,softmax,softmax,16,128,0.0,1,42,1,20,4,2,128,0.15,0.001,51000,9000,10000,72810,0.9867777824401855,0.045539237558841705,0.9871000051498413,0.03949657082557678,34.664,success,,2026-08-10T17:37:04+00:00
limite_128_criblage,sha256:521523737c9f1da4288d04f12329d836e6b69841371b54dfc1bb5173a6691b36,activation_softmax__f1_16__f2_128__dropout_0p2__seed_42,softmax,softmax,16,128,0.2,1,42,1,20,6,4,128,0.15,0.001,51000,9000,10000,72810,0.988111138343811,0.04374187812209129,0.9896000027656555,0.034130629152059555,51.748,success,,2026-08-10T17:38:42+00:00
limite_128_criblage,sha256:521523737c9f1da4288d04f12329d836e6b69841371b54dfc1bb5173a6691b36,activation_softmax__f1_16__f2_128__dropout_0p4__seed_42,softmax,softmax,16,128,0.4,1,42,1,20,5,3,128,0.15,0.001,51000,9000,10000,72810,0.9894444346427917,0.04054545238614082,0.9896000027656555,0.03315567597746849,43.488,success,,2026-08-10T17:40:26+00:00
limite_128_criblage,sha256:521523737c9f1da4288d04f12329d836e6b69841371b54dfc1bb5173a6691b36,activation_softmax__f1_16__f2_128__dropout_0p6__seed_42,softmax,softmax,16,128,0.6,1,42,1,20,11,9,128,0.15,0.001,51000,9000,10000,72810,0.9919999837875366,0.031013326719403267,0.9911999702453613,0.029414992779493332,90.796,success,,2026-08-10T17:42:57+00:00
limite_128_criblage,sha256:521523737c9f1da4288d04f12329d836e6b69841371b54dfc1bb5173a6691b36,activation_softmax__f1_16__f2_128__dropout_0p8__seed_42,softmax,softmax,16,128,0.8,1,42,1,20,14,12,128,0.15,0.001,51000,9000,10000,72810,0.9924444556236267,0.028257587924599648,0.9908999800682068,0.02658199705183506,115.804,success,,2026-08-10T17:46:16+00:00
limite_128_criblage,sha256:521523737c9f1da4288d04f12329d836e6b69841371b54dfc1bb5173a6691b36,activation_softmax__f1_32__f2_8__dropout_0__seed_42,softmax,softmax,32,8,0.0,1,42,1,20,7,5,128,0.15,0.001,51000,9000,10000,8690,0.9833333492279053,0.05422801151871681,0.9853000044822693,0.046195417642593384,46.471,success,,2026-08-10T17:47:38+00:00
limite_128_criblage,sha256:521523737c9f1da4288d04f12329d836e6b69841371b54dfc1bb5173a6691b36,activation_softmax__f1_32__f2_8__dropout_0p2__seed_42,softmax,softmax,32,8,0.2,1,42,1,20,17,15,128,0.15,0.001,51000,9000,10000,8690,0.988111138343811,0.037143152207136154,0.9879999756813049,0.034122589975595474,111.843,success,,2026-08-10T17:50:23+00:00
limite_128_criblage,sha256:521523737c9f1da4288d04f12329d836e6b69841371b54dfc1bb5173a6691b36,activation_softmax__f1_32__f2_8__dropout_0p4__seed_42,softmax,softmax,32,8,0.4,1,42,1,20,13,11,128,0.15,0.001,51000,9000,10000,8690,0.987333357334137,0.043154481798410416,0.9871000051498413,0.04009160026907921,85.43,success,,2026-08-10T17:52:43+00:00
limite_128_criblage,sha256:521523737c9f1da4288d04f12329d836e6b69841371b54dfc1bb5173a6691b36,activation_softmax__f1_32__f2_8__dropout_0p6__seed_42,softmax,softmax,32,8,0.6,1,42,1,20,10,8,128,0.15,0.001,51000,9000,10000,8690,0.9833333492279053,0.05704392492771149,0.9846000075340271,0.050231579691171646,68.028,success,,2026-08-10T17:54:51+00:00
limite_128_criblage,sha256:521523737c9f1da4288d04f12329d836e6b69841371b54dfc1bb5173a6691b36,activation_softmax__f1_32__f2_8__dropout_0p8__seed_42,softmax,softmax,32,8,0.8,1,42,1,20,7,5,128,0.15,0.001,51000,9000,10000,8690,0.9736666679382324,0.0913933590054512,0.972000002861023,0.09159505367279053,47.528,success,,2026-08-10T17:57:12+00:00
limite_128_criblage,sha256:521523737c9f1da4288d04f12329d836e6b69841371b54dfc1bb5173a6691b36,activation_softmax__f1_32__f2_16__dropout_0__seed_42,softmax,softmax,32,16,0.0,1,42,1,20,10,8,128,0.15,0.001,51000,9000,10000,16410,0.988444447517395,0.043482206761837006,0.9873999953269958,0.041820771992206573,69.745,success,,2026-08-10T17:59:05+00:00
limite_128_criblage,sha256:521523737c9f1da4288d04f12329d836e6b69841371b54dfc1bb5173a6691b36,activation_softmax__f1_32__f2_16__dropout_0p2__seed_42,softmax,softmax,32,16,0.2,1,42,1,20,9,7,128,0.15,0.001,51000,9000,10000,16410,0.9893333315849304,0.036863718181848526,0.989799976348877,0.029947606846690178,63.508,success,,2026-08-10T18:00:47+00:00
limite_128_criblage,sha256:521523737c9f1da4288d04f12329d836e6b69841371b54dfc1bb5173a6691b36,activation_softmax__f1_32__f2_16__dropout_0p4__seed_42,softmax,softmax,32,16,0.4,1,42,1,20,17,15,128,0.15,0.001,51000,9000,10000,16410,0.9911110997200012,0.03026929311454296,0.991100013256073,0.02728290669620037,117.86,success,,2026-08-10T18:03:30+00:00
limite_128_criblage,sha256:521523737c9f1da4288d04f12329d836e6b69841371b54dfc1bb5173a6691b36,activation_softmax__f1_32__f2_16__dropout_0p6__seed_42,softmax,softmax,32,16,0.6,1,42,1,20,14,12,128,0.15,0.001,51000,9000,10000,16410,0.9875555634498596,0.04075054079294205,0.9902999997138977,0.029921257868409157,97.356,success,,2026-08-10T18:06:09+00:00
limite_128_criblage,sha256:521523737c9f1da4288d04f12329d836e6b69841371b54dfc1bb5173a6691b36,activation_softmax__f1_32__f2_16__dropout_0p8__seed_42,softmax,softmax,32,16,0.8,1,42,1,20,6,4,128,0.15,0.001,51000,9000,10000,16410,0.9797777533531189,0.06821928173303604,0.9815000295639038,0.06069071590900421,42.779,success,,2026-08-10T18:07:24+00:00
limite_128_criblage,sha256:521523737c9f1da4288d04f12329d836e6b69841371b54dfc1bb5173a6691b36,activation_softmax__f1_32__f2_32__dropout_0__seed_42,softmax,softmax,32,32,0.0,1,42,1,20,6,4,128,0.15,0.001,51000,9000,10000,31850,0.988111138343811,0.04491709545254707,0.9883000254631042,0.03569065034389496,46.194,success,,2026-08-10T18:08:52+00:00
limite_128_criblage,sha256:521523737c9f1da4288d04f12329d836e6b69841371b54dfc1bb5173a6691b36,activation_softmax__f1_32__f2_32__dropout_0p2__seed_42,softmax,softmax,32,32,0.2,1,42,1,20,10,8,128,0.15,0.001,51000,9000,10000,31850,0.9909999966621399,0.030643735080957413,0.9921000003814697,0.02805708535015583,76.624,success,,2026-08-10T18:10:58+00:00
limite_128_criblage,sha256:521523737c9f1da4288d04f12329d836e6b69841371b54dfc1bb5173a6691b36,activation_softmax__f1_32__f2_32__dropout_0p4__seed_42,softmax,softmax,32,32,0.4,1,42,1,20,8,6,128,0.15,0.001,51000,9000,10000,31850,0.9909999966621399,0.030475497245788574,0.9914000034332275,0.028326522558927536,62.247,success,,2026-08-10T18:12:55+00:00
limite_128_criblage,sha256:521523737c9f1da4288d04f12329d836e6b69841371b54dfc1bb5173a6691b36,activation_softmax__f1_32__f2_32__dropout_0p6__seed_42,softmax,softmax,32,32,0.6,1,42,1,20,10,8,128,0.15,0.001,51000,9000,10000,31850,0.9908888936042786,0.03316010907292366,0.9926000237464905,0.02536589279770851,77.89,success,,2026-08-10T18:15:09+00:00
limite_128_criblage,sha256:521523737c9f1da4288d04f12329d836e6b69841371b54dfc1bb5173a6691b36,activation_softmax__f1_32__f2_32__dropout_0p8__seed_42,softmax,softmax,32,32,0.8,1,42,1,20,12,10,128,0.15,0.001,51000,9000,10000,31850,0.9894444346427917,0.037108153104782104,0.9889000058174133,0.03307520970702171,91.568,success,,2026-08-10T18:17:49+00:00
limite_128_criblage,sha256:521523737c9f1da4288d04f12329d836e6b69841371b54dfc1bb5173a6691b36,activation_softmax__f1_32__f2_64__dropout_0__seed_42,softmax,softmax,32,64,0.0,1,42,1,20,8,6,128,0.15,0.001,51000,9000,10000,62730,0.9890000224113464,0.041730817407369614,0.9905999898910522,0.03271789476275444,72.214,success,,2026-08-10T18:19:58+00:00
limite_128_criblage,sha256:521523737c9f1da4288d04f12329d836e6b69841371b54dfc1bb5173a6691b36,activation_softmax__f1_32__f2_64__dropout_0p2__seed_42,softmax,softmax,32,64,0.2,1,42,1,20,6,4,128,0.15,0.001,51000,9000,10000,62730,0.9895555377006531,0.03668992966413498,0.9896000027656555,0.03096875362098217,55.488,success,,2026-08-10T18:21:28+00:00
limite_128_criblage,sha256:521523737c9f1da4288d04f12329d836e6b69841371b54dfc1bb5173a6691b36,activation_softmax__f1_32__f2_64__dropout_0p4__seed_42,softmax,softmax,32,64,0.4,1,42,1,20,8,6,128,0.15,0.001,51000,9000,10000,62730,0.9907777905464172,0.03207328915596008,0.9923999905586243,0.02555157244205475,73.39,success,,2026-08-10T18:24:18+00:00
limite_128_criblage,sha256:521523737c9f1da4288d04f12329d836e6b69841371b54dfc1bb5173a6691b36,activation_softmax__f1_32__f2_64__dropout_0p6__seed_42,softmax,softmax,32,64,0.6,1,42,1,20,8,6,128,0.15,0.001,51000,9000,10000,62730,0.9916666746139526,0.031472329050302505,0.9918000102043152,0.02556612156331539,72.926,success,,2026-08-10T18:26:53+00:00
limite_128_criblage,sha256:521523737c9f1da4288d04f12329d836e6b69841371b54dfc1bb5173a6691b36,activation_softmax__f1_32__f2_64__dropout_0p8__seed_42,softmax,softmax,32,64,0.8,1,42,1,20,9,7,128,0.15,0.001,51000,9000,10000,62730,0.9897778034210205,0.036085497587919235,0.9908000230789185,0.028874820098280907,82.447,success,,2026-08-10T18:29:30+00:00
limite_128_criblage,sha256:521523737c9f1da4288d04f12329d836e6b69841371b54dfc1bb5173a6691b36,activation_softmax__f1_32__f2_128__dropout_0__seed_42,softmax,softmax,32,128,0.0,1,42,1,20,7,5,128,0.15,0.001,51000,9000,10000,124490,0.9904444217681885,0.04121248424053192,0.9904000163078308,0.032265741378068924,81.851,success,,2026-08-10T18:31:45+00:00
limite_128_criblage,sha256:521523737c9f1da4288d04f12329d836e6b69841371b54dfc1bb5173a6691b36,activation_softmax__f1_32__f2_128__dropout_0p2__seed_42,softmax,softmax,32,128,0.2,1,42,1,20,6,4,128,0.15,0.001,51000,9000,10000,124490,0.9897778034210205,0.04136137664318085,0.9905999898910522,0.030121199786663055,71.957,success,,2026-08-10T18:34:04+00:00
limite_128_criblage,sha256:521523737c9f1da4288d04f12329d836e6b69841371b54dfc1bb5173a6691b36,activation_softmax__f1_32__f2_128__dropout_0p4__seed_42,softmax,softmax,32,128,0.4,1,42,1,20,5,3,128,0.15,0.001,51000,9000,10000,124490,0.9898889064788818,0.03741275519132614,0.9898999929428101,0.027902139350771904,61.633,success,,2026-08-10T18:36:12+00:00
limite_128_criblage,sha256:521523737c9f1da4288d04f12329d836e6b69841371b54dfc1bb5173a6691b36,activation_softmax__f1_32__f2_128__dropout_0p6__seed_42,softmax,softmax,32,128,0.6,1,42,1,20,13,11,128,0.15,0.001,51000,9000,10000,124490,0.9927777647972107,0.03022783063352108,0.9927999973297119,0.023605406284332275,153.122,success,,2026-08-10T18:40:22+00:00
limite_128_criblage,sha256:521523737c9f1da4288d04f12329d836e6b69841371b54dfc1bb5173a6691b36,activation_softmax__f1_32__f2_128__dropout_0p8__seed_42,softmax,softmax,32,128,0.8,1,42,1,20,19,17,128,0.15,0.001,51000,9000,10000,124490,0.992888867855072,0.02892606519162655,0.992900013923645,0.02341209538280964,222.761,success,,2026-08-10T18:45:21+00:00
limite_128_criblage,sha256:521523737c9f1da4288d04f12329d836e6b69841371b54dfc1bb5173a6691b36,activation_softmax__f1_64__f2_8__dropout_0__seed_42,softmax,softmax,64,8,0.0,1,42,1,20,12,10,128,0.15,0.001,51000,9000,10000,16050,0.9875555634498596,0.04433925449848175,0.9868000149726868,0.0427619032561779,140.217,success,,2026-08-10T18:48:45+00:00
limite_128_criblage,sha256:521523737c9f1da4288d04f12329d836e6b69841371b54dfc1bb5173a6691b36,activation_softmax__f1_64__f2_8__dropout_0p2__seed_42,softmax,softmax,64,8,0.2,1,42,1,20,5,3,128,0.15,0.001,51000,9000,10000,16050,0.9810000061988831,0.06439187377691269,0.9817000031471252,0.05745967477560043,59.782,success,,2026-08-10T18:51:57+00:00
limite_128_criblage,sha256:521523737c9f1da4288d04f12329d836e6b69841371b54dfc1bb5173a6691b36,activation_softmax__f1_64__f2_8__dropout_0p4__seed_42,softmax,softmax,64,8,0.4,1,42,1,20,14,12,128,0.15,0.001,51000,9000,10000,16050,0.9869999885559082,0.04146740585565567,0.9886999726295471,0.035191796720027924,166.318,success,,2026-08-10T18:56:08+00:00
limite_128_criblage,sha256:521523737c9f1da4288d04f12329d836e6b69841371b54dfc1bb5173a6691b36,activation_softmax__f1_64__f2_8__dropout_0p6__seed_42,softmax,softmax,64,8,0.6,1,42,1,20,12,10,128,0.15,0.001,51000,9000,10000,16050,0.9851111173629761,0.04881958290934563,0.9857000112533569,0.04548623785376549,138.752,success,,2026-08-10T18:59:59+00:00
limite_128_criblage,sha256:521523737c9f1da4288d04f12329d836e6b69841371b54dfc1bb5173a6691b36,activation_softmax__f1_64__f2_8__dropout_0p8__seed_42,softmax,softmax,64,8,0.8,1,42,1,20,11,9,128,0.15,0.001,51000,9000,10000,16050,0.9779999852180481,0.07574781030416489,0.9779999852180481,0.07050972431898117,127.845,success,,2026-08-10T19:04:38+00:00
limite_128_criblage,sha256:521523737c9f1da4288d04f12329d836e6b69841371b54dfc1bb5173a6691b36,activation_softmax__f1_64__f2_16__dropout_0__seed_42,softmax,softmax,64,16,0.0,1,42,1,20,8,6,128,0.15,0.001,51000,9000,10000,30170,0.9875555634498596,0.04721924662590027,0.9879999756813049,0.039992719888687134,97.044,success,,2026-08-10T19:07:11+00:00
limite_128_criblage,sha256:521523737c9f1da4288d04f12329d836e6b69841371b54dfc1bb5173a6691b36,activation_softmax__f1_64__f2_16__dropout_0p2__seed_42,softmax,softmax,64,16,0.2,1,42,1,20,12,10,128,0.15,0.001,51000,9000,10000,30170,0.9890000224113464,0.036593955010175705,0.9908000230789185,0.028228851035237312,147.454,success,,2026-08-10T19:11:04+00:00
limite_128_criblage,sha256:521523737c9f1da4288d04f12329d836e6b69841371b54dfc1bb5173a6691b36,activation_softmax__f1_64__f2_16__dropout_0p4__seed_42,softmax,softmax,64,16,0.4,1,42,1,20,12,10,128,0.15,0.001,51000,9000,10000,30170,0.9902222156524658,0.03555385395884514,0.992900013923645,0.026199661195278168,144.504,success,,2026-08-10T19:14:45+00:00
limite_128_criblage,sha256:521523737c9f1da4288d04f12329d836e6b69841371b54dfc1bb5173a6691b36,activation_softmax__f1_64__f2_16__dropout_0p6__seed_42,softmax,softmax,64,16,0.6,1,42,1,20,12,10,128,0.15,0.001,51000,9000,10000,30170,0.9893333315849304,0.03882041573524475,0.9911999702453613,0.02991650626063347,145.918,success,,2026-08-10T19:19:30+00:00
limite_128_criblage,sha256:521523737c9f1da4288d04f12329d836e6b69841371b54dfc1bb5173a6691b36,activation_softmax__f1_64__f2_16__dropout_0p8__seed_42,softmax,softmax,64,16,0.8,1,42,1,20,8,6,128,0.15,0.001,51000,9000,10000,30170,0.9811111092567444,0.06353790313005447,0.9829000234603882,0.054644085466861725,98.049,success,,2026-08-10T19:23:28+00:00
limite_128_criblage,sha256:521523737c9f1da4288d04f12329d836e6b69841371b54dfc1bb5173a6691b36,activation_softmax__f1_64__f2_32__dropout_0__seed_42,softmax,softmax,64,32,0.0,1,42,1,20,6,4,128,0.15,0.001,51000,9000,10000,58410,0.987666666507721,0.04543694108724594,0.988099992275238,0.038837939500808716,79.31,success,,2026-08-10T19:25:58+00:00
limite_128_criblage,sha256:521523737c9f1da4288d04f12329d836e6b69841371b54dfc1bb5173a6691b36,activation_softmax__f1_64__f2_32__dropout_0p2__seed_42,softmax,softmax,64,32,0.2,1,42,1,20,8,6,128,0.15,0.001,51000,9000,10000,58410,0.9906666874885559,0.034340281039476395,0.9898999929428101,0.03132191672921181,106.191,success,,2026-08-10T19:29:41+00:00
limite_128_criblage,sha256:521523737c9f1da4288d04f12329d836e6b69841371b54dfc1bb5173a6691b36,activation_softmax__f1_64__f2_32__dropout_0p4__seed_42,softmax,softmax,64,32,0.4,1,42,1,20,11,9,128,0.15,0.001,51000,9000,10000,58410,0.9907777905464172,0.03148309141397476,0.9925000071525574,0.02384832315146923,145.169,success,,2026-08-10T19:34:04+00:00
limite_128_criblage,sha256:521523737c9f1da4288d04f12329d836e6b69841371b54dfc1bb5173a6691b36,activation_softmax__f1_64__f2_32__dropout_0p6__seed_42,softmax,softmax,64,32,0.6,1,42,1,20,8,6,128,0.15,0.001,51000,9000,10000,58410,0.9900000095367432,0.03605331480503082,0.9911999702453613,0.02852431684732437,104.919,success,,2026-08-10T19:37:35+00:00
limite_128_criblage,sha256:521523737c9f1da4288d04f12329d836e6b69841371b54dfc1bb5173a6691b36,activation_softmax__f1_64__f2_32__dropout_0p8__seed_42,softmax,softmax,64,32,0.8,1,42,1,20,15,13,128,0.15,0.001,51000,9000,10000,58410,0.9897778034210205,0.03755706176161766,0.9898999929428101,0.031048690900206566,196.02,success,,2026-08-10T19:43:10+00:00
limite_128_criblage,sha256:521523737c9f1da4288d04f12329d836e6b69841371b54dfc1bb5173a6691b36,activation_softmax__f1_64__f2_64__dropout_0__seed_42,softmax,softmax,64,64,0.0,1,42,1,20,4,2,128,0.15,0.001,51000,9000,10000,114890,0.9863333106040955,0.048745352774858475,0.9858999848365784,0.043870698660612106,63.99,success,,2026-08-10T19:45:25+00:00
limite_128_criblage,sha256:521523737c9f1da4288d04f12329d836e6b69841371b54dfc1bb5173a6691b36,activation_softmax__f1_64__f2_64__dropout_0p2__seed_42,softmax,softmax,64,64,0.2,1,42,1,20,5,3,128,0.15,0.001,51000,9000,10000,114890,0.9893333315849304,0.03789664804935455,0.9897000193595886,0.032223496586084366,79.679,success,,2026-08-10T19:48:39+00:00
limite_128_criblage,sha256:521523737c9f1da4288d04f12329d836e6b69841371b54dfc1bb5173a6691b36,activation_softmax__f1_64__f2_64__dropout_0p4__seed_42,softmax,softmax,64,64,0.4,1,42,1,20,6,4,128,0.15,0.001,51000,9000,10000,114890,0.9896666407585144,0.0400630347430706,0.9886999726295471,0.031895220279693604,95.256,success,,2026-08-10T19:52:07+00:00
limite_128_criblage,sha256:521523737c9f1da4288d04f12329d836e6b69841371b54dfc1bb5173a6691b36,activation_softmax__f1_64__f2_64__dropout_0p6__seed_42,softmax,softmax,64,64,0.6,1,42,1,20,8,6,128,0.15,0.001,51000,9000,10000,114890,0.99144446849823,0.032167963683605194,0.9912999868392944,0.025920681655406952,125.544,success,,2026-08-10T19:55:38+00:00
limite_128_criblage,sha256:521523737c9f1da4288d04f12329d836e6b69841371b54dfc1bb5173a6691b36,activation_softmax__f1_64__f2_64__dropout_0p8__seed_42,softmax,softmax,64,64,0.8,1,42,1,20,13,11,128,0.15,0.001,51000,9000,10000,114890,0.9915555715560913,0.031702570617198944,0.9918000102043152,0.02595066837966442,203.923,success,,2026-08-10T20:00:55+00:00
limite_128_criblage,sha256:521523737c9f1da4288d04f12329d836e6b69841371b54dfc1bb5173a6691b36,activation_softmax__f1_64__f2_128__dropout_0__seed_42,softmax,softmax,64,128,0.0,1,42,1,20,4,2,128,0.15,0.001,51000,9000,10000,227850,0.9853333234786987,0.05260177329182625,0.9864000082015991,0.045255690813064575,80.695,success,,2026-08-10T20:04:42+00:00
limite_128_criblage,sha256:521523737c9f1da4288d04f12329d836e6b69841371b54dfc1bb5173a6691b36,activation_softmax__f1_64__f2_128__dropout_0p2__seed_42,softmax,softmax,64,128,0.2,1,42,1,20,7,5,128,0.15,0.001,51000,9000,10000,227850,0.9897778034210205,0.040598783642053604,0.9908000230789185,0.03345886990427971,140.15,success,,2026-08-10T20:08:35+00:00
limite_128_criblage,sha256:521523737c9f1da4288d04f12329d836e6b69841371b54dfc1bb5173a6691b36,activation_softmax__f1_64__f2_128__dropout_0p4__seed_42,softmax,softmax,64,128,0.4,1,42,1,20,9,7,128,0.15,0.001,51000,9000,10000,227850,0.9907777905464172,0.036824457347393036,0.9916999936103821,0.02943788841366768,180.041,success,,2026-08-10T20:13:26+00:00
limite_128_criblage,sha256:521523737c9f1da4288d04f12329d836e6b69841371b54dfc1bb5173a6691b36,activation_softmax__f1_64__f2_128__dropout_0p6__seed_42,softmax,softmax,64,128,0.6,1,42,1,20,9,7,128,0.15,0.001,51000,9000,10000,227850,0.9918888807296753,0.03192673251032829,0.9921000003814697,0.024745652452111244,181.903,success,,2026-08-10T20:19:13+00:00
limite_128_criblage,sha256:521523737c9f1da4288d04f12329d836e6b69841371b54dfc1bb5173a6691b36,activation_softmax__f1_64__f2_128__dropout_0p8__seed_42,softmax,softmax,64,128,0.8,1,42,1,20,12,10,128,0.15,0.001,51000,9000,10000,227850,0.9909999966621399,0.030741525813937187,0.9926999807357788,0.023208176717162132,241.925,success,,2026-08-10T20:27:16+00:00
limite_128_criblage,sha256:521523737c9f1da4288d04f12329d836e6b69841371b54dfc1bb5173a6691b36,activation_softmax__f1_128__f2_8__dropout_0__seed_42,softmax,softmax,128,8,0.0,1,42,1,20,12,10,128,0.15,0.001,51000,9000,10000,30770,0.9862222075462341,0.047850675880908966,0.9871000051498413,0.03993581235408783,279.845,success,,2026-08-10T20:33:57+00:00
limite_128_criblage,sha256:521523737c9f1da4288d04f12329d836e6b69841371b54dfc1bb5173a6691b36,activation_softmax__f1_128__f2_8__dropout_0p2__seed_42,softmax,softmax,128,8,0.2,1,42,1,20,7,5,128,0.15,0.001,51000,9000,10000,30770,0.9831110835075378,0.055038031190633774,0.9847000241279602,0.04558464512228966,163.803,success,,2026-08-10T20:39:42+00:00
limite_128_criblage,sha256:521523737c9f1da4288d04f12329d836e6b69841371b54dfc1bb5173a6691b36,activation_softmax__f1_128__f2_8__dropout_0p4__seed_42,softmax,softmax,128,8,0.4,1,42,1,20,12,10,128,0.15,0.001,51000,9000,10000,30770,0.988777756690979,0.040920939296483994,0.989300012588501,0.03278665617108345,278.753,success,,2026-08-10T20:48:21+00:00
limite_128_criblage,sha256:521523737c9f1da4288d04f12329d836e6b69841371b54dfc1bb5173a6691b36,activation_softmax__f1_128__f2_8__dropout_0p6__seed_42,softmax,softmax,128,8,0.6,1,42,1,20,6,4,128,0.15,0.001,51000,9000,10000,30770,0.979888916015625,0.06558052450418472,0.9812999963760376,0.05962814390659332,140.665,success,,2026-08-10T20:53:03+00:00
limite_128_criblage,sha256:521523737c9f1da4288d04f12329d836e6b69841371b54dfc1bb5173a6691b36,activation_softmax__f1_128__f2_8__dropout_0p8__seed_42,softmax,softmax,128,8,0.8,1,42,1,20,7,5,128,0.15,0.001,51000,9000,10000,30770,0.9717777967453003,0.09255989640951157,0.970300018787384,0.09040755033493042,163.717,success,,2026-08-10T20:59:08+00:00
limite_128_criblage,sha256:521523737c9f1da4288d04f12329d836e6b69841371b54dfc1bb5173a6691b36,activation_softmax__f1_128__f2_16__dropout_0__seed_42,softmax,softmax,128,16,0.0,1,42,1,20,7,5,128,0.15,0.001,51000,9000,10000,57690,0.988111138343811,0.044829875230789185,0.988099992275238,0.03861728683114052,163.085,success,,2026-08-10T21:03:14+00:00
limite_128_criblage,sha256:521523737c9f1da4288d04f12329d836e6b69841371b54dfc1bb5173a6691b36,activation_softmax__f1_128__f2_16__dropout_0p2__seed_42,softmax,softmax,128,16,0.2,1,42,1,20,11,9,128,0.15,0.001,51000,9000,10000,57690,0.9897778034210205,0.035050440579652786,0.9908999800682068,0.026434287428855896,257.236,success,,2026-08-10T21:10:54+00:00
limite_128_criblage,sha256:521523737c9f1da4288d04f12329d836e6b69841371b54dfc1bb5173a6691b36,activation_softmax__f1_128__f2_16__dropout_0p4__seed_42,softmax,softmax,128,16,0.4,1,42,1,20,10,8,128,0.15,0.001,51000,9000,10000,57690,0.9890000224113464,0.04013468697667122,0.9912999868392944,0.028762267902493477,233.625,success,,2026-08-10T21:17:11+00:00
limite_128_criblage,sha256:521523737c9f1da4288d04f12329d836e6b69841371b54dfc1bb5173a6691b36,activation_softmax__f1_128__f2_16__dropout_0p6__seed_42,softmax,softmax,128,16,0.6,1,42,1,20,12,10,128,0.15,0.001,51000,9000,10000,57690,0.9885555505752563,0.04050659015774727,0.9896000027656555,0.030428841710090637,280.22,success,,2026-08-10T21:25:13+00:00
limite_128_criblage,sha256:521523737c9f1da4288d04f12329d836e6b69841371b54dfc1bb5173a6691b36,activation_softmax__f1_128__f2_16__dropout_0p8__seed_42,softmax,softmax,128,16,0.8,1,42,1,20,9,7,128,0.15,0.001,51000,9000,10000,57690,0.9825555682182312,0.061958182603120804,0.9811000227928162,0.05634599179029465,212.319,success,,2026-08-10T21:32:07+00:00
limite_128_criblage,sha256:521523737c9f1da4288d04f12329d836e6b69841371b54dfc1bb5173a6691b36,activation_softmax__f1_128__f2_32__dropout_0__seed_42,softmax,softmax,128,32,0.0,1,42,1,20,6,4,128,0.15,0.001,51000,9000,10000,111530,0.987666666507721,0.043640948832035065,0.9886999726295471,0.03718971088528633,150.219,success,,2026-08-10T21:36:51+00:00
limite_128_criblage,sha256:521523737c9f1da4288d04f12329d836e6b69841371b54dfc1bb5173a6691b36,activation_softmax__f1_128__f2_32__dropout_0p2__seed_42,softmax,softmax,128,32,0.2,1,42,1,20,14,12,128,0.15,0.001,51000,9000,10000,111530,0.9924444556236267,0.03104620985686779,0.9926999807357788,0.026300426572561264,347.97,success,,2026-08-10T21:44:32+00:00
limite_128_criblage,sha256:521523737c9f1da4288d04f12329d836e6b69841371b54dfc1bb5173a6691b36,activation_softmax__f1_128__f2_32__dropout_0p4__seed_42,softmax,softmax,128,32,0.4,1,42,1,20,10,8,128,0.15,0.001,51000,9000,10000,111530,0.9915555715560913,0.03241242468357086,0.9919999837875366,0.0235167033970356,251.431,success,,2026-08-10T21:51:20+00:00
limite_128_criblage,sha256:521523737c9f1da4288d04f12329d836e6b69841371b54dfc1bb5173a6691b36,activation_softmax__f1_128__f2_32__dropout_0p6__seed_42,softmax,softmax,128,32,0.6,1,42,1,20,18,16,128,0.15,0.001,51000,9000,10000,111530,0.9926666617393494,0.027339642867445946,0.9926000237464905,0.023741599172353745,454.723,success,,2026-08-10T22:01:52+00:00
limite_128_criblage,sha256:521523737c9f1da4288d04f12329d836e6b69841371b54dfc1bb5173a6691b36,activation_softmax__f1_128__f2_32__dropout_0p8__seed_42,softmax,softmax,128,32,0.8,1,42,1,20,11,9,128,0.15,0.001,51000,9000,10000,111530,0.9882222414016724,0.04051246866583824,0.9886000156402588,0.036443181335926056,273.609,success,,2026-08-10T22:10:49+00:00
limite_128_criblage,sha256:521523737c9f1da4288d04f12329d836e6b69841371b54dfc1bb5173a6691b36,activation_softmax__f1_128__f2_64__dropout_0__seed_42,softmax,softmax,128,64,0.0,1,42,1,20,6,4,128,0.15,0.001,51000,9000,10000,219210,0.9868888854980469,0.04820273071527481,0.987500011920929,0.0386979840695858,176.056,success,,2026-08-10T22:15:58+00:00
limite_128_criblage,sha256:521523737c9f1da4288d04f12329d836e6b69841371b54dfc1bb5173a6691b36,activation_softmax__f1_128__f2_64__dropout_0p2__seed_42,softmax,softmax,128,64,0.2,1,42,1,20,5,3,128,0.15,0.001,51000,9000,10000,219210,0.9879999756813049,0.04413686692714691,0.9872000217437744,0.03814982622861862,149.162,success,,2026-08-10T22:21:07+00:00
limite_128_criblage,sha256:521523737c9f1da4288d04f12329d836e6b69841371b54dfc1bb5173a6691b36,activation_softmax__f1_128__f2_64__dropout_0p4__seed_42,softmax,softmax,128,64,0.4,1,42,1,20,11,9,128,0.15,0.001,51000,9000,10000,219210,0.9915555715560913,0.030155077576637268,0.9915000200271606,0.025214597582817078,320.618,success,,2026-08-10T22:28:41+00:00
limite_128_criblage,sha256:521523737c9f1da4288d04f12329d836e6b69841371b54dfc1bb5173a6691b36,activation_softmax__f1_128__f2_64__dropout_0p6__seed_42,softmax,softmax,128,64,0.6,1,42,1,20,11,9,128,0.15,0.001,51000,9000,10000,219210,0.992111086845398,0.02809155359864235,0.9927999973297119,0.02444802038371563,322.823,success,,2026-08-10T22:35:51+00:00
limite_128_criblage,sha256:521523737c9f1da4288d04f12329d836e6b69841371b54dfc1bb5173a6691b36,activation_softmax__f1_128__f2_64__dropout_0p8__seed_42,softmax,softmax,128,64,0.8,1,42,1,20,9,7,128,0.15,0.001,51000,9000,10000,219210,0.9896666407585144,0.037396688014268875,0.9907000064849854,0.027770699933171272,265.75,success,,2026-08-10T22:44:12+00:00
limite_128_criblage,sha256:521523737c9f1da4288d04f12329d836e6b69841371b54dfc1bb5173a6691b36,activation_softmax__f1_128__f2_128__dropout_0__seed_42,softmax,softmax,128,128,0.0,1,42,1,20,5,3,128,0.15,0.001,51000,9000,10000,434570,0.9872221946716309,0.046275243163108826,0.9886999726295471,0.03845270350575447,200.545,success,,2026-08-10T22:50:35+00:00
limite_128_criblage,sha256:521523737c9f1da4288d04f12329d836e6b69841371b54dfc1bb5173a6691b36,activation_softmax__f1_128__f2_128__dropout_0p2__seed_42,softmax,softmax,128,128,0.2,1,42,1,20,7,5,128,0.15,0.001,51000,9000,10000,434570,0.9900000095367432,0.04309708997607231,0.9907000064849854,0.03144128993153572,271.404,success,,2026-08-10T22:58:41+00:00
limite_128_criblage,sha256:521523737c9f1da4288d04f12329d836e6b69841371b54dfc1bb5173a6691b36,activation_softmax__f1_128__f2_128__dropout_0p4__seed_42,softmax,softmax,128,128,0.4,1,42,1,20,8,6,128,0.15,0.001,51000,9000,10000,434570,0.9905555844306946,0.03761947154998779,0.9908999800682068,0.027636263519525528,310.157,success,,2026-08-10T23:06:16+00:00
limite_128_criblage,sha256:521523737c9f1da4288d04f12329d836e6b69841371b54dfc1bb5173a6691b36,activation_softmax__f1_128__f2_128__dropout_0p6__seed_42,softmax,softmax,128,128,0.6,1,42,1,20,12,10,128,0.15,0.001,51000,9000,10000,434570,0.9924444556236267,0.02844849042594433,0.9937999844551086,0.020682761445641518,463.046,success,,2026-08-10T23:18:43+00:00
limite_128_criblage,sha256:521523737c9f1da4288d04f12329d836e6b69841371b54dfc1bb5173a6691b36,activation_softmax__f1_128__f2_128__dropout_0p8__seed_42,softmax,softmax,128,128,0.8,1,42,1,20,16,14,128,0.15,0.001,51000,9000,10000,434570,0.9929999709129333,0.02799614891409874,0.9926000237464905,0.02215086854994297,611.752,success,,2026-08-10T23:33:40+00:00
