configuration_id,protocol_id,conv_activation,output_activation,filter_1,filter_2,dropout,log2_filter_1,log2_filter_2,model_parameters,log10_model_parameters,runs_completed,runs_failed,test_accuracy_mean,test_accuracy_std,test_accuracy_sem,test_accuracy_ci95_low,test_accuracy_ci95_high,test_loss_mean,test_loss_std,test_loss_sem,test_loss_ci95_low,test_loss_ci95_high,best_val_accuracy_mean,validation_test_gap,duration_seconds_mean,duration_seconds_std,duration_seconds_sem,duration_seconds_ci95_low,duration_seconds_ci95_high,epochs_completed_mean,epochs_completed_std,epochs_completed_sem,epochs_completed_ci95_low,epochs_completed_ci95_high,analysis_grain,runs_attempted,runs_expected,attempt_duration_seconds_mean,attempt_duration_seconds_std,test_accuracy_min,test_accuracy_max,best_val_accuracy_std,best_val_loss_mean,best_val_loss_std,attempts_complete,is_complete
521523737c__act_relu__f1_4__f2_8__dropout_0,sha256:521523737c9f1da4288d04f12329d836e6b69841371b54dfc1bb5173a6691b36,relu,softmax,4,8,0.0,2.0,3.0,2250,3.3521825181113627,1,0,0.9768999814987184,,,,,0.0770988315343856,,,,,0.975777804851532,-0.0011221766471863903,33.721,,,,,14.0,,,,,une ligne par configuration,1,1,33.721,,0.9768999814987184,0.9768999814987184,,0.0822179540991783,,True,True
521523737c__act_relu__f1_4__f2_8__dropout_0p2,sha256:521523737c9f1da4288d04f12329d836e6b69841371b54dfc1bb5173a6691b36,relu,softmax,4,8,0.2,2.0,3.0,2250,3.3521825181113627,1,0,0.9847000241279602,,,,,0.0464796982705593,,,,,0.984333336353302,-0.0003666877746582031,46.55,,,,,20.0,,,,,une ligne par configuration,1,1,46.55,,0.9847000241279602,0.9847000241279602,,0.0530890896916389,,True,True
521523737c__act_relu__f1_4__f2_8__dropout_0p4,sha256:521523737c9f1da4288d04f12329d836e6b69841371b54dfc1bb5173a6691b36,relu,softmax,4,8,0.4,2.0,3.0,2250,3.3521825181113627,1,0,0.9822999835014344,,,,,0.0589095838367939,,,,,0.9817777872085572,-0.0005221962928771973,31.474,,,,,12.0,,,,,une ligne par configuration,1,1,31.474,,0.9822999835014344,0.9822999835014344,,0.0626870766282081,,True,True
521523737c__act_relu__f1_4__f2_8__dropout_0p6,sha256:521523737c9f1da4288d04f12329d836e6b69841371b54dfc1bb5173a6691b36,relu,softmax,4,8,0.6,2.0,3.0,2250,3.3521825181113627,1,0,0.9800999760627748,,,,,0.0615964420139789,,,,,0.9789999723434448,-0.001100003719329945,50.14,,,,,20.0,,,,,une ligne par configuration,1,1,50.14,,0.9800999760627748,0.9800999760627748,,0.0694418177008628,,True,True
521523737c__act_relu__f1_4__f2_8__dropout_0p8,sha256:521523737c9f1da4288d04f12329d836e6b69841371b54dfc1bb5173a6691b36,relu,softmax,4,8,0.8,2.0,3.0,2250,3.3521825181113627,1,0,0.9628000259399414,,,,,0.1277700662612915,,,,,0.9643333554267884,0.0015333294868470349,29.914,,,,,12.0,,,,,une ligne par configuration,1,1,29.914,,0.9628000259399414,0.9628000259399414,,0.1257863342761993,,True,True
521523737c__act_relu__f1_4__f2_16__dropout_0,sha256:521523737c9f1da4288d04f12329d836e6b69841371b54dfc1bb5173a6691b36,relu,softmax,4,16,0.0,2.0,4.0,4370,3.640481436970422,1,0,0.9794999957084656,,,,,0.0599011108279228,,,,,0.9810000061988832,0.0015000104904175915,21.833,,,,,8.0,,,,,une ligne par configuration,1,1,21.833,,0.9794999957084656,0.9794999957084656,,0.0632809624075889,,True,True
521523737c__act_relu__f1_4__f2_16__dropout_0p2,sha256:521523737c9f1da4288d04f12329d836e6b69841371b54dfc1bb5173a6691b36,relu,softmax,4,16,0.2,2.0,4.0,4370,3.640481436970422,1,0,0.986299991607666,,,,,0.0442704558372497,,,,,0.9869999885559082,0.0006999969482421875,33.532,,,,,12.0,,,,,une ligne par configuration,1,1,33.532,,0.986299991607666,0.986299991607666,,0.0435295477509498,,True,True
521523737c__act_relu__f1_4__f2_16__dropout_0p4,sha256:521523737c9f1da4288d04f12329d836e6b69841371b54dfc1bb5173a6691b36,relu,softmax,4,16,0.4,2.0,4.0,4370,3.640481436970422,1,0,0.9879000186920166,,,,,0.0382934138178825,,,,,0.9878888726234436,-1.1146068572998047e-05,48.422,,,,,18.0,,,,,une ligne par configuration,1,1,48.422,,0.9879000186920166,0.9879000186920166,,0.0415988340973854,,True,True
521523737c__act_relu__f1_4__f2_16__dropout_0p6,sha256:521523737c9f1da4288d04f12329d836e6b69841371b54dfc1bb5173a6691b36,relu,softmax,4,16,0.6,2.0,4.0,4370,3.640481436970422,1,0,0.9868999719619752,,,,,0.0394057407975196,,,,,0.9875555634498596,0.0006555914878844105,53.941,,,,,20.0,,,,,une ligne par configuration,1,1,53.941,,0.9868999719619752,0.9868999719619752,,0.041583988815546,,True,True
521523737c__act_relu__f1_4__f2_16__dropout_0p8,sha256:521523737c9f1da4288d04f12329d836e6b69841371b54dfc1bb5173a6691b36,relu,softmax,4,16,0.8,2.0,4.0,4370,3.640481436970422,1,0,0.9807999730110168,,,,,0.0613655596971511,,,,,0.9806666374206544,-0.0001333355903624378,54.565,,,,,20.0,,,,,une ligne par configuration,1,1,54.565,,0.9807999730110168,0.9807999730110168,,0.0629091560840606,,True,True
521523737c__act_relu__f1_4__f2_32__dropout_0,sha256:521523737c9f1da4288d04f12329d836e6b69841371b54dfc1bb5173a6691b36,relu,softmax,4,32,0.0,2.0,5.0,8610,3.935003151453655,1,0,0.9853000044822692,,,,,0.0467716567218303,,,,,0.9847777485847472,-0.0005222558975219727,27.206,,,,,9.0,,,,,une ligne par configuration,1,1,27.206,,0.9853000044822692,0.9853000044822692,,0.056148774921894,,True,True
521523737c__act_relu__f1_4__f2_32__dropout_0p2,sha256:521523737c9f1da4288d04f12329d836e6b69841371b54dfc1bb5173a6691b36,relu,softmax,4,32,0.2,2.0,5.0,8610,3.935003151453655,1,0,0.9890000224113464,,,,,0.032956838607788,,,,,0.9882222414016724,-0.0007777810096740723,33.574,,,,,11.0,,,,,une ligne par configuration,1,1,33.574,,0.9890000224113464,0.9890000224113464,,0.0445719063282012,,True,True
521523737c__act_relu__f1_4__f2_32__dropout_0p4,sha256:521523737c9f1da4288d04f12329d836e6b69841371b54dfc1bb5173a6691b36,relu,softmax,4,32,0.4,2.0,5.0,8610,3.935003151453655,1,0,0.9904999732971193,,,,,0.0298961419612169,,,,,0.9896666407585144,-0.0008333325386048474,42.717,,,,,14.0,,,,,une ligne par configuration,1,1,42.717,,0.9904999732971193,0.9904999732971193,,0.038432277739048,,True,True
521523737c__act_relu__f1_4__f2_32__dropout_0p6,sha256:521523737c9f1da4288d04f12329d836e6b69841371b54dfc1bb5173a6691b36,relu,softmax,4,32,0.6,2.0,5.0,8610,3.935003151453655,1,0,0.9900000095367432,,,,,0.0315412878990173,,,,,0.9890000224113464,-0.0009999871253967285,51.909,,,,,17.0,,,,,une ligne par configuration,1,1,51.909,,0.9900000095367432,0.9900000095367432,,0.0380379110574722,,True,True
521523737c__act_relu__f1_4__f2_32__dropout_0p8,sha256:521523737c9f1da4288d04f12329d836e6b69841371b54dfc1bb5173a6691b36,relu,softmax,4,32,0.8,2.0,5.0,8610,3.935003151453655,1,0,0.9872999787330629,,,,,0.041652288287878,,,,,0.9875555634498596,0.000255584716796764,60.849,,,,,20.0,,,,,une ligne par configuration,1,1,60.849,,0.9872999787330629,0.9872999787330629,,0.0445135124027729,,True,True
521523737c__act_relu__f1_4__f2_64__dropout_0,sha256:521523737c9f1da4288d04f12329d836e6b69841371b54dfc1bb5173a6691b36,relu,softmax,4,64,0.0,2.0,6.0,17090,4.232742062720737,1,0,0.9843000173568726,,,,,0.0470671243965625,,,,,0.9856666922569276,0.0013666749000550427,25.14,,,,,7.0,,,,,une ligne par configuration,1,1,25.14,,0.9843000173568726,0.9843000173568726,,0.0541302002966403,,True,True
521523737c__act_relu__f1_4__f2_64__dropout_0p2,sha256:521523737c9f1da4288d04f12329d836e6b69841371b54dfc1bb5173a6691b36,relu,softmax,4,64,0.2,2.0,6.0,17090,4.232742062720737,1,0,0.9865999817848206,,,,,0.0452631823718547,,,,,0.9878888726234436,0.0012888908386230469,39.082,,,,,11.0,,,,,une ligne par configuration,1,1,39.082,,0.9865999817848206,0.9865999817848206,,0.0479933246970176,,True,True
521523737c__act_relu__f1_4__f2_64__dropout_0p4,sha256:521523737c9f1da4288d04f12329d836e6b69841371b54dfc1bb5173a6691b36,relu,softmax,4,64,0.4,2.0,6.0,17090,4.232742062720737,1,0,0.9882000088691713,,,,,0.0399823002517223,,,,,0.9869999885559082,-0.0012000203132630505,29.39,,,,,8.0,,,,,une ligne par configuration,1,1,29.39,,0.9882000088691713,0.9882000088691713,,0.045929167419672,,True,True
521523737c__act_relu__f1_4__f2_64__dropout_0p6,sha256:521523737c9f1da4288d04f12329d836e6b69841371b54dfc1bb5173a6691b36,relu,softmax,4,64,0.6,2.0,6.0,17090,4.232742062720737,1,0,0.9886999726295472,,,,,0.0386872328817844,,,,,0.988444447517395,-0.00025552511215221063,32.814,,,,,9.0,,,,,une ligne par configuration,1,1,32.814,,0.9886999726295472,0.9886999726295472,,0.0425620041787624,,True,True
521523737c__act_relu__f1_4__f2_64__dropout_0p8,sha256:521523737c9f1da4288d04f12329d836e6b69841371b54dfc1bb5173a6691b36,relu,softmax,4,64,0.8,2.0,6.0,17090,4.232742062720737,1,0,0.9901000261306764,,,,,0.0315728746354579,,,,,0.9897778034210204,-0.00032222270965598376,77.467,,,,,20.0,,,,,une ligne par configuration,1,1,77.467,,0.9901000261306764,0.9901000261306764,,0.0376785546541214,,True,True
521523737c__act_relu__f1_4__f2_128__dropout_0,sha256:521523737c9f1da4288d04f12329d836e6b69841371b54dfc1bb5173a6691b36,relu,softmax,4,128,0.0,2.0,7.0,34050,4.532117116248804,1,0,0.9850999712944032,,,,,0.0499596260488033,,,,,0.9848889112472534,-0.00021106004714976923,32.914,,,,,7.0,,,,,une ligne par configuration,1,1,32.914,,0.9850999712944032,0.9850999712944032,,0.0579531639814376,,True,True
521523737c__act_relu__f1_4__f2_128__dropout_0p2,sha256:521523737c9f1da4288d04f12329d836e6b69841371b54dfc1bb5173a6691b36,relu,softmax,4,128,0.2,2.0,7.0,34050,4.532117116248804,1,0,0.9854999780654908,,,,,0.0461764484643936,,,,,0.9864444732666016,0.0009444952011107288,29.065,,,,,6.0,,,,,une ligne par configuration,1,1,29.065,,0.9854999780654908,0.9854999780654908,,0.0503393299877643,,True,True
521523737c__act_relu__f1_4__f2_128__dropout_0p4,sha256:521523737c9f1da4288d04f12329d836e6b69841371b54dfc1bb5173a6691b36,relu,softmax,4,128,0.4,2.0,7.0,34050,4.532117116248804,1,0,0.9871000051498412,,,,,0.0460117235779762,,,,,0.9865555763244628,-0.000544428825378418,34.249,,,,,7.0,,,,,une ligne par configuration,1,1,34.249,,0.9871000051498412,0.9871000051498412,,0.0469340123236179,,True,True
521523737c__act_relu__f1_4__f2_128__dropout_0p6,sha256:521523737c9f1da4288d04f12329d836e6b69841371b54dfc1bb5173a6691b36,relu,softmax,4,128,0.6,2.0,7.0,34050,4.532117116248804,1,0,0.9864000082015992,,,,,0.0458083264529705,,,,,0.9868888854980468,0.0004888772964475319,34.035,,,,,7.0,,,,,une ligne par configuration,1,1,34.035,,0.9864000082015992,0.9864000082015992,,0.0467782914638519,,True,True
521523737c__act_relu__f1_4__f2_128__dropout_0p8,sha256:521523737c9f1da4288d04f12329d836e6b69841371b54dfc1bb5173a6691b36,relu,softmax,4,128,0.8,2.0,7.0,34050,4.532117116248804,1,0,0.9905999898910522,,,,,0.0276195369660854,,,,,0.9908888936042786,0.00028890371322631836,94.008,,,,,20.0,,,,,une ligne par configuration,1,1,94.008,,0.9905999898910522,0.9905999898910522,,0.0367742851376533,,True,True
521523737c__act_relu__f1_8__f2_8__dropout_0,sha256:521523737c9f1da4288d04f12329d836e6b69841371b54dfc1bb5173a6691b36,relu,softmax,8,8,0.0,3.0,3.0,3170,3.5010592622177517,1,0,0.9830999970436096,,,,,0.0474239364266395,,,,,0.985111117362976,0.002011120319366344,35.519,,,,,11.0,,,,,une ligne par configuration,1,1,35.519,,0.9830999970436096,0.9830999970436096,,0.0542878992855548,,True,True
521523737c__act_relu__f1_8__f2_8__dropout_0p2,sha256:521523737c9f1da4288d04f12329d836e6b69841371b54dfc1bb5173a6691b36,relu,softmax,8,8,0.2,3.0,3.0,3170,3.5010592622177517,1,0,0.9847000241279602,,,,,0.0476919822394847,,,,,0.9829999804496764,-0.0017000436782838024,29.626,,,,,9.0,,,,,une ligne par configuration,1,1,29.626,,0.9847000241279602,0.9847000241279602,,0.0549260042607784,,True,True
521523737c__act_relu__f1_8__f2_8__dropout_0p4,sha256:521523737c9f1da4288d04f12329d836e6b69841371b54dfc1bb5173a6691b36,relu,softmax,8,8,0.4,3.0,3.0,3170,3.5010592622177517,1,0,0.9850999712944032,,,,,0.0501059181988239,,,,,0.983555555343628,-0.0015444159507751465,27.082,,,,,8.0,,,,,une ligne par configuration,1,1,27.082,,0.9850999712944032,0.9850999712944032,,0.0549092888832092,,True,True
521523737c__act_relu__f1_8__f2_8__dropout_0p6,sha256:521523737c9f1da4288d04f12329d836e6b69841371b54dfc1bb5173a6691b36,relu,softmax,8,8,0.6,3.0,3.0,3170,3.5010592622177517,1,0,0.9854000210762024,,,,,0.0443878136575222,,,,,0.9861111044883728,0.0007110834121704102,63.93,,,,,20.0,,,,,une ligne par configuration,1,1,63.93,,0.9854000210762024,0.9854000210762024,,0.04695825278759,,True,True
521523737c__act_relu__f1_8__f2_8__dropout_0p8,sha256:521523737c9f1da4288d04f12329d836e6b69841371b54dfc1bb5173a6691b36,relu,softmax,8,8,0.8,3.0,3.0,3170,3.5010592622177517,1,0,0.9776999950408936,,,,,0.0692048892378807,,,,,0.9784444570541382,0.0007444620132446289,60.183,,,,,19.0,,,,,une ligne par configuration,1,1,60.183,,0.9776999950408936,0.9776999950408936,,0.0702334940433502,,True,True
521523737c__act_relu__f1_8__f2_16__dropout_0,sha256:521523737c9f1da4288d04f12329d836e6b69841371b54dfc1bb5173a6691b36,relu,softmax,8,16,0.0,3.0,4.0,6090,3.784617292632875,1,0,0.9848999977111816,,,,,0.0452601760625839,,,,,0.9847777485847472,-0.0001222491264344372,30.812,,,,,9.0,,,,,une ligne par configuration,1,1,30.812,,0.9848999977111816,0.9848999977111816,,0.0533158257603645,,True,True
521523737c__act_relu__f1_8__f2_16__dropout_0p2,sha256:521523737c9f1da4288d04f12329d836e6b69841371b54dfc1bb5173a6691b36,relu,softmax,8,16,0.2,3.0,4.0,6090,3.784617292632875,1,0,0.9884999990463256,,,,,0.0343342088162899,,,,,0.988111138343811,-0.0003888607025145374,36.347,,,,,10.0,,,,,une ligne par configuration,1,1,36.347,,0.9884999990463256,0.9884999990463256,,0.0417501404881477,,True,True
521523737c__act_relu__f1_8__f2_16__dropout_0p4,sha256:521523737c9f1da4288d04f12329d836e6b69841371b54dfc1bb5173a6691b36,relu,softmax,8,16,0.4,3.0,4.0,6090,3.784617292632875,1,0,0.9865999817848206,,,,,0.0391763523221015,,,,,0.9891111254692078,0.002511143684387207,39.406,,,,,11.0,,,,,une ligne par configuration,1,1,39.406,,0.9865999817848206,0.9865999817848206,,0.0407920330762863,,True,True
521523737c__act_relu__f1_8__f2_16__dropout_0p6,sha256:521523737c9f1da4288d04f12329d836e6b69841371b54dfc1bb5173a6691b36,relu,softmax,8,16,0.6,3.0,4.0,6090,3.784617292632875,1,0,0.9860000014305116,,,,,0.0437750294804573,,,,,0.9867777824401855,0.0007777810096739612,39.976,,,,,11.0,,,,,une ligne par configuration,1,1,39.976,,0.9860000014305116,0.9860000014305116,,0.0481729619204998,,True,True
521523737c__act_relu__f1_8__f2_16__dropout_0p8,sha256:521523737c9f1da4288d04f12329d836e6b69841371b54dfc1bb5173a6691b36,relu,softmax,8,16,0.8,3.0,4.0,6090,3.784617292632875,1,0,0.9843000173568726,,,,,0.0489973872900009,,,,,0.9837777614593506,-0.0005222558975219727,50.243,,,,,14.0,,,,,une ligne par configuration,1,1,50.243,,0.9843000173568726,0.9843000173568726,,0.0563438758254051,,True,True
521523737c__act_relu__f1_8__f2_32__dropout_0,sha256:521523737c9f1da4288d04f12329d836e6b69841371b54dfc1bb5173a6691b36,relu,softmax,8,32,0.0,3.0,5.0,11930,4.076640443670342,1,0,0.9876999855041504,,,,,0.0400254316627979,,,,,0.986222207546234,-0.0014777779579163708,23.581,,,,,6.0,,,,,une ligne par configuration,1,1,23.581,,0.9876999855041504,0.9876999855041504,,0.0505716726183891,,True,True
521523737c__act_relu__f1_8__f2_32__dropout_0p2,sha256:521523737c9f1da4288d04f12329d836e6b69841371b54dfc1bb5173a6691b36,relu,softmax,8,32,0.2,3.0,5.0,11930,4.076640443670342,1,0,0.989300012588501,,,,,0.0363421477377414,,,,,0.9895555377006532,0.00025552511215221063,34.923,,,,,9.0,,,,,une ligne par configuration,1,1,34.923,,0.989300012588501,0.989300012588501,,0.0437905937433242,,True,True
521523737c__act_relu__f1_8__f2_32__dropout_0p4,sha256:521523737c9f1da4288d04f12329d836e6b69841371b54dfc1bb5173a6691b36,relu,softmax,8,32,0.4,3.0,5.0,11930,4.076640443670342,1,0,0.9901999831199646,,,,,0.0289437137544155,,,,,0.9905555844306946,0.00035560131072998047,54.827,,,,,14.0,,,,,une ligne par configuration,1,1,54.827,,0.9901999831199646,0.9901999831199646,,0.0340219736099243,,True,True
521523737c__act_relu__f1_8__f2_32__dropout_0p6,sha256:521523737c9f1da4288d04f12329d836e6b69841371b54dfc1bb5173a6691b36,relu,softmax,8,32,0.6,3.0,5.0,11930,4.076640443670342,1,0,0.989300012588501,,,,,0.0339141637086868,,,,,0.9886666536331176,-0.0006333589553834118,39.176,,,,,10.0,,,,,une ligne par configuration,1,1,39.176,,0.989300012588501,0.989300012588501,,0.0389092825353145,,True,True
521523737c__act_relu__f1_8__f2_32__dropout_0p8,sha256:521523737c9f1da4288d04f12329d836e6b69841371b54dfc1bb5173a6691b36,relu,softmax,8,32,0.8,3.0,5.0,11930,4.076640443670342,1,0,0.9886999726295472,,,,,0.0337311550974845,,,,,0.9885555505752563,-0.0001444220542908825,76.194,,,,,20.0,,,,,une ligne par configuration,1,1,76.194,,0.9886999726295472,0.9886999726295472,,0.0382675901055336,,True,True
521523737c__act_relu__f1_8__f2_64__dropout_0,sha256:521523737c9f1da4288d04f12329d836e6b69841371b54dfc1bb5173a6691b36,relu,softmax,8,64,0.0,3.0,6.0,23610,4.373095987078727,1,0,0.9855999946594238,,,,,0.0478808656334877,,,,,0.9837777614593506,-0.0018222332000732422,18.921,,,,,4.0,,,,,une ligne par configuration,1,1,18.921,,0.9855999946594238,0.9855999946594238,,0.056644432246685,,True,True
521523737c__act_relu__f1_8__f2_64__dropout_0p2,sha256:521523737c9f1da4288d04f12329d836e6b69841371b54dfc1bb5173a6691b36,relu,softmax,8,64,0.2,3.0,6.0,23610,4.373095987078727,1,0,0.9890999794006348,,,,,0.0342907309532165,,,,,0.9892222285270692,0.0001222491264344372,37.148,,,,,8.0,,,,,une ligne par configuration,1,1,37.148,,0.9890999794006348,0.9890999794006348,,0.040252212435007,,True,True
521523737c__act_relu__f1_8__f2_64__dropout_0p4,sha256:521523737c9f1da4288d04f12329d836e6b69841371b54dfc1bb5173a6691b36,relu,softmax,8,64,0.4,3.0,6.0,23610,4.373095987078727,1,0,0.9900000095367432,,,,,0.0305542442947626,,,,,0.9898889064788818,-0.00011110305786132812,36.736,,,,,8.0,,,,,une ligne par configuration,1,1,36.736,,0.9900000095367432,0.9900000095367432,,0.0388136096298694,,True,True
521523737c__act_relu__f1_8__f2_64__dropout_0p6,sha256:521523737c9f1da4288d04f12329d836e6b69841371b54dfc1bb5173a6691b36,relu,softmax,8,64,0.6,3.0,6.0,23610,4.373095987078727,1,0,0.989799976348877,,,,,0.0312666147947311,,,,,0.9896666407585144,-0.00013333559036254883,37.255,,,,,8.0,,,,,une ligne par configuration,1,1,37.255,,0.989799976348877,0.989799976348877,,0.0376564785838127,,True,True
521523737c__act_relu__f1_8__f2_64__dropout_0p8,sha256:521523737c9f1da4288d04f12329d836e6b69841371b54dfc1bb5173a6691b36,relu,softmax,8,64,0.8,3.0,6.0,23610,4.373095987078727,1,0,0.9904999732971193,,,,,0.0271749198436737,,,,,0.9903333187103271,-0.0001666545867921032,82.258,,,,,18.0,,,,,une ligne par configuration,1,1,82.258,,0.9904999732971193,0.9904999732971193,,0.0338234826922416,,True,True
521523737c__act_relu__f1_8__f2_128__dropout_0,sha256:521523737c9f1da4288d04f12329d836e6b69841371b54dfc1bb5173a6691b36,relu,softmax,8,128,0.0,3.0,7.0,46970,4.6718205601832485,1,0,0.9861999750137328,,,,,0.0466900989413261,,,,,0.9844444394111632,-0.00175553560256958,22.793,,,,,4.0,,,,,une ligne par configuration,1,1,22.793,,0.9861999750137328,0.9861999750137328,,0.0537211559712886,,True,True
521523737c__act_relu__f1_8__f2_128__dropout_0p2,sha256:521523737c9f1da4288d04f12329d836e6b69841371b54dfc1bb5173a6691b36,relu,softmax,8,128,0.2,3.0,7.0,46970,4.6718205601832485,1,0,0.9869999885559082,,,,,0.0400302596390247,,,,,0.9867777824401855,-0.00022220611572265625,23.532,,,,,4.0,,,,,une ligne par configuration,1,1,23.532,,0.9869999885559082,0.9869999885559082,,0.0511860400438308,,True,True
521523737c__act_relu__f1_8__f2_128__dropout_0p4,sha256:521523737c9f1da4288d04f12329d836e6b69841371b54dfc1bb5173a6691b36,relu,softmax,8,128,0.4,3.0,7.0,46970,4.6718205601832485,1,0,0.9879000186920166,,,,,0.0394710302352905,,,,,0.9866666793823242,-0.0012333393096923828,34.796,,,,,6.0,,,,,une ligne par configuration,1,1,34.796,,0.9879000186920166,0.9879000186920166,,0.0530979633331298,,True,True
521523737c__act_relu__f1_8__f2_128__dropout_0p6,sha256:521523737c9f1da4288d04f12329d836e6b69841371b54dfc1bb5173a6691b36,relu,softmax,8,128,0.6,3.0,7.0,46970,4.6718205601832485,1,0,0.9884999990463256,,,,,0.0377865470945835,,,,,0.9893333315849304,0.0008333325386048474,55.912,,,,,10.0,,,,,une ligne par configuration,1,1,55.912,,0.9884999990463256,0.9884999990463256,,0.0465386398136615,,True,True
521523737c__act_relu__f1_8__f2_128__dropout_0p8,sha256:521523737c9f1da4288d04f12329d836e6b69841371b54dfc1bb5173a6691b36,relu,softmax,8,128,0.8,3.0,7.0,46970,4.6718205601832485,1,0,0.9904000163078308,,,,,0.0290509033948183,,,,,0.9904444217681884,4.440546035755499e-05,78.208,,,,,14.0,,,,,une ligne par configuration,1,1,78.208,,0.9904000163078308,0.9904000163078308,,0.0412985049188137,,True,True
521523737c__act_relu__f1_16__f2_8__dropout_0,sha256:521523737c9f1da4288d04f12329d836e6b69841371b54dfc1bb5173a6691b36,relu,softmax,16,8,0.0,4.0,3.0,5010,3.699837725867246,1,0,0.9840999841690063,,,,,0.0514271408319473,,,,,0.9845555424690248,0.00045555830001842157,29.119,,,,,7.0,,,,,une ligne par configuration,1,1,29.119,,0.9840999841690063,0.9840999841690063,,0.0553189031779766,,True,True
521523737c__act_relu__f1_16__f2_8__dropout_0p2,sha256:521523737c9f1da4288d04f12329d836e6b69841371b54dfc1bb5173a6691b36,relu,softmax,16,8,0.2,4.0,3.0,5010,3.699837725867246,1,0,0.9868000149726868,,,,,0.0397633090615272,,,,,0.9874444603919984,0.0006444454193116345,45.656,,,,,11.0,,,,,une ligne par configuration,1,1,45.656,,0.9868000149726868,0.9868000149726868,,0.0419605262577533,,True,True
521523737c__act_relu__f1_16__f2_8__dropout_0p4,sha256:521523737c9f1da4288d04f12329d836e6b69841371b54dfc1bb5173a6691b36,relu,softmax,16,8,0.4,4.0,3.0,5010,3.699837725867246,1,0,0.9871000051498412,,,,,0.0368926897644996,,,,,0.9866666793823242,-0.0004333257675169788,45.633,,,,,11.0,,,,,une ligne par configuration,1,1,45.633,,0.9871000051498412,0.9871000051498412,,0.0428477562963962,,True,True
521523737c__act_relu__f1_16__f2_8__dropout_0p6,sha256:521523737c9f1da4288d04f12329d836e6b69841371b54dfc1bb5173a6691b36,relu,softmax,16,8,0.6,4.0,3.0,5010,3.699837725867246,1,0,0.9861999750137328,,,,,0.0417402572929859,,,,,0.9869999885559082,0.000800013542175404,61.848,,,,,15.0,,,,,une ligne par configuration,1,1,61.848,,0.9861999750137328,0.9861999750137328,,0.043924331665039,,True,True
521523737c__act_relu__f1_16__f2_8__dropout_0p8,sha256:521523737c9f1da4288d04f12329d836e6b69841371b54dfc1bb5173a6691b36,relu,softmax,16,8,0.8,4.0,3.0,5010,3.699837725867246,1,0,0.9786999821662904,,,,,0.0664213150739669,,,,,0.9807778000831604,0.002077817916870006,50.232,,,,,12.0,,,,,une ligne par configuration,1,1,50.232,,0.9786999821662904,0.9786999821662904,,0.0668493956327438,,True,True
521523737c__act_relu__f1_16__f2_16__dropout_0,sha256:521523737c9f1da4288d04f12329d836e6b69841371b54dfc1bb5173a6691b36,relu,softmax,16,16,0.0,4.0,4.0,9530,3.979092900638326,1,0,0.9855999946594238,,,,,0.0459500811994075,,,,,0.9856666922569276,6.669759750377313e-05,39.049,,,,,9.0,,,,,une ligne par configuration,1,1,39.049,,0.9855999946594238,0.9855999946594238,,0.0512941740453243,,True,True
521523737c__act_relu__f1_16__f2_16__dropout_0p2,sha256:521523737c9f1da4288d04f12329d836e6b69841371b54dfc1bb5173a6691b36,relu,softmax,16,16,0.2,4.0,4.0,9530,3.979092900638326,1,0,0.989400029182434,,,,,0.0330245494842529,,,,,0.9877777695655824,-0.0016222596168515846,35.148,,,,,8.0,,,,,une ligne par configuration,1,1,35.148,,0.989400029182434,0.989400029182434,,0.0407795123755931,,True,True
521523737c__act_relu__f1_16__f2_16__dropout_0p4,sha256:521523737c9f1da4288d04f12329d836e6b69841371b54dfc1bb5173a6691b36,relu,softmax,16,16,0.4,4.0,4.0,9530,3.979092900638326,1,0,0.9900000095367432,,,,,0.0308465976268053,,,,,0.9894444346427916,-0.000555574893951527,60.951,,,,,14.0,,,,,une ligne par configuration,1,1,60.951,,0.9900000095367432,0.9900000095367432,,0.0354228131473064,,True,True
521523737c__act_relu__f1_16__f2_16__dropout_0p6,sha256:521523737c9f1da4288d04f12329d836e6b69841371b54dfc1bb5173a6691b36,relu,softmax,16,16,0.6,4.0,4.0,9530,3.979092900638326,1,0,0.9904999732971193,,,,,0.0299984030425548,,,,,0.9896666407585144,-0.0008333325386048474,73.85,,,,,17.0,,,,,une ligne par configuration,1,1,73.85,,0.9904999732971193,0.9904999732971193,,0.0364878363907337,,True,True
521523737c__act_relu__f1_16__f2_16__dropout_0p8,sha256:521523737c9f1da4288d04f12329d836e6b69841371b54dfc1bb5173a6691b36,relu,softmax,16,16,0.8,4.0,4.0,9530,3.979092900638326,1,0,0.9853000044822692,,,,,0.0454208962619304,,,,,0.9857777953147888,0.00047779083251964227,48.645,,,,,11.0,,,,,une ligne par configuration,1,1,48.645,,0.9853000044822692,0.9853000044822692,,0.0473452508449554,,True,True
521523737c__act_relu__f1_16__f2_32__dropout_0,sha256:521523737c9f1da4288d04f12329d836e6b69841371b54dfc1bb5173a6691b36,relu,softmax,16,32,0.0,4.0,5.0,18570,4.26881190373978,1,0,0.9865000247955322,,,,,0.0422595776617527,,,,,0.9867777824401855,0.0002777576446533203,25.166,,,,,5.0,,,,,une ligne par configuration,1,1,25.166,,0.9865000247955322,0.9865000247955322,,0.043977253139019,,True,True
521523737c__act_relu__f1_16__f2_32__dropout_0p2,sha256:521523737c9f1da4288d04f12329d836e6b69841371b54dfc1bb5173a6691b36,relu,softmax,16,32,0.2,4.0,5.0,18570,4.26881190373978,1,0,0.9908999800682068,,,,,0.0299231447279453,,,,,0.9891111254692078,-0.0017888545989990234,34.356,,,,,7.0,,,,,une ligne par configuration,1,1,34.356,,0.9908999800682068,0.9908999800682068,,0.0387627594172954,,True,True
521523737c__act_relu__f1_16__f2_32__dropout_0p4,sha256:521523737c9f1da4288d04f12329d836e6b69841371b54dfc1bb5173a6691b36,relu,softmax,16,32,0.4,4.0,5.0,18570,4.26881190373978,1,0,0.9911999702453612,,,,,0.0267657954245805,,,,,0.9897778034210204,-0.0014221668243408203,58.115,,,,,12.0,,,,,une ligne par configuration,1,1,58.115,,0.9911999702453612,0.9911999702453612,,0.035460777580738,,True,True
521523737c__act_relu__f1_16__f2_32__dropout_0p6,sha256:521523737c9f1da4288d04f12329d836e6b69841371b54dfc1bb5173a6691b36,relu,softmax,16,32,0.6,4.0,5.0,18570,4.26881190373978,1,0,0.99099999666214,,,,,0.0265539176762104,,,,,0.9915555715560912,0.000555574893951194,76.276,,,,,16.0,,,,,une ligne par configuration,1,1,76.276,,0.99099999666214,0.99099999666214,,0.0315971747040748,,True,True
521523737c__act_relu__f1_16__f2_32__dropout_0p8,sha256:521523737c9f1da4288d04f12329d836e6b69841371b54dfc1bb5173a6691b36,relu,softmax,16,32,0.8,4.0,5.0,18570,4.26881190373978,1,0,0.989199995994568,,,,,0.031136667355895,,,,,0.988777756690979,-0.0004222393035889782,71.654,,,,,15.0,,,,,une ligne par configuration,1,1,71.654,,0.989199995994568,0.989199995994568,,0.0376503877341747,,True,True
521523737c__act_relu__f1_16__f2_64__dropout_0,sha256:521523737c9f1da4288d04f12329d836e6b69841371b54dfc1bb5173a6691b36,relu,softmax,16,64,0.0,4.0,6.0,36650,4.564073978977147,1,0,0.9850999712944032,,,,,0.0471093319356441,,,,,0.9865555763244628,0.0014556050300595924,35.894,,,,,6.0,,,,,une ligne par configuration,1,1,35.894,,0.9850999712944032,0.9850999712944032,,0.0516559109091758,,True,True
521523737c__act_relu__f1_16__f2_64__dropout_0p2,sha256:521523737c9f1da4288d04f12329d836e6b69841371b54dfc1bb5173a6691b36,relu,softmax,16,64,0.2,4.0,6.0,36650,4.564073978977147,1,0,0.987600028514862,,,,,0.0394337512552738,,,,,0.9864444732666016,-0.001155555248260387,31.132,,,,,5.0,,,,,une ligne par configuration,1,1,31.132,,0.987600028514862,0.987600028514862,,0.0488015301525592,,True,True
521523737c__act_relu__f1_16__f2_64__dropout_0p4,sha256:521523737c9f1da4288d04f12329d836e6b69841371b54dfc1bb5173a6691b36,relu,softmax,16,64,0.4,4.0,6.0,36650,4.564073978977147,1,0,0.9894999861717224,,,,,0.031207812950015,,,,,0.9892222285270692,-0.0002777576446532093,47.634,,,,,8.0,,,,,une ligne par configuration,1,1,47.634,,0.9894999861717224,0.9894999861717224,,0.0365777499973773,,True,True
521523737c__act_relu__f1_16__f2_64__dropout_0p6,sha256:521523737c9f1da4288d04f12329d836e6b69841371b54dfc1bb5173a6691b36,relu,softmax,16,64,0.6,4.0,6.0,36650,4.564073978977147,1,0,0.9915000200271606,,,,,0.0261784549802541,,,,,0.9905555844306946,-0.0009444355964660645,48.51,,,,,8.0,,,,,une ligne par configuration,1,1,48.51,,0.9915000200271606,0.9915000200271606,,0.0374604947865009,,True,True
521523737c__act_relu__f1_16__f2_64__dropout_0p8,sha256:521523737c9f1da4288d04f12329d836e6b69841371b54dfc1bb5173a6691b36,relu,softmax,16,64,0.8,4.0,6.0,36650,4.564073978977147,1,0,0.986299991607666,,,,,0.0400150194764137,,,,,0.9855555295944214,-0.0007444620132446289,30.899,,,,,5.0,,,,,une ligne par configuration,1,1,30.899,,0.986299991607666,0.986299991607666,,0.0473831705749034,,True,True
521523737c__act_relu__f1_16__f2_128__dropout_0,sha256:521523737c9f1da4288d04f12329d836e6b69841371b54dfc1bb5173a6691b36,relu,softmax,16,128,0.0,4.0,7.0,72810,4.862191031051597,1,0,0.9882000088691713,,,,,0.0408702604472637,,,,,0.9867777824401855,-0.0014222264289857067,46.169,,,,,6.0,,,,,une ligne par configuration,1,1,46.169,,0.9882000088691713,0.9882000088691713,,0.048466682434082,,True,True
521523737c__act_relu__f1_16__f2_128__dropout_0p2,sha256:521523737c9f1da4288d04f12329d836e6b69841371b54dfc1bb5173a6691b36,relu,softmax,16,128,0.2,4.0,7.0,72810,4.862191031051597,1,0,0.9883999824523926,,,,,0.0410578288137912,,,,,0.9900000095367432,0.001600027084350586,46.053,,,,,6.0,,,,,une ligne par configuration,1,1,46.053,,0.9883999824523926,0.9883999824523926,,0.0450779199600219,,True,True
521523737c__act_relu__f1_16__f2_128__dropout_0p4,sha256:521523737c9f1da4288d04f12329d836e6b69841371b54dfc1bb5173a6691b36,relu,softmax,16,128,0.4,4.0,7.0,72810,4.862191031051597,1,0,0.9908000230789183,,,,,0.03430762514472,,,,,0.9912222027778624,0.0004221796989440918,60.534,,,,,8.0,,,,,une ligne par configuration,1,1,60.534,,0.9908000230789183,0.9908000230789183,,0.0396692156791687,,True,True
521523737c__act_relu__f1_16__f2_128__dropout_0p6,sha256:521523737c9f1da4288d04f12329d836e6b69841371b54dfc1bb5173a6691b36,relu,softmax,16,128,0.6,4.0,7.0,72810,4.862191031051597,1,0,0.9921000003814696,,,,,0.0274550896137952,,,,,0.990666687488556,-0.0014333128929135963,60.274,,,,,8.0,,,,,une ligne par configuration,1,1,60.274,,0.9921000003814696,0.9921000003814696,,0.038941528648138,,True,True
521523737c__act_relu__f1_16__f2_128__dropout_0p8,sha256:521523737c9f1da4288d04f12329d836e6b69841371b54dfc1bb5173a6691b36,relu,softmax,16,128,0.8,4.0,7.0,72810,4.862191031051597,1,0,0.9901999831199646,,,,,0.0338206067681312,,,,,0.9908888936042786,0.0006889104843139648,82.826,,,,,11.0,,,,,une ligne par configuration,1,1,82.826,,0.9901999831199646,0.9901999831199646,,0.0386657156050205,,True,True
521523737c__act_relu__f1_32__f2_8__dropout_0,sha256:521523737c9f1da4288d04f12329d836e6b69841371b54dfc1bb5173a6691b36,relu,softmax,32,8,0.0,5.0,3.0,8690,3.9390197764486663,1,0,0.9868000149726868,,,,,0.0477087572216987,,,,,0.9833333492279052,-0.003466665744781605,35.835,,,,,6.0,,,,,une ligne par configuration,1,1,35.835,,0.9868000149726868,0.9868000149726868,,0.0568035878241062,,True,True
521523737c__act_relu__f1_32__f2_8__dropout_0p2,sha256:521523737c9f1da4288d04f12329d836e6b69841371b54dfc1bb5173a6691b36,relu,softmax,32,8,0.2,5.0,3.0,8690,3.9390197764486663,1,0,0.9882000088691713,,,,,0.0364482812583446,,,,,0.9871110916137696,-0.0010889172554016113,53.176,,,,,9.0,,,,,une ligne par configuration,1,1,53.176,,0.9882000088691713,0.9882000088691713,,0.0430594570934772,,True,True
521523737c__act_relu__f1_32__f2_8__dropout_0p4,sha256:521523737c9f1da4288d04f12329d836e6b69841371b54dfc1bb5173a6691b36,relu,softmax,32,8,0.4,5.0,3.0,8690,3.9390197764486663,1,0,0.9882000088691713,,,,,0.038885723799467,,,,,0.9866666793823242,-0.0015333294868470349,54.353,,,,,9.0,,,,,une ligne par configuration,1,1,54.353,,0.9882000088691713,0.9882000088691713,,0.0437051430344581,,True,True
521523737c__act_relu__f1_32__f2_8__dropout_0p6,sha256:521523737c9f1da4288d04f12329d836e6b69841371b54dfc1bb5173a6691b36,relu,softmax,32,8,0.6,5.0,3.0,8690,3.9390197764486663,1,0,0.9865000247955322,,,,,0.0402289256453514,,,,,0.9872221946716307,0.0007221698760985218,59.826,,,,,10.0,,,,,une ligne par configuration,1,1,59.826,,0.9865000247955322,0.9865000247955322,,0.0430503897368907,,True,True
521523737c__act_relu__f1_32__f2_8__dropout_0p8,sha256:521523737c9f1da4288d04f12329d836e6b69841371b54dfc1bb5173a6691b36,relu,softmax,32,8,0.8,5.0,3.0,8690,3.9390197764486663,1,0,0.9847000241279602,,,,,0.0478271283209323,,,,,0.984000027179718,-0.0006999969482421875,93.408,,,,,16.0,,,,,une ligne par configuration,1,1,93.408,,0.9847000241279602,0.9847000241279602,,0.0514913462102413,,True,True
521523737c__act_relu__f1_32__f2_16__dropout_0,sha256:521523737c9f1da4288d04f12329d836e6b69841371b54dfc1bb5173a6691b36,relu,softmax,32,16,0.0,5.0,4.0,16410,4.2151085810530935,1,0,0.9869999885559082,,,,,0.0394436866044998,,,,,0.986222207546234,-0.0007777810096741833,43.126,,,,,7.0,,,,,une ligne par configuration,1,1,43.126,,0.9869999885559082,0.9869999885559082,,0.0467172861099243,,True,True
521523737c__act_relu__f1_32__f2_16__dropout_0p2,sha256:521523737c9f1da4288d04f12329d836e6b69841371b54dfc1bb5173a6691b36,relu,softmax,32,16,0.2,5.0,4.0,16410,4.2151085810530935,1,0,0.9878000020980836,,,,,0.0372172035276889,,,,,0.987333357334137,-0.0004666447639466442,38.754,,,,,6.0,,,,,une ligne par configuration,1,1,38.754,,0.9878000020980836,0.9878000020980836,,0.0439816564321517,,True,True
521523737c__act_relu__f1_32__f2_16__dropout_0p4,sha256:521523737c9f1da4288d04f12329d836e6b69841371b54dfc1bb5173a6691b36,relu,softmax,32,16,0.4,5.0,4.0,16410,4.2151085810530935,1,0,0.989799976348877,,,,,0.0315999872982502,,,,,0.988444447517395,-0.0013555288314819336,44.785,,,,,7.0,,,,,une ligne par configuration,1,1,44.785,,0.989799976348877,0.989799976348877,,0.03846051171422,,True,True
521523737c__act_relu__f1_32__f2_16__dropout_0p6,sha256:521523737c9f1da4288d04f12329d836e6b69841371b54dfc1bb5173a6691b36,relu,softmax,32,16,0.6,5.0,4.0,16410,4.2151085810530935,1,0,0.9904999732971193,,,,,0.0276574976742267,,,,,0.9904444217681884,-5.555152893088611e-05,62.35,,,,,10.0,,,,,une ligne par configuration,1,1,62.35,,0.9904999732971193,0.9904999732971193,,0.0337700247764587,,True,True
521523737c__act_relu__f1_32__f2_16__dropout_0p8,sha256:521523737c9f1da4288d04f12329d836e6b69841371b54dfc1bb5173a6691b36,relu,softmax,32,16,0.8,5.0,4.0,16410,4.2151085810530935,1,0,0.9800999760627748,,,,,0.0629307627677917,,,,,0.9801111221313475,1.1146068572776002e-05,32.118,,,,,5.0,,,,,une ligne par configuration,1,1,32.118,,0.9800999760627748,0.9800999760627748,,0.0664076507091522,,True,True
521523737c__act_relu__f1_32__f2_32__dropout_0,sha256:521523737c9f1da4288d04f12329d836e6b69841371b54dfc1bb5173a6691b36,relu,softmax,32,32,0.0,5.0,5.0,31850,4.5031094366713695,1,0,0.9879999756813048,,,,,0.0360764786601066,,,,,0.9890000224113464,0.001000046730041615,41.932,,,,,6.0,,,,,une ligne par configuration,1,1,41.932,,0.9879999756813048,0.9879999756813048,,0.0371705964207649,,True,True
521523737c__act_relu__f1_32__f2_32__dropout_0p2,sha256:521523737c9f1da4288d04f12329d836e6b69841371b54dfc1bb5173a6691b36,relu,softmax,32,32,0.2,5.0,5.0,31850,4.5031094366713695,1,0,0.9904000163078308,,,,,0.0301945060491561,,,,,0.9901111125946044,-0.0002889037132264294,48.806,,,,,7.0,,,,,une ligne par configuration,1,1,48.806,,0.9904000163078308,0.9904000163078308,,0.036462627351284,,True,True
521523737c__act_relu__f1_32__f2_32__dropout_0p4,sha256:521523737c9f1da4288d04f12329d836e6b69841371b54dfc1bb5173a6691b36,relu,softmax,32,32,0.4,5.0,5.0,31850,4.5031094366713695,1,0,0.9902999997138976,,,,,0.0298417601734399,,,,,0.9893333315849304,-0.0009666681289671741,55.109,,,,,8.0,,,,,une ligne par configuration,1,1,55.109,,0.9902999997138976,0.9902999997138976,,0.0344694219529628,,True,True
521523737c__act_relu__f1_32__f2_32__dropout_0p6,sha256:521523737c9f1da4288d04f12329d836e6b69841371b54dfc1bb5173a6691b36,relu,softmax,32,32,0.6,5.0,5.0,31850,4.5031094366713695,1,0,0.9908000230789183,,,,,0.0281221866607666,,,,,0.9902222156524658,-0.0005778074264525257,55.517,,,,,8.0,,,,,une ligne par configuration,1,1,55.517,,0.9908000230789183,0.9908000230789183,,0.0344437733292579,,True,True
521523737c__act_relu__f1_32__f2_32__dropout_0p8,sha256:521523737c9f1da4288d04f12329d836e6b69841371b54dfc1bb5173a6691b36,relu,softmax,32,32,0.8,5.0,5.0,31850,4.5031094366713695,1,0,0.989199995994568,,,,,0.0320776812732219,,,,,0.988444447517395,-0.0007555484771729626,68.313,,,,,10.0,,,,,une ligne par configuration,1,1,68.313,,0.989199995994568,0.989199995994568,,0.0360789895057678,,True,True
521523737c__act_relu__f1_32__f2_64__dropout_0,sha256:521523737c9f1da4288d04f12329d836e6b69841371b54dfc1bb5173a6691b36,relu,softmax,32,64,0.0,5.0,6.0,62730,4.797475287537334,1,0,0.9894999861717224,,,,,0.035071961581707,,,,,0.9879999756813048,-0.0015000104904175915,57.182,,,,,7.0,,,,,une ligne par configuration,1,1,57.182,,0.9894999861717224,0.9894999861717224,,0.0426839366555213,,True,True
521523737c__act_relu__f1_32__f2_64__dropout_0p2,sha256:521523737c9f1da4288d04f12329d836e6b69841371b54dfc1bb5173a6691b36,relu,softmax,32,64,0.2,5.0,6.0,62730,4.797475287537334,1,0,0.9882000088691713,,,,,0.0357183702290058,,,,,0.9871110916137696,-0.0010889172554016113,34.413,,,,,4.0,,,,,une ligne par configuration,1,1,34.413,,0.9882000088691713,0.9882000088691713,,0.0452391393482685,,True,True
521523737c__act_relu__f1_32__f2_64__dropout_0p4,sha256:521523737c9f1da4288d04f12329d836e6b69841371b54dfc1bb5173a6691b36,relu,softmax,32,64,0.4,5.0,6.0,62730,4.797475287537334,1,0,0.9923999905586244,,,,,0.0287421960383653,,,,,0.991777777671814,-0.0006222128868104138,97.086,,,,,12.0,,,,,une ligne par configuration,1,1,97.086,,0.9923999905586244,0.9923999905586244,,0.0360712446272373,,True,True
521523737c__act_relu__f1_32__f2_64__dropout_0p6,sha256:521523737c9f1da4288d04f12329d836e6b69841371b54dfc1bb5173a6691b36,relu,softmax,32,64,0.6,5.0,6.0,62730,4.797475287537334,1,0,0.9908000230789183,,,,,0.0285091251134872,,,,,0.99144446849823,0.0006444454193116345,81.717,,,,,10.0,,,,,une ligne par configuration,1,1,81.717,,0.9908000230789183,0.9908000230789183,,0.0338573865592479,,True,True
521523737c__act_relu__f1_32__f2_64__dropout_0p8,sha256:521523737c9f1da4288d04f12329d836e6b69841371b54dfc1bb5173a6691b36,relu,softmax,32,64,0.8,5.0,6.0,62730,4.797475287537334,1,0,0.9905999898910522,,,,,0.0287315193563699,,,,,0.990666687488556,6.669759750377313e-05,74.208,,,,,9.0,,,,,une ligne par configuration,1,1,74.208,,0.9905999898910522,0.9905999898910522,,0.0346283614635467,,True,True
521523737c__act_relu__f1_32__f2_128__dropout_0,sha256:521523737c9f1da4288d04f12329d836e6b69841371b54dfc1bb5173a6691b36,relu,softmax,32,128,0.0,5.0,7.0,124490,5.095134466939837,1,0,0.989400029182434,,,,,0.0380481407046318,,,,,0.988444447517395,-0.0009555816650389515,53.622,,,,,5.0,,,,,une ligne par configuration,1,1,53.622,,0.989400029182434,0.989400029182434,,0.0411236062645912,,True,True
521523737c__act_relu__f1_32__f2_128__dropout_0p2,sha256:521523737c9f1da4288d04f12329d836e6b69841371b54dfc1bb5173a6691b36,relu,softmax,32,128,0.2,5.0,7.0,124490,5.095134466939837,1,0,0.9897000193595886,,,,,0.0365845747292041,,,,,0.9903333187103271,0.0006332993507385254,66.49,,,,,6.0,,,,,une ligne par configuration,1,1,66.49,,0.9897000193595886,0.9897000193595886,,0.0394973456859588,,True,True
521523737c__act_relu__f1_32__f2_128__dropout_0p4,sha256:521523737c9f1da4288d04f12329d836e6b69841371b54dfc1bb5173a6691b36,relu,softmax,32,128,0.4,5.0,7.0,124490,5.095134466939837,1,0,0.9911999702453612,,,,,0.0304099097847938,,,,,0.9907777905464172,-0.0004221796989439808,66.295,,,,,6.0,,,,,une ligne par configuration,1,1,66.295,,0.9911999702453612,0.9911999702453612,,0.0405839569866657,,True,True
521523737c__act_relu__f1_32__f2_128__dropout_0p6,sha256:521523737c9f1da4288d04f12329d836e6b69841371b54dfc1bb5173a6691b36,relu,softmax,32,128,0.6,5.0,7.0,124490,5.095134466939837,1,0,0.9914000034332277,,,,,0.0323221087455749,,,,,0.9898889064788818,-0.0015110969543458141,97.514,,,,,9.0,,,,,une ligne par configuration,1,1,97.514,,0.9914000034332277,0.9914000034332277,,0.040984284132719,,True,True
521523737c__act_relu__f1_32__f2_128__dropout_0p8,sha256:521523737c9f1da4288d04f12329d836e6b69841371b54dfc1bb5173a6691b36,relu,softmax,32,128,0.8,5.0,7.0,124490,5.095134466939837,1,0,0.991100013256073,,,,,0.0312310941517353,,,,,0.9896666407585144,-0.0014333724975585938,76.291,,,,,7.0,,,,,une ligne par configuration,1,1,76.291,,0.991100013256073,0.991100013256073,,0.0427234694361686,,True,True
521523737c__act_relu__f1_64__f2_8__dropout_0,sha256:521523737c9f1da4288d04f12329d836e6b69841371b54dfc1bb5173a6691b36,relu,softmax,64,8,0.0,6.0,3.0,16050,4.205475036740891,1,0,0.9842000007629396,,,,,0.0491730272769928,,,,,0.984333336353302,0.0001333355903624378,63.708,,,,,6.0,,,,,une ligne par configuration,1,1,63.708,,0.9842000007629396,0.9842000007629396,,0.049547228962183,,True,True
521523737c__act_relu__f1_64__f2_8__dropout_0p2,sha256:521523737c9f1da4288d04f12329d836e6b69841371b54dfc1bb5173a6691b36,relu,softmax,64,8,0.2,6.0,3.0,16050,4.205475036740891,1,0,0.9882000088691713,,,,,0.0364555194973945,,,,,0.988777756690979,0.0005777478218077503,132.11,,,,,13.0,,,,,une ligne par configuration,1,1,132.11,,0.9882000088691713,0.9882000088691713,,0.0385407507419586,,True,True
521523737c__act_relu__f1_64__f2_8__dropout_0p4,sha256:521523737c9f1da4288d04f12329d836e6b69841371b54dfc1bb5173a6691b36,relu,softmax,64,8,0.4,6.0,3.0,16050,4.205475036740891,1,0,0.9883999824523926,,,,,0.0355591289699077,,,,,0.9882222414016724,-0.00017774105072021484,84.483,,,,,8.0,,,,,une ligne par configuration,1,1,84.483,,0.9883999824523926,0.9883999824523926,,0.0390223413705825,,True,True
521523737c__act_relu__f1_64__f2_8__dropout_0p6,sha256:521523737c9f1da4288d04f12329d836e6b69841371b54dfc1bb5173a6691b36,relu,softmax,64,8,0.6,6.0,3.0,16050,4.205475036740891,1,0,0.987500011920929,,,,,0.0368873551487922,,,,,0.987666666507721,0.0001666545867919922,92.349,,,,,9.0,,,,,une ligne par configuration,1,1,92.349,,0.987500011920929,0.987500011920929,,0.0416574068367481,,True,True
521523737c__act_relu__f1_64__f2_8__dropout_0p8,sha256:521523737c9f1da4288d04f12329d836e6b69841371b54dfc1bb5173a6691b36,relu,softmax,64,8,0.8,6.0,3.0,16050,4.205475036740891,1,0,0.9858999848365784,,,,,0.043127454817295,,,,,0.9865555763244628,0.0006555914878844105,151.434,,,,,15.0,,,,,une ligne par configuration,1,1,151.434,,0.9858999848365784,0.9858999848365784,,0.0479369424283504,,True,True
521523737c__act_relu__f1_64__f2_16__dropout_0,sha256:521523737c9f1da4288d04f12329d836e6b69841371b54dfc1bb5173a6691b36,relu,softmax,64,16,0.0,6.0,4.0,30170,4.4795753101749884,1,0,0.987600028514862,,,,,0.0384216643869876,,,,,0.9874444603919984,-0.0001555681228635475,55.023,,,,,5.0,,,,,une ligne par configuration,1,1,55.023,,0.987600028514862,0.987600028514862,,0.042102288454771,,True,True
521523737c__act_relu__f1_64__f2_16__dropout_0p2,sha256:521523737c9f1da4288d04f12329d836e6b69841371b54dfc1bb5173a6691b36,relu,softmax,64,16,0.2,6.0,4.0,30170,4.4795753101749884,1,0,0.9905999898910522,,,,,0.0284752324223518,,,,,0.9888888597488404,-0.001711130142211803,86.321,,,,,8.0,,,,,une ligne par configuration,1,1,86.321,,0.9905999898910522,0.9905999898910522,,0.0360903181135654,,True,True
521523737c__act_relu__f1_64__f2_16__dropout_0p4,sha256:521523737c9f1da4288d04f12329d836e6b69841371b54dfc1bb5173a6691b36,relu,softmax,64,16,0.4,6.0,4.0,30170,4.4795753101749884,1,0,0.9901999831199646,,,,,0.0319025330245494,,,,,0.9869999885559082,-0.0031999945640563965,76.156,,,,,7.0,,,,,une ligne par configuration,1,1,76.156,,0.9901999831199646,0.9901999831199646,,0.0401886999607086,,True,True
521523737c__act_relu__f1_64__f2_16__dropout_0p6,sha256:521523737c9f1da4288d04f12329d836e6b69841371b54dfc1bb5173a6691b36,relu,softmax,64,16,0.6,6.0,4.0,30170,4.4795753101749884,1,0,0.991100013256073,,,,,0.0270882621407508,,,,,0.9903333187103271,-0.0007666945457458496,139.493,,,,,13.0,,,,,une ligne par configuration,1,1,139.493,,0.991100013256073,0.991100013256073,,0.0317844785749912,,True,True
521523737c__act_relu__f1_64__f2_16__dropout_0p8,sha256:521523737c9f1da4288d04f12329d836e6b69841371b54dfc1bb5173a6691b36,relu,softmax,64,16,0.8,6.0,4.0,30170,4.4795753101749884,1,0,0.9883000254631042,,,,,0.0333906523883342,,,,,0.9892222285270692,0.0009222030639649548,139.687,,,,,13.0,,,,,une ligne par configuration,1,1,139.687,,0.9883000254631042,0.9883000254631042,,0.0389974527060985,,True,True
521523737c__act_relu__f1_64__f2_32__dropout_0,sha256:521523737c9f1da4288d04f12329d836e6b69841371b54dfc1bb5173a6691b36,relu,softmax,64,32,0.0,6.0,5.0,58410,4.766487206239694,1,0,0.9884999990463256,,,,,0.0344129800796508,,,,,0.987666666507721,-0.0008333325386046253,70.597,,,,,6.0,,,,,une ligne par configuration,1,1,70.597,,0.9884999990463256,0.9884999990463256,,0.042657982558012,,True,True
521523737c__act_relu__f1_64__f2_32__dropout_0p2,sha256:521523737c9f1da4288d04f12329d836e6b69841371b54dfc1bb5173a6691b36,relu,softmax,64,32,0.2,6.0,5.0,58410,4.766487206239694,1,0,0.9907000064849854,,,,,0.031163802370429,,,,,0.9907777905464172,7.778406143188477e-05,116.814,,,,,10.0,,,,,une ligne par configuration,1,1,116.814,,0.9907000064849854,0.9907000064849854,,0.0340444594621658,,True,True
521523737c__act_relu__f1_64__f2_32__dropout_0p4,sha256:521523737c9f1da4288d04f12329d836e6b69841371b54dfc1bb5173a6691b36,relu,softmax,64,32,0.4,6.0,5.0,58410,4.766487206239694,1,0,0.991699993610382,,,,,0.0236731469631195,,,,,0.99144446849823,-0.0002555251121519886,117.334,,,,,10.0,,,,,une ligne par configuration,1,1,117.334,,0.991699993610382,0.991699993610382,,0.0302735418081283,,True,True
521523737c__act_relu__f1_64__f2_32__dropout_0p6,sha256:521523737c9f1da4288d04f12329d836e6b69841371b54dfc1bb5173a6691b36,relu,softmax,64,32,0.6,6.0,5.0,58410,4.766487206239694,1,0,0.9915000200271606,,,,,0.0262262485921382,,,,,0.9904444217681884,-0.001055598258972279,106.609,,,,,9.0,,,,,une ligne par configuration,1,1,106.609,,0.9915000200271606,0.9915000200271606,,0.0341924130916595,,True,True
521523737c__act_relu__f1_64__f2_32__dropout_0p8,sha256:521523737c9f1da4288d04f12329d836e6b69841371b54dfc1bb5173a6691b36,relu,softmax,64,32,0.8,6.0,5.0,58410,4.766487206239694,1,0,0.9919999837875366,,,,,0.0250261481851339,,,,,0.991333305835724,-0.0006666779518126331,138.476,,,,,12.0,,,,,une ligne par configuration,1,1,138.476,,0.9919999837875366,0.9919999837875366,,0.0319352149963378,,True,True
521523737c__act_relu__f1_64__f2_64__dropout_0,sha256:521523737c9f1da4288d04f12329d836e6b69841371b54dfc1bb5173a6691b36,relu,softmax,64,64,0.0,6.0,6.0,114890,5.060282229438346,1,0,0.988099992275238,,,,,0.0370846390724182,,,,,0.9882222414016724,0.00012224912643432617,71.689,,,,,5.0,,,,,une ligne par configuration,1,1,71.689,,0.988099992275238,0.988099992275238,,0.0402027182281017,,True,True
521523737c__act_relu__f1_64__f2_64__dropout_0p2,sha256:521523737c9f1da4288d04f12329d836e6b69841371b54dfc1bb5173a6691b36,relu,softmax,64,64,0.2,6.0,6.0,114890,5.060282229438346,1,0,0.9897000193595886,,,,,0.0318701602518558,,,,,0.9900000095367432,0.000299990177154541,113.694,,,,,8.0,,,,,une ligne par configuration,1,1,113.694,,0.9897000193595886,0.9897000193595886,,0.0378763861954212,,True,True
521523737c__act_relu__f1_64__f2_64__dropout_0p4,sha256:521523737c9f1da4288d04f12329d836e6b69841371b54dfc1bb5173a6691b36,relu,softmax,64,64,0.4,6.0,6.0,114890,5.060282229438346,1,0,0.9918000102043152,,,,,0.0269109290093183,,,,,0.9898889064788818,-0.0019111037254333496,113.271,,,,,8.0,,,,,une ligne par configuration,1,1,113.271,,0.9918000102043152,0.9918000102043152,,0.0356787331402301,,True,True
521523737c__act_relu__f1_64__f2_64__dropout_0p6,sha256:521523737c9f1da4288d04f12329d836e6b69841371b54dfc1bb5173a6691b36,relu,softmax,64,64,0.6,6.0,6.0,114890,5.060282229438346,1,0,0.991699993610382,,,,,0.0278088506311178,,,,,0.9900000095367432,-0.001699984073638805,85.618,,,,,6.0,,,,,une ligne par configuration,1,1,85.618,,0.991699993610382,0.991699993610382,,0.0356468483805656,,True,True
521523737c__act_relu__f1_64__f2_64__dropout_0p8,sha256:521523737c9f1da4288d04f12329d836e6b69841371b54dfc1bb5173a6691b36,relu,softmax,64,64,0.8,6.0,6.0,114890,5.060282229438346,1,0,0.9908999800682068,,,,,0.0282856449484825,,,,,0.9898889064788818,-0.0010110735893249512,113.016,,,,,8.0,,,,,une ligne par configuration,1,1,113.016,,0.9908999800682068,0.9908999800682068,,0.0354802347719669,,True,True
521523737c__act_relu__f1_64__f2_128__dropout_0,sha256:521523737c9f1da4288d04f12329d836e6b69841371b54dfc1bb5173a6691b36,relu,softmax,64,128,0.0,6.0,7.0,227850,5.357649032918467,1,0,0.989199995994568,,,,,0.0447219386696815,,,,,0.987333357334137,-0.0018666386604310192,145.608,,,,,8.0,,,,,une ligne par configuration,1,1,145.608,,0.989199995994568,0.989199995994568,,0.0514021255075931,,True,True
521523737c__act_relu__f1_64__f2_128__dropout_0p2,sha256:521523737c9f1da4288d04f12329d836e6b69841371b54dfc1bb5173a6691b36,relu,softmax,64,128,0.2,6.0,7.0,227850,5.357649032918467,1,0,0.9901999831199646,,,,,0.0360438227653503,,,,,0.9892222285270692,-0.0009777545928953968,93.389,,,,,5.0,,,,,une ligne par configuration,1,1,93.389,,0.9901999831199646,0.9901999831199646,,0.042767833918333,,True,True
521523737c__act_relu__f1_64__f2_128__dropout_0p4,sha256:521523737c9f1da4288d04f12329d836e6b69841371b54dfc1bb5173a6691b36,relu,softmax,64,128,0.4,6.0,7.0,227850,5.357649032918467,1,0,0.9914000034332277,,,,,0.0298622716218233,,,,,0.9907777905464172,-0.0006222128868104138,110.563,,,,,6.0,,,,,une ligne par configuration,1,1,110.563,,0.9914000034332277,0.9914000034332277,,0.0350411273539066,,True,True
521523737c__act_relu__f1_64__f2_128__dropout_0p6,sha256:521523737c9f1da4288d04f12329d836e6b69841371b54dfc1bb5173a6691b36,relu,softmax,64,128,0.6,6.0,7.0,227850,5.357649032918467,1,0,0.9919999837875366,,,,,0.0284124910831451,,,,,0.9908888936042786,-0.0011110901832580566,165.51,,,,,9.0,,,,,une ligne par configuration,1,1,165.51,,0.9919999837875366,0.9919999837875366,,0.0402683056890964,,True,True
521523737c__act_relu__f1_64__f2_128__dropout_0p8,sha256:521523737c9f1da4288d04f12329d836e6b69841371b54dfc1bb5173a6691b36,relu,softmax,64,128,0.8,6.0,7.0,227850,5.357649032918467,1,0,0.9918000102043152,,,,,0.0264551173895597,,,,,0.9918888807296752,8.88705253599964e-05,240.11,,,,,13.0,,,,,une ligne par configuration,1,1,240.11,,0.9918000102043152,0.9918000102043152,,0.0353760570287704,,True,True
521523737c__act_relu__f1_128__f2_8__dropout_0,sha256:521523737c9f1da4288d04f12329d836e6b69841371b54dfc1bb5173a6691b36,relu,softmax,128,8,0.0,7.0,3.0,30770,4.488127496247459,1,0,0.9842000007629396,,,,,0.0478867888450622,,,,,0.985111117362976,0.000911116600036399,121.692,,,,,6.0,,,,,une ligne par configuration,1,1,121.692,,0.9842000007629396,0.9842000007629396,,0.0494668669998645,,True,True
521523737c__act_relu__f1_128__f2_8__dropout_0p2,sha256:521523737c9f1da4288d04f12329d836e6b69841371b54dfc1bb5173a6691b36,relu,softmax,128,8,0.2,7.0,3.0,30770,4.488127496247459,1,0,0.9901000261306764,,,,,0.0334868282079696,,,,,0.987333357334137,-0.0027666687965394177,181.257,,,,,9.0,,,,,une ligne par configuration,1,1,181.257,,0.9901000261306764,0.9901000261306764,,0.0417307280004024,,True,True
521523737c__act_relu__f1_128__f2_8__dropout_0p4,sha256:521523737c9f1da4288d04f12329d836e6b69841371b54dfc1bb5173a6691b36,relu,softmax,128,8,0.4,7.0,3.0,30770,4.488127496247459,1,0,0.99099999666214,,,,,0.0283796209841966,,,,,0.9898889064788818,-0.0011110901832581677,239.894,,,,,12.0,,,,,une ligne par configuration,1,1,239.894,,0.99099999666214,0.99099999666214,,0.0339130982756614,,True,True
521523737c__act_relu__f1_128__f2_8__dropout_0p6,sha256:521523737c9f1da4288d04f12329d836e6b69841371b54dfc1bb5173a6691b36,relu,softmax,128,8,0.6,7.0,3.0,30770,4.488127496247459,1,0,0.9866999983787536,,,,,0.0400596149265766,,,,,0.9850000143051147,-0.001699984073638805,141.539,,,,,7.0,,,,,une ligne par configuration,1,1,141.539,,0.9866999983787536,0.9866999983787536,,0.0468691401183605,,True,True
521523737c__act_relu__f1_128__f2_8__dropout_0p8,sha256:521523737c9f1da4288d04f12329d836e6b69841371b54dfc1bb5173a6691b36,relu,softmax,128,8,0.8,7.0,3.0,30770,4.488127496247459,1,0,0.9861999750137328,,,,,0.0442867130041122,,,,,0.986222207546234,2.2232532501220703e-05,201.002,,,,,10.0,,,,,une ligne par configuration,1,1,201.002,,0.9861999750137328,0.9861999750137328,,0.0481403432786464,,True,True
521523737c__act_relu__f1_128__f2_16__dropout_0,sha256:521523737c9f1da4288d04f12329d836e6b69841371b54dfc1bb5173a6691b36,relu,softmax,128,16,0.0,7.0,4.0,57690,4.761100538958142,1,0,0.9865999817848206,,,,,0.0460621230304241,,,,,0.9852222204208374,-0.0013777613639831543,82.908,,,,,4.0,,,,,une ligne par configuration,1,1,82.908,,0.9865999817848206,0.9865999817848206,,0.0517694689333438,,True,True
521523737c__act_relu__f1_128__f2_16__dropout_0p2,sha256:521523737c9f1da4288d04f12329d836e6b69841371b54dfc1bb5173a6691b36,relu,softmax,128,16,0.2,7.0,4.0,57690,4.761100538958142,1,0,0.99099999666214,,,,,0.0297163110226392,,,,,0.9905555844306946,-0.0004444122314454235,203.202,,,,,10.0,,,,,une ligne par configuration,1,1,203.202,,0.99099999666214,0.99099999666214,,0.0341534949839115,,True,True
521523737c__act_relu__f1_128__f2_16__dropout_0p4,sha256:521523737c9f1da4288d04f12329d836e6b69841371b54dfc1bb5173a6691b36,relu,softmax,128,16,0.4,7.0,4.0,57690,4.761100538958142,1,0,0.9904999732971193,,,,,0.0289239343255758,,,,,0.9901111125946044,-0.0003888607025148705,142.707,,,,,7.0,,,,,une ligne par configuration,1,1,142.707,,0.9904999732971193,0.9904999732971193,,0.0337073802947998,,True,True
521523737c__act_relu__f1_128__f2_16__dropout_0p6,sha256:521523737c9f1da4288d04f12329d836e6b69841371b54dfc1bb5173a6691b36,relu,softmax,128,16,0.6,7.0,4.0,57690,4.761100538958142,1,0,0.9918000102043152,,,,,0.0270622689276933,,,,,0.9915555715560912,-0.000244438648223988,201.861,,,,,10.0,,,,,une ligne par configuration,1,1,201.861,,0.9918000102043152,0.9918000102043152,,0.0302480496466159,,True,True
521523737c__act_relu__f1_128__f2_16__dropout_0p8,sha256:521523737c9f1da4288d04f12329d836e6b69841371b54dfc1bb5173a6691b36,relu,softmax,128,16,0.8,7.0,4.0,57690,4.761100538958142,1,0,0.9890000224113464,,,,,0.0346130393445491,,,,,0.9872221946716307,-0.0017778277397156872,201.869,,,,,10.0,,,,,une ligne par configuration,1,1,201.869,,0.9890000224113464,0.9890000224113464,,0.0413464047014713,,True,True
521523737c__act_relu__f1_128__f2_32__dropout_0,sha256:521523737c9f1da4288d04f12329d836e6b69841371b54dfc1bb5173a6691b36,relu,softmax,128,32,0.0,7.0,5.0,111530,5.047391702200444,1,0,0.98989999294281,,,,,0.0324710309505462,,,,,0.9888888597488404,-0.0010111331939695045,133.877,,,,,6.0,,,,,une ligne par configuration,1,1,133.877,,0.98989999294281,0.98989999294281,,0.0385263450443744,,True,True
521523737c__act_relu__f1_128__f2_32__dropout_0p2,sha256:521523737c9f1da4288d04f12329d836e6b69841371b54dfc1bb5173a6691b36,relu,softmax,128,32,0.2,7.0,5.0,111530,5.047391702200444,1,0,0.9889000058174132,,,,,0.0338745862245559,,,,,0.9888888597488404,-1.1146068572776002e-05,112.778,,,,,5.0,,,,,une ligne par configuration,1,1,112.778,,0.9889000058174132,0.9889000058174132,,0.0388834550976753,,True,True
521523737c__act_relu__f1_128__f2_32__dropout_0p4,sha256:521523737c9f1da4288d04f12329d836e6b69841371b54dfc1bb5173a6691b36,relu,softmax,128,32,0.4,7.0,5.0,111530,5.047391702200444,1,0,0.989799976348877,,,,,0.0302644167095422,,,,,0.9902222156524658,0.0004222393035888672,156.532,,,,,7.0,,,,,une ligne par configuration,1,1,156.532,,0.989799976348877,0.989799976348877,,0.0338674075901508,,True,True
521523737c__act_relu__f1_128__f2_32__dropout_0p6,sha256:521523737c9f1da4288d04f12329d836e6b69841371b54dfc1bb5173a6691b36,relu,softmax,128,32,0.6,7.0,5.0,111530,5.047391702200444,1,0,0.9919999837875366,,,,,0.0259917750954628,,,,,0.9912222027778624,-0.0007777810096741833,177.023,,,,,8.0,,,,,une ligne par configuration,1,1,177.023,,0.9919999837875366,0.9919999837875366,,0.0319351851940155,,True,True
521523737c__act_relu__f1_128__f2_32__dropout_0p8,sha256:521523737c9f1da4288d04f12329d836e6b69841371b54dfc1bb5173a6691b36,relu,softmax,128,32,0.8,7.0,5.0,111530,5.047391702200444,1,0,0.9919000267982484,,,,,0.0233849883079528,,,,,0.99144446849823,-0.00045555830001842157,263.953,,,,,12.0,,,,,une ligne par configuration,1,1,263.953,,0.9919000267982484,0.9919000267982484,,0.0325765833258628,,True,True
521523737c__act_relu__f1_128__f2_64__dropout_0,sha256:521523737c9f1da4288d04f12329d836e6b69841371b54dfc1bb5173a6691b36,relu,softmax,128,64,0.0,7.0,6.0,219210,5.34086036206488,1,0,0.9894999861717224,,,,,0.0363333895802497,,,,,0.987333357334137,-0.0021666288375854492,132.939,,,,,5.0,,,,,une ligne par configuration,1,1,132.939,,0.9894999861717224,0.9894999861717224,,0.0433521494269371,,True,True
521523737c__act_relu__f1_128__f2_64__dropout_0p2,sha256:521523737c9f1da4288d04f12329d836e6b69841371b54dfc1bb5173a6691b36,relu,softmax,128,64,0.2,7.0,6.0,219210,5.34086036206488,1,0,0.989799976348877,,,,,0.0331021696329116,,,,,0.9895555377006532,-0.00024443864822376593,159.353,,,,,6.0,,,,,une ligne par configuration,1,1,159.353,,0.989799976348877,0.989799976348877,,0.0355714708566665,,True,True
521523737c__act_relu__f1_128__f2_64__dropout_0p4,sha256:521523737c9f1da4288d04f12329d836e6b69841371b54dfc1bb5173a6691b36,relu,softmax,128,64,0.4,7.0,6.0,219210,5.34086036206488,1,0,0.9894999861717224,,,,,0.0330056846141815,,,,,0.9895555377006532,5.5551528930775085e-05,133.161,,,,,5.0,,,,,une ligne par configuration,1,1,133.161,,0.9894999861717224,0.9894999861717224,,0.0382403209805488,,True,True
521523737c__act_relu__f1_128__f2_64__dropout_0p6,sha256:521523737c9f1da4288d04f12329d836e6b69841371b54dfc1bb5173a6691b36,relu,softmax,128,64,0.6,7.0,6.0,219210,5.34086036206488,1,0,0.9873999953269958,,,,,0.0387947559356689,,,,,0.9867777824401855,-0.0006222128868103027,107.284,,,,,4.0,,,,,une ligne par configuration,1,1,107.284,,0.9873999953269958,0.9873999953269958,,0.0445592664182186,,True,True
521523737c__act_relu__f1_128__f2_64__dropout_0p8,sha256:521523737c9f1da4288d04f12329d836e6b69841371b54dfc1bb5173a6691b36,relu,softmax,128,64,0.8,7.0,6.0,219210,5.34086036206488,1,0,0.9900000095367432,,,,,0.0314359106123447,,,,,0.9886666536331176,-0.0013333559036255993,235.683,,,,,9.0,,,,,une ligne par configuration,1,1,235.683,,0.9900000095367432,0.9900000095367432,,0.0403993278741836,,True,True
521523737c__act_relu__f1_128__f2_128__dropout_0,sha256:521523737c9f1da4288d04f12329d836e6b69841371b54dfc1bb5173a6691b36,relu,softmax,128,128,0.0,7.0,7.0,434570,5.638059742039357,1,0,0.9882000088691713,,,,,0.0420114547014236,,,,,0.9866666793823242,-0.0015333294868470349,181.668,,,,,5.0,,,,,une ligne par configuration,1,1,181.668,,0.9882000088691713,0.9882000088691713,,0.0525025464594364,,True,True
521523737c__act_relu__f1_128__f2_128__dropout_0p2,sha256:521523737c9f1da4288d04f12329d836e6b69841371b54dfc1bb5173a6691b36,relu,softmax,128,128,0.2,7.0,7.0,434570,5.638059742039357,1,0,0.9897000193595886,,,,,0.0363628640770912,,,,,0.9895555377006532,-0.00014448165893543585,215.075,,,,,6.0,,,,,une ligne par configuration,1,1,215.075,,0.9897000193595886,0.9897000193595886,,0.0414898134768009,,True,True
521523737c__act_relu__f1_128__f2_128__dropout_0p4,sha256:521523737c9f1da4288d04f12329d836e6b69841371b54dfc1bb5173a6691b36,relu,softmax,128,128,0.4,7.0,7.0,434570,5.638059742039357,1,0,0.9872000217437744,,,,,0.0397207140922546,,,,,0.987666666507721,0.0004666447639465332,144.562,,,,,4.0,,,,,une ligne par configuration,1,1,144.562,,0.9872000217437744,0.9872000217437744,,0.0445797368884086,,True,True
521523737c__act_relu__f1_128__f2_128__dropout_0p6,sha256:521523737c9f1da4288d04f12329d836e6b69841371b54dfc1bb5173a6691b36,relu,softmax,128,128,0.6,7.0,7.0,434570,5.638059742039357,1,0,0.9922000169754028,,,,,0.028212297707796,,,,,0.99099999666214,-0.0012000203132628284,284.576,,,,,8.0,,,,,une ligne par configuration,1,1,284.576,,0.9922000169754028,0.9922000169754028,,0.037595584988594,,True,True
521523737c__act_relu__f1_128__f2_128__dropout_0p8,sha256:521523737c9f1da4288d04f12329d836e6b69841371b54dfc1bb5173a6691b36,relu,softmax,128,128,0.8,7.0,7.0,434570,5.638059742039357,1,0,0.9907000064849854,,,,,0.0300827156752347,,,,,0.9919999837875366,0.0012999773025512695,284.393,,,,,8.0,,,,,une ligne par configuration,1,1,284.393,,0.9907000064849854,0.9907000064849854,,0.037089567631483,,True,True
521523737c__act_softmax__f1_4__f2_8__dropout_0,sha256:521523737c9f1da4288d04f12329d836e6b69841371b54dfc1bb5173a6691b36,softmax,softmax,4,8,0.0,2.0,3.0,2250,3.3521825181113627,1,0,0.9824000000953674,,,,,0.0549160949885845,,,,,0.9811111092567444,-0.0012888908386230469,50.627,,,,,19.0,,,,,une ligne par configuration,1,1,50.627,,0.9824000000953674,0.9824000000953674,,0.0633897259831428,,True,True
521523737c__act_softmax__f1_4__f2_8__dropout_0p2,sha256:521523737c9f1da4288d04f12329d836e6b69841371b54dfc1bb5173a6691b36,softmax,softmax,4,8,0.2,2.0,3.0,2250,3.3521825181113627,1,0,0.9858999848365784,,,,,0.0429824255406856,,,,,0.9856666922569276,-0.00023329257965076788,56.028,,,,,20.0,,,,,une ligne par configuration,1,1,56.028,,0.9858999848365784,0.9858999848365784,,0.0505623519420623,,True,True
521523737c__act_softmax__f1_4__f2_8__dropout_0p4,sha256:521523737c9f1da4288d04f12329d836e6b69841371b54dfc1bb5173a6691b36,softmax,softmax,4,8,0.4,2.0,3.0,2250,3.3521825181113627,1,0,0.9836000204086304,,,,,0.050061322748661,,,,,0.9825555682182312,-0.00104445219039917,47.297,,,,,17.0,,,,,une ligne par configuration,1,1,47.297,,0.9836000204086304,0.9836000204086304,,0.0594352558255195,,True,True
521523737c__act_softmax__f1_4__f2_8__dropout_0p6,sha256:521523737c9f1da4288d04f12329d836e6b69841371b54dfc1bb5173a6691b36,softmax,softmax,4,8,0.6,2.0,3.0,2250,3.3521825181113627,1,0,0.9797000288963318,,,,,0.0656832456588745,,,,,0.9795555472373962,-0.00014448165893554688,49.051,,,,,17.0,,,,,une ligne par configuration,1,1,49.051,,0.9797000288963318,0.9797000288963318,,0.0709909349679946,,True,True
521523737c__act_softmax__f1_4__f2_8__dropout_0p8,sha256:521523737c9f1da4288d04f12329d836e6b69841371b54dfc1bb5173a6691b36,softmax,softmax,4,8,0.8,2.0,3.0,2250,3.3521825181113627,1,0,0.972599983215332,,,,,0.0946017503738403,,,,,0.9708889126777648,-0.0017110705375672497,57.982,,,,,20.0,,,,,une ligne par configuration,1,1,57.982,,0.972599983215332,0.972599983215332,,0.0998759046196937,,True,True
521523737c__act_softmax__f1_4__f2_16__dropout_0,sha256:521523737c9f1da4288d04f12329d836e6b69841371b54dfc1bb5173a6691b36,softmax,softmax,4,16,0.0,2.0,4.0,4370,3.640481436970422,1,0,0.9847000241279602,,,,,0.0444110929965972,,,,,0.9850000143051147,0.000299990177154541,31.593,,,,,10.0,,,,,une ligne par configuration,1,1,31.593,,0.9847000241279602,0.9847000241279602,,0.0549291595816612,,True,True
521523737c__act_softmax__f1_4__f2_16__dropout_0p2,sha256:521523737c9f1da4288d04f12329d836e6b69841371b54dfc1bb5173a6691b36,softmax,softmax,4,16,0.2,2.0,4.0,4370,3.640481436970422,1,0,0.9869999885559082,,,,,0.0424087941646575,,,,,0.9852222204208374,-0.0017777681350708008,54.627,,,,,17.0,,,,,une ligne par configuration,1,1,54.627,,0.9869999885559082,0.9869999885559082,,0.0474084354937076,,True,True
521523737c__act_softmax__f1_4__f2_16__dropout_0p4,sha256:521523737c9f1da4288d04f12329d836e6b69841371b54dfc1bb5173a6691b36,softmax,softmax,4,16,0.4,2.0,4.0,4370,3.640481436970422,1,0,0.9886000156402588,,,,,0.0366841331124305,,,,,0.9867777824401855,-0.0018222332000732422,46.629,,,,,15.0,,,,,une ligne par configuration,1,1,46.629,,0.9886000156402588,0.9886000156402588,,0.0485547482967376,,True,True
521523737c__act_softmax__f1_4__f2_16__dropout_0p6,sha256:521523737c9f1da4288d04f12329d836e6b69841371b54dfc1bb5173a6691b36,softmax,softmax,4,16,0.6,2.0,4.0,4370,3.640481436970422,1,0,0.9872000217437744,,,,,0.0421987771987915,,,,,0.9845555424690248,-0.002644479274749645,47.555,,,,,15.0,,,,,une ligne par configuration,1,1,47.555,,0.9872000217437744,0.9872000217437744,,0.0532410033047199,,True,True
521523737c__act_softmax__f1_4__f2_16__dropout_0p8,sha256:521523737c9f1da4288d04f12329d836e6b69841371b54dfc1bb5173a6691b36,softmax,softmax,4,16,0.8,2.0,4.0,4370,3.640481436970422,1,0,0.9789999723434448,,,,,0.0652515962719917,,,,,0.9800000190734864,0.001000046730041615,47.639,,,,,15.0,,,,,une ligne par configuration,1,1,47.639,,0.9789999723434448,0.9789999723434448,,0.0690677911043167,,True,True
521523737c__act_softmax__f1_4__f2_32__dropout_0,sha256:521523737c9f1da4288d04f12329d836e6b69841371b54dfc1bb5173a6691b36,softmax,softmax,4,32,0.0,2.0,5.0,8610,3.935003151453655,1,0,0.9846000075340272,,,,,0.0457950197160244,,,,,0.984666645526886,6.66379928587757e-05,24.861,,,,,7.0,,,,,une ligne par configuration,1,1,24.861,,0.9846000075340272,0.9846000075340272,,0.0533083565533161,,True,True
521523737c__act_softmax__f1_4__f2_32__dropout_0p2,sha256:521523737c9f1da4288d04f12329d836e6b69841371b54dfc1bb5173a6691b36,softmax,softmax,4,32,0.2,2.0,5.0,8610,3.935003151453655,1,0,0.9890999794006348,,,,,0.0331444963812828,,,,,0.9888888597488404,-0.00021111965179432257,42.808,,,,,12.0,,,,,une ligne par configuration,1,1,42.808,,0.9890999794006348,0.9890999794006348,,0.0390437729656696,,True,True
521523737c__act_softmax__f1_4__f2_32__dropout_0p4,sha256:521523737c9f1da4288d04f12329d836e6b69841371b54dfc1bb5173a6691b36,softmax,softmax,4,32,0.4,2.0,5.0,8610,3.935003151453655,1,0,0.9908000230789183,,,,,0.0279777683317661,,,,,0.990666687488556,-0.00013333559036232678,50.545,,,,,14.0,,,,,une ligne par configuration,1,1,50.545,,0.9908000230789183,0.9908000230789183,,0.0345832370221614,,True,True
521523737c__act_softmax__f1_4__f2_32__dropout_0p6,sha256:521523737c9f1da4288d04f12329d836e6b69841371b54dfc1bb5173a6691b36,softmax,softmax,4,32,0.6,2.0,5.0,8610,3.935003151453655,1,0,0.99099999666214,,,,,0.0276275239884853,,,,,0.9904444217681884,-0.0005555748939516381,57.356,,,,,16.0,,,,,une ligne par configuration,1,1,57.356,,0.99099999666214,0.99099999666214,,0.0356713980436325,,True,True
521523737c__act_softmax__f1_4__f2_32__dropout_0p8,sha256:521523737c9f1da4288d04f12329d836e6b69841371b54dfc1bb5173a6691b36,softmax,softmax,4,32,0.8,2.0,5.0,8610,3.935003151453655,1,0,0.9872999787330629,,,,,0.0356197953224182,,,,,0.986222207546234,-0.0010777711868288353,71.443,,,,,20.0,,,,,une ligne par configuration,1,1,71.443,,0.9872999787330629,0.9872999787330629,,0.044024895876646,,True,True
521523737c__act_softmax__f1_4__f2_64__dropout_0,sha256:521523737c9f1da4288d04f12329d836e6b69841371b54dfc1bb5173a6691b36,softmax,softmax,4,64,0.0,2.0,6.0,17090,4.232742062720737,1,0,0.9858999848365784,,,,,0.0435934998095035,,,,,0.9857777953147888,-0.00012218952178955078,24.519,,,,,6.0,,,,,une ligne par configuration,1,1,24.519,,0.9858999848365784,0.9858999848365784,,0.0516588315367698,,True,True
521523737c__act_softmax__f1_4__f2_64__dropout_0p2,sha256:521523737c9f1da4288d04f12329d836e6b69841371b54dfc1bb5173a6691b36,softmax,softmax,4,64,0.2,2.0,6.0,17090,4.232742062720737,1,0,0.9907000064849854,,,,,0.0308953579515218,,,,,0.9896666407585144,-0.0010333657264709473,37.66,,,,,9.0,,,,,une ligne par configuration,1,1,37.66,,0.9907000064849854,0.9907000064849854,,0.0390782691538333,,True,True
521523737c__act_softmax__f1_4__f2_64__dropout_0p4,sha256:521523737c9f1da4288d04f12329d836e6b69841371b54dfc1bb5173a6691b36,softmax,softmax,4,64,0.4,2.0,6.0,17090,4.232742062720737,1,0,0.9901000261306764,,,,,0.0308739133179187,,,,,0.9903333187103271,0.00023329257965076788,42.311,,,,,10.0,,,,,une ligne par configuration,1,1,42.311,,0.9901000261306764,0.9901000261306764,,0.0353230200707912,,True,True
521523737c__act_softmax__f1_4__f2_64__dropout_0p6,sha256:521523737c9f1da4288d04f12329d836e6b69841371b54dfc1bb5173a6691b36,softmax,softmax,4,64,0.6,2.0,6.0,17090,4.232742062720737,1,0,0.9919999837875366,,,,,0.0244164802134037,,,,,0.9912222027778624,-0.0007777810096741833,55.247,,,,,13.0,,,,,une ligne par configuration,1,1,55.247,,0.9919999837875366,0.9919999837875366,,0.0319611839950084,,True,True
521523737c__act_softmax__f1_4__f2_64__dropout_0p8,sha256:521523737c9f1da4288d04f12329d836e6b69841371b54dfc1bb5173a6691b36,softmax,softmax,4,64,0.8,2.0,6.0,17090,4.232742062720737,1,0,0.9890999794006348,,,,,0.0329669453203678,,,,,0.9886666536331176,-0.00043332576751720087,55.328,,,,,13.0,,,,,une ligne par configuration,1,1,55.328,,0.9890999794006348,0.9890999794006348,,0.0404942892491817,,True,True
521523737c__act_softmax__f1_4__f2_128__dropout_0,sha256:521523737c9f1da4288d04f12329d836e6b69841371b54dfc1bb5173a6691b36,softmax,softmax,4,128,0.0,2.0,7.0,34050,4.532117116248804,1,0,0.9886999726295472,,,,,0.0382581017911434,,,,,0.9864444732666016,-0.0022554993629456677,27.042,,,,,5.0,,,,,une ligne par configuration,1,1,27.042,,0.9886999726295472,0.9886999726295472,,0.0504301153123378,,True,True
521523737c__act_softmax__f1_4__f2_128__dropout_0p2,sha256:521523737c9f1da4288d04f12329d836e6b69841371b54dfc1bb5173a6691b36,softmax,softmax,4,128,0.2,2.0,7.0,34050,4.532117116248804,1,0,0.9886999726295472,,,,,0.0372766740620136,,,,,0.9868888854980468,-0.0018110871315004662,27.492,,,,,5.0,,,,,une ligne par configuration,1,1,27.492,,0.9886999726295472,0.9886999726295472,,0.046239897608757,,True,True
521523737c__act_softmax__f1_4__f2_128__dropout_0p4,sha256:521523737c9f1da4288d04f12329d836e6b69841371b54dfc1bb5173a6691b36,softmax,softmax,4,128,0.4,2.0,7.0,34050,4.532117116248804,1,0,0.989300012588501,,,,,0.0339945144951343,,,,,0.988444447517395,-0.000855565071105957,34.018,,,,,6.0,,,,,une ligne par configuration,1,1,34.018,,0.989300012588501,0.989300012588501,,0.0416171625256538,,True,True
521523737c__act_softmax__f1_4__f2_128__dropout_0p6,sha256:521523737c9f1da4288d04f12329d836e6b69841371b54dfc1bb5173a6691b36,softmax,softmax,4,128,0.6,2.0,7.0,34050,4.532117116248804,1,0,0.989400029182434,,,,,0.0342983789741992,,,,,0.9894444346427916,4.4405460357666016e-05,49.465,,,,,9.0,,,,,une ligne par configuration,1,1,49.465,,0.989400029182434,0.989400029182434,,0.0387523956596851,,True,True
521523737c__act_softmax__f1_4__f2_128__dropout_0p8,sha256:521523737c9f1da4288d04f12329d836e6b69841371b54dfc1bb5173a6691b36,softmax,softmax,4,128,0.8,2.0,7.0,34050,4.532117116248804,1,0,0.9872999787330629,,,,,0.0354012064635753,,,,,0.9877777695655824,0.00047779083251953125,54.427,,,,,10.0,,,,,une ligne par configuration,1,1,54.427,,0.9872999787330629,0.9872999787330629,,0.0439424775540828,,True,True
521523737c__act_softmax__f1_8__f2_8__dropout_0,sha256:521523737c9f1da4288d04f12329d836e6b69841371b54dfc1bb5173a6691b36,softmax,softmax,8,8,0.0,3.0,3.0,3170,3.5010592622177517,1,0,0.98580002784729,,,,,0.04441924020648,,,,,0.9848889112472534,-0.0009111166000366211,49.45,,,,,14.0,,,,,une ligne par configuration,1,1,49.45,,0.98580002784729,0.98580002784729,,0.0531486682593822,,True,True
521523737c__act_softmax__f1_8__f2_8__dropout_0p2,sha256:521523737c9f1da4288d04f12329d836e6b69841371b54dfc1bb5173a6691b36,softmax,softmax,8,8,0.2,3.0,3.0,3170,3.5010592622177517,1,0,0.9884999990463256,,,,,0.0352450348436832,,,,,0.9874444603919984,-0.0010555386543271705,61.114,,,,,17.0,,,,,une ligne par configuration,1,1,61.114,,0.9884999990463256,0.9884999990463256,,0.0426797308027744,,True,True
521523737c__act_softmax__f1_8__f2_8__dropout_0p4,sha256:521523737c9f1da4288d04f12329d836e6b69841371b54dfc1bb5173a6691b36,softmax,softmax,8,8,0.4,3.0,3.0,3170,3.5010592622177517,1,0,0.9861000180244446,,,,,0.0405382066965103,,,,,0.98588889837265,-0.00021111965179454462,60.941,,,,,17.0,,,,,une ligne par configuration,1,1,60.941,,0.9861000180244446,0.9861000180244446,,0.0474946424365043,,True,True
521523737c__act_softmax__f1_8__f2_8__dropout_0p6,sha256:521523737c9f1da4288d04f12329d836e6b69841371b54dfc1bb5173a6691b36,softmax,softmax,8,8,0.6,3.0,3.0,3170,3.5010592622177517,1,0,0.9835000038146972,,,,,0.051629863679409,,,,,0.9826666712760924,-0.0008333325386047363,54.739,,,,,15.0,,,,,une ligne par configuration,1,1,54.739,,0.9835000038146972,0.9835000038146972,,0.058391023427248,,True,True
521523737c__act_softmax__f1_8__f2_8__dropout_0p8,sha256:521523737c9f1da4288d04f12329d836e6b69841371b54dfc1bb5173a6691b36,softmax,softmax,8,8,0.8,3.0,3.0,3170,3.5010592622177517,1,0,0.9781000018119812,,,,,0.0699369311332702,,,,,0.9777777791023254,-0.0003222227096557617,71.577,,,,,20.0,,,,,une ligne par configuration,1,1,71.577,,0.9781000018119812,0.9781000018119812,,0.0737636461853981,,True,True
521523737c__act_softmax__f1_8__f2_16__dropout_0,sha256:521523737c9f1da4288d04f12329d836e6b69841371b54dfc1bb5173a6691b36,softmax,softmax,8,16,0.0,3.0,4.0,6090,3.784617292632875,1,0,0.9854999780654908,,,,,0.044438149780035,,,,,0.9857777953147888,0.0002778172492979847,37.731,,,,,9.0,,,,,une ligne par configuration,1,1,37.731,,0.9854999780654908,0.9854999780654908,,0.0488360114395618,,True,True
521523737c__act_softmax__f1_8__f2_16__dropout_0p2,sha256:521523737c9f1da4288d04f12329d836e6b69841371b54dfc1bb5173a6691b36,softmax,softmax,8,16,0.2,3.0,4.0,6090,3.784617292632875,1,0,0.9871000051498412,,,,,0.0361695736646652,,,,,0.9891111254692078,0.002011120319366566,40.362,,,,,10.0,,,,,une ligne par configuration,1,1,40.362,,0.9871000051498412,0.9871000051498412,,0.0382655747234821,,True,True
521523737c__act_softmax__f1_8__f2_16__dropout_0p4,sha256:521523737c9f1da4288d04f12329d836e6b69841371b54dfc1bb5173a6691b36,softmax,softmax,8,16,0.4,3.0,4.0,6090,3.784617292632875,1,0,0.9900000095367432,,,,,0.0299640167504549,,,,,0.9908888936042786,0.0008888840675354004,60.123,,,,,15.0,,,,,une ligne par configuration,1,1,60.123,,0.9900000095367432,0.9900000095367432,,0.0351766496896743,,True,True
521523737c__act_softmax__f1_8__f2_16__dropout_0p6,sha256:521523737c9f1da4288d04f12329d836e6b69841371b54dfc1bb5173a6691b36,softmax,softmax,8,16,0.6,3.0,4.0,6090,3.784617292632875,1,0,0.98989999294281,,,,,0.0307790525257587,,,,,0.9891111254692078,-0.0007888674736021839,64.578,,,,,16.0,,,,,une ligne par configuration,1,1,64.578,,0.98989999294281,0.98989999294281,,0.0389339067041873,,True,True
521523737c__act_softmax__f1_8__f2_16__dropout_0p8,sha256:521523737c9f1da4288d04f12329d836e6b69841371b54dfc1bb5173a6691b36,softmax,softmax,8,16,0.8,3.0,4.0,6090,3.784617292632875,1,0,0.9839000105857848,,,,,0.0484638735651969,,,,,0.985111117362976,0.0012111067771911621,64.006,,,,,16.0,,,,,une ligne par configuration,1,1,64.006,,0.9839000105857848,0.9839000105857848,,0.0545444041490554,,True,True
521523737c__act_softmax__f1_8__f2_32__dropout_0,sha256:521523737c9f1da4288d04f12329d836e6b69841371b54dfc1bb5173a6691b36,softmax,softmax,8,32,0.0,3.0,5.0,11930,4.076640443670342,1,0,0.9890000224113464,,,,,0.0347578860819339,,,,,0.9875555634498596,-0.0014444589614868164,26.33,,,,,6.0,,,,,une ligne par configuration,1,1,26.33,,0.9890000224113464,0.9890000224113464,,0.0477918274700641,,True,True
521523737c__act_softmax__f1_8__f2_32__dropout_0p2,sha256:521523737c9f1da4288d04f12329d836e6b69841371b54dfc1bb5173a6691b36,softmax,softmax,8,32,0.2,3.0,5.0,11930,4.076640443670342,1,0,0.9908000230789183,,,,,0.0329565107822418,,,,,0.9901111125946044,-0.0006889104843139648,39.271,,,,,9.0,,,,,une ligne par configuration,1,1,39.271,,0.9908000230789183,0.9908000230789183,,0.0353492572903633,,True,True
521523737c__act_softmax__f1_8__f2_32__dropout_0p4,sha256:521523737c9f1da4288d04f12329d836e6b69841371b54dfc1bb5173a6691b36,softmax,softmax,8,32,0.4,3.0,5.0,11930,4.076640443670342,1,0,0.9926000237464904,,,,,0.0231118462979793,,,,,0.9918888807296752,-0.0007111430168151855,64.012,,,,,14.0,,,,,une ligne par configuration,1,1,64.012,,0.9926000237464904,0.9926000237464904,,0.0295645650476217,,True,True
521523737c__act_softmax__f1_8__f2_32__dropout_0p6,sha256:521523737c9f1da4288d04f12329d836e6b69841371b54dfc1bb5173a6691b36,softmax,softmax,8,32,0.6,3.0,5.0,11930,4.076640443670342,1,0,0.991599977016449,,,,,0.0249868426471948,,,,,0.9927777647972108,0.0011777877807618298,86.281,,,,,20.0,,,,,une ligne par configuration,1,1,86.281,,0.991599977016449,0.991599977016449,,0.0290470849722623,,True,True
521523737c__act_softmax__f1_8__f2_32__dropout_0p8,sha256:521523737c9f1da4288d04f12329d836e6b69841371b54dfc1bb5173a6691b36,softmax,softmax,8,32,0.8,3.0,5.0,11930,4.076640443670342,1,0,0.9879999756813048,,,,,0.0329414121806621,,,,,0.9891111254692078,0.001111149787902943,66.559,,,,,15.0,,,,,une ligne par configuration,1,1,66.559,,0.9879999756813048,0.9879999756813048,,0.036957174539566,,True,True
521523737c__act_softmax__f1_8__f2_64__dropout_0,sha256:521523737c9f1da4288d04f12329d836e6b69841371b54dfc1bb5173a6691b36,softmax,softmax,8,64,0.0,3.0,6.0,23610,4.373095987078727,1,0,0.9866999983787536,,,,,0.0434129387140274,,,,,0.9875555634498596,0.000855565071106068,21.519,,,,,4.0,,,,,une ligne par configuration,1,1,21.519,,0.9866999983787536,0.9866999983787536,,0.0495324991643428,,True,True
521523737c__act_softmax__f1_8__f2_64__dropout_0p2,sha256:521523737c9f1da4288d04f12329d836e6b69841371b54dfc1bb5173a6691b36,softmax,softmax,8,64,0.2,3.0,6.0,23610,4.373095987078727,1,0,0.9902999997138976,,,,,0.0303920693695545,,,,,0.9892222285270692,-0.0010777711868283912,41.713,,,,,8.0,,,,,une ligne par configuration,1,1,41.713,,0.9902999997138976,0.9902999997138976,,0.0392702929675579,,True,True
521523737c__act_softmax__f1_8__f2_64__dropout_0p4,sha256:521523737c9f1da4288d04f12329d836e6b69841371b54dfc1bb5173a6691b36,softmax,softmax,8,64,0.4,3.0,6.0,23610,4.373095987078727,1,0,0.9914000034332277,,,,,0.0287289917469024,,,,,0.991777777671814,0.00037777423858631476,52.356,,,,,10.0,,,,,une ligne par configuration,1,1,52.356,,0.9914000034332277,0.9914000034332277,,0.0342393815517425,,True,True
521523737c__act_softmax__f1_8__f2_64__dropout_0p6,sha256:521523737c9f1da4288d04f12329d836e6b69841371b54dfc1bb5173a6691b36,softmax,softmax,8,64,0.6,3.0,6.0,23610,4.373095987078727,1,0,0.9915000200271606,,,,,0.0264042504131793,,,,,0.99099999666214,-0.0005000233650206409,42.612,,,,,8.0,,,,,une ligne par configuration,1,1,42.612,,0.9915000200271606,0.9915000200271606,,0.0337745584547519,,True,True
521523737c__act_softmax__f1_8__f2_64__dropout_0p8,sha256:521523737c9f1da4288d04f12329d836e6b69841371b54dfc1bb5173a6691b36,softmax,softmax,8,64,0.8,3.0,6.0,23610,4.373095987078727,1,0,0.9902999997138976,,,,,0.0297509301453828,,,,,0.9901111125946044,-0.0001888871192932129,61.684,,,,,12.0,,,,,une ligne par configuration,1,1,61.684,,0.9902999997138976,0.9902999997138976,,0.036316841840744,,True,True
521523737c__act_softmax__f1_8__f2_128__dropout_0,sha256:521523737c9f1da4288d04f12329d836e6b69841371b54dfc1bb5173a6691b36,softmax,softmax,8,128,0.0,3.0,7.0,46970,4.6718205601832485,1,0,0.9864000082015992,,,,,0.0432476699352264,,,,,0.9852222204208374,-0.0011777877807618298,25.596,,,,,4.0,,,,,une ligne par configuration,1,1,25.596,,0.9864000082015992,0.9864000082015992,,0.050453133881092,,True,True
521523737c__act_softmax__f1_8__f2_128__dropout_0p2,sha256:521523737c9f1da4288d04f12329d836e6b69841371b54dfc1bb5173a6691b36,softmax,softmax,8,128,0.2,3.0,7.0,46970,4.6718205601832485,1,0,0.9896000027656556,,,,,0.0319623574614524,,,,,0.9883333444595336,-0.0012666583061220482,32.885,,,,,5.0,,,,,une ligne par configuration,1,1,32.885,,0.9896000027656556,0.9896000027656556,,0.0421340316534042,,True,True
521523737c__act_softmax__f1_8__f2_128__dropout_0p4,sha256:521523737c9f1da4288d04f12329d836e6b69841371b54dfc1bb5173a6691b36,softmax,softmax,8,128,0.4,3.0,7.0,46970,4.6718205601832485,1,0,0.9915000200271606,,,,,0.0314767993986606,,,,,0.990666687488556,-0.0008333325386046253,44.62,,,,,7.0,,,,,une ligne par configuration,1,1,44.62,,0.9915000200271606,0.9915000200271606,,0.0371690988540649,,True,True
521523737c__act_softmax__f1_8__f2_128__dropout_0p6,sha256:521523737c9f1da4288d04f12329d836e6b69841371b54dfc1bb5173a6691b36,softmax,softmax,8,128,0.6,3.0,7.0,46970,4.6718205601832485,1,0,0.9926999807357788,,,,,0.0234861019998788,,,,,0.991777777671814,-0.0009222030639648438,51.309,,,,,8.0,,,,,une ligne par configuration,1,1,51.309,,0.9926999807357788,0.9926999807357788,,0.0308264642953872,,True,True
521523737c__act_softmax__f1_8__f2_128__dropout_0p8,sha256:521523737c9f1da4288d04f12329d836e6b69841371b54dfc1bb5173a6691b36,softmax,softmax,8,128,0.8,3.0,7.0,46970,4.6718205601832485,1,0,0.9908000230789183,,,,,0.0247005186975002,,,,,0.9915555715560912,0.0007555484771728516,63.443,,,,,10.0,,,,,une ligne par configuration,1,1,63.443,,0.9908000230789183,0.9908000230789183,,0.034037746489048,,True,True
521523737c__act_softmax__f1_16__f2_8__dropout_0,sha256:521523737c9f1da4288d04f12329d836e6b69841371b54dfc1bb5173a6691b36,softmax,softmax,16,8,0.0,4.0,3.0,5010,3.699837725867246,1,0,0.9847999811172484,,,,,0.0460117720067501,,,,,0.9853333234786988,0.0005333423614504174,47.22,,,,,10.0,,,,,une ligne par configuration,1,1,47.22,,0.9847999811172484,0.9847999811172484,,0.0514512173831462,,True,True
521523737c__act_softmax__f1_16__f2_8__dropout_0p2,sha256:521523737c9f1da4288d04f12329d836e6b69841371b54dfc1bb5173a6691b36,softmax,softmax,16,8,0.2,4.0,3.0,5010,3.699837725867246,1,0,0.9896000027656556,,,,,0.0333963558077812,,,,,0.988777756690979,-0.0008222460746766247,88.026,,,,,19.0,,,,,une ligne par configuration,1,1,88.026,,0.9896000027656556,0.9896000027656556,,0.0416584350168705,,True,True
521523737c__act_softmax__f1_16__f2_8__dropout_0p4,sha256:521523737c9f1da4288d04f12329d836e6b69841371b54dfc1bb5173a6691b36,softmax,softmax,16,8,0.4,4.0,3.0,5010,3.699837725867246,1,0,0.9878000020980836,,,,,0.0405753254890441,,,,,0.9875555634498596,-0.000244438648223988,56.576,,,,,12.0,,,,,une ligne par configuration,1,1,56.576,,0.9878000020980836,0.9878000020980836,,0.0458823889493942,,True,True
521523737c__act_softmax__f1_16__f2_8__dropout_0p6,sha256:521523737c9f1da4288d04f12329d836e6b69841371b54dfc1bb5173a6691b36,softmax,softmax,16,8,0.6,4.0,3.0,5010,3.699837725867246,1,0,0.9818000197410583,,,,,0.0571141242980957,,,,,0.9828888773918152,0.001088857650756836,38.636,,,,,8.0,,,,,une ligne par configuration,1,1,38.636,,0.9818000197410583,0.9818000197410583,,0.0602804310619831,,True,True
521523737c__act_softmax__f1_16__f2_8__dropout_0p8,sha256:521523737c9f1da4288d04f12329d836e6b69841371b54dfc1bb5173a6691b36,softmax,softmax,16,8,0.8,4.0,3.0,5010,3.699837725867246,1,0,0.9793999791145324,,,,,0.0668272897601127,,,,,0.9796666502952576,0.0002666711807252087,84.342,,,,,18.0,,,,,une ligne par configuration,1,1,84.342,,0.9793999791145324,0.9793999791145324,,0.0696145817637443,,True,True
521523737c__act_softmax__f1_16__f2_16__dropout_0,sha256:521523737c9f1da4288d04f12329d836e6b69841371b54dfc1bb5173a6691b36,softmax,softmax,16,16,0.0,4.0,4.0,9530,3.979092900638326,1,0,0.9833999872207642,,,,,0.050454668700695,,,,,0.9845555424690248,0.001155555248260609,35.116,,,,,7.0,,,,,une ligne par configuration,1,1,35.116,,0.9833999872207642,0.9833999872207642,,0.0530348420143127,,True,True
521523737c__act_softmax__f1_16__f2_16__dropout_0p2,sha256:521523737c9f1da4288d04f12329d836e6b69841371b54dfc1bb5173a6691b36,softmax,softmax,16,16,0.2,4.0,4.0,9530,3.979092900638326,1,0,0.9908000230789183,,,,,0.0283525213599205,,,,,0.9890000224113464,-0.0018000006675719105,54.441,,,,,11.0,,,,,une ligne par configuration,1,1,54.441,,0.9908000230789183,0.9908000230789183,,0.0378953330218791,,True,True
521523737c__act_softmax__f1_16__f2_16__dropout_0p4,sha256:521523737c9f1da4288d04f12329d836e6b69841371b54dfc1bb5173a6691b36,softmax,softmax,16,16,0.4,4.0,4.0,9530,3.979092900638326,1,0,0.9907000064849854,,,,,0.0274804234504699,,,,,0.9904444217681884,-0.000255584716796986,79.071,,,,,16.0,,,,,une ligne par configuration,1,1,79.071,,0.9907000064849854,0.9907000064849854,,0.0321577228605747,,True,True
521523737c__act_softmax__f1_16__f2_16__dropout_0p6,sha256:521523737c9f1da4288d04f12329d836e6b69841371b54dfc1bb5173a6691b36,softmax,softmax,16,16,0.6,4.0,4.0,9530,3.979092900638326,1,0,0.9889000058174132,,,,,0.0313383750617504,,,,,0.9875555634498596,-0.0013444423675536,59.308,,,,,12.0,,,,,une ligne par configuration,1,1,59.308,,0.9889000058174132,0.9889000058174132,,0.0391977466642856,,True,True
521523737c__act_softmax__f1_16__f2_16__dropout_0p8,sha256:521523737c9f1da4288d04f12329d836e6b69841371b54dfc1bb5173a6691b36,softmax,softmax,16,16,0.8,4.0,4.0,9530,3.979092900638326,1,0,0.9847999811172484,,,,,0.0479860268533229,,,,,0.9845555424690248,-0.0002444386482236549,65.518,,,,,13.0,,,,,une ligne par configuration,1,1,65.518,,0.9847999811172484,0.9847999811172484,,0.0554188750684261,,True,True
521523737c__act_softmax__f1_16__f2_32__dropout_0,sha256:521523737c9f1da4288d04f12329d836e6b69841371b54dfc1bb5173a6691b36,softmax,softmax,16,32,0.0,4.0,5.0,18570,4.26881190373978,1,0,0.9879000186920166,,,,,0.0382548049092292,,,,,0.9855555295944214,-0.002344489097595215,38.186,,,,,7.0,,,,,une ligne par configuration,1,1,38.186,,0.9879000186920166,0.9879000186920166,,0.0463531725108623,,True,True
521523737c__act_softmax__f1_16__f2_32__dropout_0p2,sha256:521523737c9f1da4288d04f12329d836e6b69841371b54dfc1bb5173a6691b36,softmax,softmax,16,32,0.2,4.0,5.0,18570,4.26881190373978,1,0,0.9908000230789183,,,,,0.0300948731601238,,,,,0.9896666407585144,-0.0011333823204039417,33.559,,,,,6.0,,,,,une ligne par configuration,1,1,33.559,,0.9908000230789183,0.9908000230789183,,0.0393237620592117,,True,True
521523737c__act_softmax__f1_16__f2_32__dropout_0p4,sha256:521523737c9f1da4288d04f12329d836e6b69841371b54dfc1bb5173a6691b36,softmax,softmax,16,32,0.4,4.0,5.0,18570,4.26881190373978,1,0,0.991599977016449,,,,,0.0267039239406585,,,,,0.9918888807296752,0.00028890371322620734,64.48,,,,,12.0,,,,,une ligne par configuration,1,1,64.48,,0.991599977016449,0.991599977016449,,0.0313769094645977,,True,True
521523737c__act_softmax__f1_16__f2_32__dropout_0p6,sha256:521523737c9f1da4288d04f12329d836e6b69841371b54dfc1bb5173a6691b36,softmax,softmax,16,32,0.6,4.0,5.0,18570,4.26881190373978,1,0,0.9923999905586244,,,,,0.0250911507755517,,,,,0.991777777671814,-0.0006222128868104138,74.954,,,,,14.0,,,,,une ligne par configuration,1,1,74.954,,0.9923999905586244,0.9923999905586244,,0.0312894955277442,,True,True
521523737c__act_softmax__f1_16__f2_32__dropout_0p8,sha256:521523737c9f1da4288d04f12329d836e6b69841371b54dfc1bb5173a6691b36,softmax,softmax,16,32,0.8,4.0,5.0,18570,4.26881190373978,1,0,0.9872999787330629,,,,,0.0351825468242168,,,,,0.9890000224113464,0.0017000436782835804,59.626,,,,,11.0,,,,,une ligne par configuration,1,1,59.626,,0.9872999787330629,0.9872999787330629,,0.040571354329586,,True,True
521523737c__act_softmax__f1_16__f2_64__dropout_0,sha256:521523737c9f1da4288d04f12329d836e6b69841371b54dfc1bb5173a6691b36,softmax,softmax,16,64,0.0,4.0,6.0,36650,4.564073978977147,1,0,0.988099992275238,,,,,0.0401169918477535,,,,,0.9868888854980468,-0.0012111067771912731,33.823,,,,,5.0,,,,,une ligne par configuration,1,1,33.823,,0.988099992275238,0.988099992275238,,0.0476366728544235,,True,True
521523737c__act_softmax__f1_16__f2_64__dropout_0p2,sha256:521523737c9f1da4288d04f12329d836e6b69841371b54dfc1bb5173a6691b36,softmax,softmax,16,64,0.2,4.0,6.0,36650,4.564073978977147,1,0,0.991699993610382,,,,,0.0303038693964481,,,,,0.9893333315849304,-0.002366662025451549,60.543,,,,,9.0,,,,,une ligne par configuration,1,1,60.543,,0.991699993610382,0.991699993610382,,0.0430083684623241,,True,True
521523737c__act_softmax__f1_16__f2_64__dropout_0p4,sha256:521523737c9f1da4288d04f12329d836e6b69841371b54dfc1bb5173a6691b36,softmax,softmax,16,64,0.4,4.0,6.0,36650,4.564073978977147,1,0,0.9894999861717224,,,,,0.0320665910840034,,,,,0.9900000095367432,0.000500023365020752,53.557,,,,,8.0,,,,,une ligne par configuration,1,1,53.557,,0.9894999861717224,0.9894999861717224,,0.0387521274387836,,True,True
521523737c__act_softmax__f1_16__f2_64__dropout_0p6,sha256:521523737c9f1da4288d04f12329d836e6b69841371b54dfc1bb5173a6691b36,softmax,softmax,16,64,0.6,4.0,6.0,36650,4.564073978977147,1,0,0.9907000064849854,,,,,0.0281360689550638,,,,,0.9902222156524658,-0.00047779083251953125,53.895,,,,,8.0,,,,,une ligne par configuration,1,1,53.895,,0.9907000064849854,0.9907000064849854,,0.0373888574540615,,True,True
521523737c__act_softmax__f1_16__f2_64__dropout_0p8,sha256:521523737c9f1da4288d04f12329d836e6b69841371b54dfc1bb5173a6691b36,softmax,softmax,16,64,0.8,4.0,6.0,36650,4.564073978977147,1,0,0.9904000163078308,,,,,0.0286261532455682,,,,,0.9897778034210204,-0.0006222128868104138,80.933,,,,,12.0,,,,,une ligne par configuration,1,1,80.933,,0.9904000163078308,0.9904000163078308,,0.0359699614346027,,True,True
521523737c__act_softmax__f1_16__f2_128__dropout_0,sha256:521523737c9f1da4288d04f12329d836e6b69841371b54dfc1bb5173a6691b36,softmax,softmax,16,128,0.0,4.0,7.0,72810,4.862191031051597,1,0,0.9871000051498412,,,,,0.0394965708255767,,,,,0.9867777824401855,-0.0003222227096556507,34.664,,,,,4.0,,,,,une ligne par configuration,1,1,34.664,,0.9871000051498412,0.9871000051498412,,0.0455392375588417,,True,True
521523737c__act_softmax__f1_16__f2_128__dropout_0p2,sha256:521523737c9f1da4288d04f12329d836e6b69841371b54dfc1bb5173a6691b36,softmax,softmax,16,128,0.2,4.0,7.0,72810,4.862191031051597,1,0,0.9896000027656556,,,,,0.0341306291520595,,,,,0.988111138343811,-0.0014888644218445934,51.748,,,,,6.0,,,,,une ligne par configuration,1,1,51.748,,0.9896000027656556,0.9896000027656556,,0.0437418781220912,,True,True
521523737c__act_softmax__f1_16__f2_128__dropout_0p4,sha256:521523737c9f1da4288d04f12329d836e6b69841371b54dfc1bb5173a6691b36,softmax,softmax,16,128,0.4,4.0,7.0,72810,4.862191031051597,1,0,0.9896000027656556,,,,,0.0331556759774684,,,,,0.9894444346427916,-0.00015556812286399158,43.488,,,,,5.0,,,,,une ligne par configuration,1,1,43.488,,0.9896000027656556,0.9896000027656556,,0.0405454523861408,,True,True
521523737c__act_softmax__f1_16__f2_128__dropout_0p6,sha256:521523737c9f1da4288d04f12329d836e6b69841371b54dfc1bb5173a6691b36,softmax,softmax,16,128,0.6,4.0,7.0,72810,4.862191031051597,1,0,0.9911999702453612,,,,,0.0294149927794933,,,,,0.9919999837875366,0.000800013542175404,90.796,,,,,11.0,,,,,une ligne par configuration,1,1,90.796,,0.9911999702453612,0.9911999702453612,,0.0310133267194032,,True,True
521523737c__act_softmax__f1_16__f2_128__dropout_0p8,sha256:521523737c9f1da4288d04f12329d836e6b69841371b54dfc1bb5173a6691b36,softmax,softmax,16,128,0.8,4.0,7.0,72810,4.862191031051597,1,0,0.9908999800682068,,,,,0.026581997051835,,,,,0.9924444556236268,0.001544475555420033,115.804,,,,,14.0,,,,,une ligne par configuration,1,1,115.804,,0.9908999800682068,0.9908999800682068,,0.0282575879245996,,True,True
521523737c__act_softmax__f1_32__f2_8__dropout_0,sha256:521523737c9f1da4288d04f12329d836e6b69841371b54dfc1bb5173a6691b36,softmax,softmax,32,8,0.0,5.0,3.0,8690,3.9390197764486663,1,0,0.9853000044822692,,,,,0.0461954176425933,,,,,0.9833333492279052,-0.0019666552543640137,46.471,,,,,7.0,,,,,une ligne par configuration,1,1,46.471,,0.9853000044822692,0.9853000044822692,,0.0542280115187168,,True,True
521523737c__act_softmax__f1_32__f2_8__dropout_0p2,sha256:521523737c9f1da4288d04f12329d836e6b69841371b54dfc1bb5173a6691b36,softmax,softmax,32,8,0.2,5.0,3.0,8690,3.9390197764486663,1,0,0.9879999756813048,,,,,0.0341225899755954,,,,,0.988111138343811,0.00011116266250621454,111.843,,,,,17.0,,,,,une ligne par configuration,1,1,111.843,,0.9879999756813048,0.9879999756813048,,0.0371431522071361,,True,True
521523737c__act_softmax__f1_32__f2_8__dropout_0p4,sha256:521523737c9f1da4288d04f12329d836e6b69841371b54dfc1bb5173a6691b36,softmax,softmax,32,8,0.4,5.0,3.0,8690,3.9390197764486663,1,0,0.9871000051498412,,,,,0.0400916002690792,,,,,0.987333357334137,0.00023335218429576532,85.43,,,,,13.0,,,,,une ligne par configuration,1,1,85.43,,0.9871000051498412,0.9871000051498412,,0.0431544817984104,,True,True
521523737c__act_softmax__f1_32__f2_8__dropout_0p6,sha256:521523737c9f1da4288d04f12329d836e6b69841371b54dfc1bb5173a6691b36,softmax,softmax,32,8,0.6,5.0,3.0,8690,3.9390197764486663,1,0,0.9846000075340272,,,,,0.0502315796911716,,,,,0.9833333492279052,-0.0012666583061220482,68.028,,,,,10.0,,,,,une ligne par configuration,1,1,68.028,,0.9846000075340272,0.9846000075340272,,0.0570439249277114,,True,True
521523737c__act_softmax__f1_32__f2_8__dropout_0p8,sha256:521523737c9f1da4288d04f12329d836e6b69841371b54dfc1bb5173a6691b36,softmax,softmax,32,8,0.8,5.0,3.0,8690,3.9390197764486663,1,0,0.972000002861023,,,,,0.0915950536727905,,,,,0.9736666679382324,0.0016666650772094727,47.528,,,,,7.0,,,,,une ligne par configuration,1,1,47.528,,0.972000002861023,0.972000002861023,,0.0913933590054512,,True,True
521523737c__act_softmax__f1_32__f2_16__dropout_0,sha256:521523737c9f1da4288d04f12329d836e6b69841371b54dfc1bb5173a6691b36,softmax,softmax,32,16,0.0,5.0,4.0,16410,4.2151085810530935,1,0,0.9873999953269958,,,,,0.0418207719922065,,,,,0.988444447517395,0.00104445219039917,69.745,,,,,10.0,,,,,une ligne par configuration,1,1,69.745,,0.9873999953269958,0.9873999953269958,,0.043482206761837,,True,True
521523737c__act_softmax__f1_32__f2_16__dropout_0p2,sha256:521523737c9f1da4288d04f12329d836e6b69841371b54dfc1bb5173a6691b36,softmax,softmax,32,16,0.2,5.0,4.0,16410,4.2151085810530935,1,0,0.989799976348877,,,,,0.0299476068466901,,,,,0.9893333315849304,-0.0004666447639465332,63.508,,,,,9.0,,,,,une ligne par configuration,1,1,63.508,,0.989799976348877,0.989799976348877,,0.0368637181818485,,True,True
521523737c__act_softmax__f1_32__f2_16__dropout_0p4,sha256:521523737c9f1da4288d04f12329d836e6b69841371b54dfc1bb5173a6691b36,softmax,softmax,32,16,0.4,5.0,4.0,16410,4.2151085810530935,1,0,0.991100013256073,,,,,0.0272829066962003,,,,,0.9911110997200012,1.1086463928222656e-05,117.86,,,,,17.0,,,,,une ligne par configuration,1,1,117.86,,0.991100013256073,0.991100013256073,,0.0302692931145429,,True,True
521523737c__act_softmax__f1_32__f2_16__dropout_0p6,sha256:521523737c9f1da4288d04f12329d836e6b69841371b54dfc1bb5173a6691b36,softmax,softmax,32,16,0.6,5.0,4.0,16410,4.2151085810530935,1,0,0.9902999997138976,,,,,0.0299212578684091,,,,,0.9875555634498596,-0.002744436264037975,97.356,,,,,14.0,,,,,une ligne par configuration,1,1,97.356,,0.9902999997138976,0.9902999997138976,,0.040750540792942,,True,True
521523737c__act_softmax__f1_32__f2_16__dropout_0p8,sha256:521523737c9f1da4288d04f12329d836e6b69841371b54dfc1bb5173a6691b36,softmax,softmax,32,16,0.8,5.0,4.0,16410,4.2151085810530935,1,0,0.9815000295639038,,,,,0.0606907159090042,,,,,0.9797777533531188,-0.0017222762107850231,42.779,,,,,6.0,,,,,une ligne par configuration,1,1,42.779,,0.9815000295639038,0.9815000295639038,,0.068219281733036,,True,True
521523737c__act_softmax__f1_32__f2_32__dropout_0,sha256:521523737c9f1da4288d04f12329d836e6b69841371b54dfc1bb5173a6691b36,softmax,softmax,32,32,0.0,5.0,5.0,31850,4.5031094366713695,1,0,0.9883000254631042,,,,,0.0356906503438949,,,,,0.988111138343811,-0.0001888871192932129,46.194,,,,,6.0,,,,,une ligne par configuration,1,1,46.194,,0.9883000254631042,0.9883000254631042,,0.044917095452547,,True,True
521523737c__act_softmax__f1_32__f2_32__dropout_0p2,sha256:521523737c9f1da4288d04f12329d836e6b69841371b54dfc1bb5173a6691b36,softmax,softmax,32,32,0.2,5.0,5.0,31850,4.5031094366713695,1,0,0.9921000003814696,,,,,0.0280570853501558,,,,,0.99099999666214,-0.001100003719329612,76.624,,,,,10.0,,,,,une ligne par configuration,1,1,76.624,,0.9921000003814696,0.9921000003814696,,0.0306437350809574,,True,True
521523737c__act_softmax__f1_32__f2_32__dropout_0p4,sha256:521523737c9f1da4288d04f12329d836e6b69841371b54dfc1bb5173a6691b36,softmax,softmax,32,32,0.4,5.0,5.0,31850,4.5031094366713695,1,0,0.9914000034332277,,,,,0.0283265225589275,,,,,0.99099999666214,-0.0004000067710876465,62.247,,,,,8.0,,,,,une ligne par configuration,1,1,62.247,,0.9914000034332277,0.9914000034332277,,0.0304754972457885,,True,True
521523737c__act_softmax__f1_32__f2_32__dropout_0p6,sha256:521523737c9f1da4288d04f12329d836e6b69841371b54dfc1bb5173a6691b36,softmax,softmax,32,32,0.6,5.0,5.0,31850,4.5031094366713695,1,0,0.9926000237464904,,,,,0.0253658927977085,,,,,0.9908888936042786,-0.001711130142211803,77.89,,,,,10.0,,,,,une ligne par configuration,1,1,77.89,,0.9926000237464904,0.9926000237464904,,0.0331601090729236,,True,True
521523737c__act_softmax__f1_32__f2_32__dropout_0p8,sha256:521523737c9f1da4288d04f12329d836e6b69841371b54dfc1bb5173a6691b36,softmax,softmax,32,32,0.8,5.0,5.0,31850,4.5031094366713695,1,0,0.9889000058174132,,,,,0.0330752097070217,,,,,0.9894444346427916,0.000544428825378418,91.568,,,,,12.0,,,,,une ligne par configuration,1,1,91.568,,0.9889000058174132,0.9889000058174132,,0.0371081531047821,,True,True
521523737c__act_softmax__f1_32__f2_64__dropout_0,sha256:521523737c9f1da4288d04f12329d836e6b69841371b54dfc1bb5173a6691b36,softmax,softmax,32,64,0.0,5.0,6.0,62730,4.797475287537334,1,0,0.9905999898910522,,,,,0.0327178947627544,,,,,0.9890000224113464,-0.0015999674797058105,72.214,,,,,8.0,,,,,une ligne par configuration,1,1,72.214,,0.9905999898910522,0.9905999898910522,,0.0417308174073696,,True,True
521523737c__act_softmax__f1_32__f2_64__dropout_0p2,sha256:521523737c9f1da4288d04f12329d836e6b69841371b54dfc1bb5173a6691b36,softmax,softmax,32,64,0.2,5.0,6.0,62730,4.797475287537334,1,0,0.9896000027656556,,,,,0.0309687536209821,,,,,0.9895555377006532,-4.4465065002441406e-05,55.488,,,,,6.0,,,,,une ligne par configuration,1,1,55.488,,0.9896000027656556,0.9896000027656556,,0.0366899296641349,,True,True
521523737c__act_softmax__f1_32__f2_64__dropout_0p4,sha256:521523737c9f1da4288d04f12329d836e6b69841371b54dfc1bb5173a6691b36,softmax,softmax,32,64,0.4,5.0,6.0,62730,4.797475287537334,1,0,0.9923999905586244,,,,,0.0255515724420547,,,,,0.9907777905464172,-0.0016222000122071423,73.39,,,,,8.0,,,,,une ligne par configuration,1,1,73.39,,0.9923999905586244,0.9923999905586244,,0.03207328915596,,True,True
521523737c__act_softmax__f1_32__f2_64__dropout_0p6,sha256:521523737c9f1da4288d04f12329d836e6b69841371b54dfc1bb5173a6691b36,softmax,softmax,32,64,0.6,5.0,6.0,62730,4.797475287537334,1,0,0.9918000102043152,,,,,0.0255661215633153,,,,,0.9916666746139526,-0.00013333559036254883,72.926,,,,,8.0,,,,,une ligne par configuration,1,1,72.926,,0.9918000102043152,0.9918000102043152,,0.0314723290503025,,True,True
521523737c__act_softmax__f1_32__f2_64__dropout_0p8,sha256:521523737c9f1da4288d04f12329d836e6b69841371b54dfc1bb5173a6691b36,softmax,softmax,32,64,0.8,5.0,6.0,62730,4.797475287537334,1,0,0.9908000230789183,,,,,0.0288748200982809,,,,,0.9897778034210204,-0.0010222196578979492,82.447,,,,,9.0,,,,,une ligne par configuration,1,1,82.447,,0.9908000230789183,0.9908000230789183,,0.0360854975879192,,True,True
521523737c__act_softmax__f1_32__f2_128__dropout_0,sha256:521523737c9f1da4288d04f12329d836e6b69841371b54dfc1bb5173a6691b36,softmax,softmax,32,128,0.0,5.0,7.0,124490,5.095134466939837,1,0,0.9904000163078308,,,,,0.0322657413780689,,,,,0.9904444217681884,4.440546035755499e-05,81.851,,,,,7.0,,,,,une ligne par configuration,1,1,81.851,,0.9904000163078308,0.9904000163078308,,0.0412124842405319,,True,True
521523737c__act_softmax__f1_32__f2_128__dropout_0p2,sha256:521523737c9f1da4288d04f12329d836e6b69841371b54dfc1bb5173a6691b36,softmax,softmax,32,128,0.2,5.0,7.0,124490,5.095134466939837,1,0,0.9905999898910522,,,,,0.030121199786663,,,,,0.9897778034210204,-0.0008221864700318493,71.957,,,,,6.0,,,,,une ligne par configuration,1,1,71.957,,0.9905999898910522,0.9905999898910522,,0.0413613766431808,,True,True
521523737c__act_softmax__f1_32__f2_128__dropout_0p4,sha256:521523737c9f1da4288d04f12329d836e6b69841371b54dfc1bb5173a6691b36,softmax,softmax,32,128,0.4,5.0,7.0,124490,5.095134466939837,1,0,0.98989999294281,,,,,0.0279021393507719,,,,,0.9898889064788818,-1.1086463928111634e-05,61.633,,,,,5.0,,,,,une ligne par configuration,1,1,61.633,,0.98989999294281,0.98989999294281,,0.0374127551913261,,True,True
521523737c__act_softmax__f1_32__f2_128__dropout_0p6,sha256:521523737c9f1da4288d04f12329d836e6b69841371b54dfc1bb5173a6691b36,softmax,softmax,32,128,0.6,5.0,7.0,124490,5.095134466939837,1,0,0.992799997329712,,,,,0.0236054062843322,,,,,0.9927777647972108,-2.2232532501220703e-05,153.122,,,,,13.0,,,,,une ligne par configuration,1,1,153.122,,0.992799997329712,0.992799997329712,,0.030227830633521,,True,True
521523737c__act_softmax__f1_32__f2_128__dropout_0p8,sha256:521523737c9f1da4288d04f12329d836e6b69841371b54dfc1bb5173a6691b36,softmax,softmax,32,128,0.8,5.0,7.0,124490,5.095134466939837,1,0,0.992900013923645,,,,,0.0234120953828096,,,,,0.992888867855072,-1.1146068572998047e-05,222.761,,,,,19.0,,,,,une ligne par configuration,1,1,222.761,,0.992900013923645,0.992900013923645,,0.0289260651916265,,True,True
521523737c__act_softmax__f1_64__f2_8__dropout_0,sha256:521523737c9f1da4288d04f12329d836e6b69841371b54dfc1bb5173a6691b36,softmax,softmax,64,8,0.0,6.0,3.0,16050,4.205475036740891,1,0,0.9868000149726868,,,,,0.0427619032561779,,,,,0.9875555634498596,0.0007555484771728516,140.217,,,,,12.0,,,,,une ligne par configuration,1,1,140.217,,0.9868000149726868,0.9868000149726868,,0.0443392544984817,,True,True
521523737c__act_softmax__f1_64__f2_8__dropout_0p2,sha256:521523737c9f1da4288d04f12329d836e6b69841371b54dfc1bb5173a6691b36,softmax,softmax,64,8,0.2,6.0,3.0,16050,4.205475036740891,1,0,0.9817000031471252,,,,,0.0574596747756004,,,,,0.9810000061988832,-0.0006999969482420765,59.782,,,,,5.0,,,,,une ligne par configuration,1,1,59.782,,0.9817000031471252,0.9817000031471252,,0.0643918737769126,,True,True
521523737c__act_softmax__f1_64__f2_8__dropout_0p4,sha256:521523737c9f1da4288d04f12329d836e6b69841371b54dfc1bb5173a6691b36,softmax,softmax,64,8,0.4,6.0,3.0,16050,4.205475036740891,1,0,0.9886999726295472,,,,,0.0351917967200279,,,,,0.9869999885559082,-0.001699984073639027,166.318,,,,,14.0,,,,,une ligne par configuration,1,1,166.318,,0.9886999726295472,0.9886999726295472,,0.0414674058556556,,True,True
521523737c__act_softmax__f1_64__f2_8__dropout_0p6,sha256:521523737c9f1da4288d04f12329d836e6b69841371b54dfc1bb5173a6691b36,softmax,softmax,64,8,0.6,6.0,3.0,16050,4.205475036740891,1,0,0.9857000112533568,,,,,0.0454862378537654,,,,,0.985111117362976,-0.0005888938903808594,138.752,,,,,12.0,,,,,une ligne par configuration,1,1,138.752,,0.9857000112533568,0.9857000112533568,,0.0488195829093456,,True,True
521523737c__act_softmax__f1_64__f2_8__dropout_0p8,sha256:521523737c9f1da4288d04f12329d836e6b69841371b54dfc1bb5173a6691b36,softmax,softmax,64,8,0.8,6.0,3.0,16050,4.205475036740891,1,0,0.977999985218048,,,,,0.0705097243189811,,,,,0.977999985218048,0.0,127.845,,,,,11.0,,,,,une ligne par configuration,1,1,127.845,,0.977999985218048,0.977999985218048,,0.0757478103041648,,True,True
521523737c__act_softmax__f1_64__f2_16__dropout_0,sha256:521523737c9f1da4288d04f12329d836e6b69841371b54dfc1bb5173a6691b36,softmax,softmax,64,16,0.0,6.0,4.0,30170,4.4795753101749884,1,0,0.9879999756813048,,,,,0.0399927198886871,,,,,0.9875555634498596,-0.0004444122314452015,97.044,,,,,8.0,,,,,une ligne par configuration,1,1,97.044,,0.9879999756813048,0.9879999756813048,,0.0472192466259002,,True,True
521523737c__act_softmax__f1_64__f2_16__dropout_0p2,sha256:521523737c9f1da4288d04f12329d836e6b69841371b54dfc1bb5173a6691b36,softmax,softmax,64,16,0.2,6.0,4.0,30170,4.4795753101749884,1,0,0.9908000230789183,,,,,0.0282288510352373,,,,,0.9890000224113464,-0.0018000006675719105,147.454,,,,,12.0,,,,,une ligne par configuration,1,1,147.454,,0.9908000230789183,0.9908000230789183,,0.0365939550101757,,True,True
521523737c__act_softmax__f1_64__f2_16__dropout_0p4,sha256:521523737c9f1da4288d04f12329d836e6b69841371b54dfc1bb5173a6691b36,softmax,softmax,64,16,0.4,6.0,4.0,30170,4.4795753101749884,1,0,0.992900013923645,,,,,0.0261996611952781,,,,,0.9902222156524658,-0.0026777982711791992,144.504,,,,,12.0,,,,,une ligne par configuration,1,1,144.504,,0.992900013923645,0.992900013923645,,0.0355538539588451,,True,True
521523737c__act_softmax__f1_64__f2_16__dropout_0p6,sha256:521523737c9f1da4288d04f12329d836e6b69841371b54dfc1bb5173a6691b36,softmax,softmax,64,16,0.6,6.0,4.0,30170,4.4795753101749884,1,0,0.9911999702453612,,,,,0.0299165062606334,,,,,0.9893333315849304,-0.0018666386604307972,145.918,,,,,12.0,,,,,une ligne par configuration,1,1,145.918,,0.9911999702453612,0.9911999702453612,,0.0388204157352447,,True,True
521523737c__act_softmax__f1_64__f2_16__dropout_0p8,sha256:521523737c9f1da4288d04f12329d836e6b69841371b54dfc1bb5173a6691b36,softmax,softmax,64,16,0.8,6.0,4.0,30170,4.4795753101749884,1,0,0.9829000234603882,,,,,0.0546440854668617,,,,,0.9811111092567444,-0.0017889142036437988,98.049,,,,,8.0,,,,,une ligne par configuration,1,1,98.049,,0.9829000234603882,0.9829000234603882,,0.0635379031300544,,True,True
521523737c__act_softmax__f1_64__f2_32__dropout_0,sha256:521523737c9f1da4288d04f12329d836e6b69841371b54dfc1bb5173a6691b36,softmax,softmax,64,32,0.0,6.0,5.0,58410,4.766487206239694,1,0,0.988099992275238,,,,,0.0388379395008087,,,,,0.987666666507721,-0.00043332576751708984,79.31,,,,,6.0,,,,,une ligne par configuration,1,1,79.31,,0.988099992275238,0.988099992275238,,0.0454369410872459,,True,True
521523737c__act_softmax__f1_64__f2_32__dropout_0p2,sha256:521523737c9f1da4288d04f12329d836e6b69841371b54dfc1bb5173a6691b36,softmax,softmax,64,32,0.2,6.0,5.0,58410,4.766487206239694,1,0,0.98989999294281,,,,,0.0313219167292118,,,,,0.990666687488556,0.0007666945457460717,106.191,,,,,8.0,,,,,une ligne par configuration,1,1,106.191,,0.98989999294281,0.98989999294281,,0.0343402810394763,,True,True
521523737c__act_softmax__f1_64__f2_32__dropout_0p4,sha256:521523737c9f1da4288d04f12329d836e6b69841371b54dfc1bb5173a6691b36,softmax,softmax,64,32,0.4,6.0,5.0,58410,4.766487206239694,1,0,0.9925000071525574,,,,,0.0238483231514692,,,,,0.9907777905464172,-0.0017222166061401367,145.169,,,,,11.0,,,,,une ligne par configuration,1,1,145.169,,0.9925000071525574,0.9925000071525574,,0.0314830914139747,,True,True
521523737c__act_softmax__f1_64__f2_32__dropout_0p6,sha256:521523737c9f1da4288d04f12329d836e6b69841371b54dfc1bb5173a6691b36,softmax,softmax,64,32,0.6,6.0,5.0,58410,4.766487206239694,1,0,0.9911999702453612,,,,,0.0285243168473243,,,,,0.9900000095367432,-0.001199960708618053,104.919,,,,,8.0,,,,,une ligne par configuration,1,1,104.919,,0.9911999702453612,0.9911999702453612,,0.0360533148050308,,True,True
521523737c__act_softmax__f1_64__f2_32__dropout_0p8,sha256:521523737c9f1da4288d04f12329d836e6b69841371b54dfc1bb5173a6691b36,softmax,softmax,64,32,0.8,6.0,5.0,58410,4.766487206239694,1,0,0.98989999294281,,,,,0.0310486909002065,,,,,0.9897778034210204,-0.00012218952178955078,196.02,,,,,15.0,,,,,une ligne par configuration,1,1,196.02,,0.98989999294281,0.98989999294281,,0.0375570617616176,,True,True
521523737c__act_softmax__f1_64__f2_64__dropout_0,sha256:521523737c9f1da4288d04f12329d836e6b69841371b54dfc1bb5173a6691b36,softmax,softmax,64,64,0.0,6.0,6.0,114890,5.060282229438346,1,0,0.9858999848365784,,,,,0.0438706986606121,,,,,0.9863333106040956,0.00043332576751720087,63.99,,,,,4.0,,,,,une ligne par configuration,1,1,63.99,,0.9858999848365784,0.9858999848365784,,0.0487453527748584,,True,True
521523737c__act_softmax__f1_64__f2_64__dropout_0p2,sha256:521523737c9f1da4288d04f12329d836e6b69841371b54dfc1bb5173a6691b36,softmax,softmax,64,64,0.2,6.0,6.0,114890,5.060282229438346,1,0,0.9897000193595886,,,,,0.0322234965860843,,,,,0.9893333315849304,-0.0003666877746582031,79.679,,,,,5.0,,,,,une ligne par configuration,1,1,79.679,,0.9897000193595886,0.9897000193595886,,0.0378966480493545,,True,True
521523737c__act_softmax__f1_64__f2_64__dropout_0p4,sha256:521523737c9f1da4288d04f12329d836e6b69841371b54dfc1bb5173a6691b36,softmax,softmax,64,64,0.4,6.0,6.0,114890,5.060282229438346,1,0,0.9886999726295472,,,,,0.0318952202796936,,,,,0.9896666407585144,0.0009666681289671741,95.256,,,,,6.0,,,,,une ligne par configuration,1,1,95.256,,0.9886999726295472,0.9886999726295472,,0.0400630347430706,,True,True
521523737c__act_softmax__f1_64__f2_64__dropout_0p6,sha256:521523737c9f1da4288d04f12329d836e6b69841371b54dfc1bb5173a6691b36,softmax,softmax,64,64,0.6,6.0,6.0,114890,5.060282229438346,1,0,0.9912999868392944,,,,,0.0259206816554069,,,,,0.99144446849823,0.00014448165893554688,125.544,,,,,8.0,,,,,une ligne par configuration,1,1,125.544,,0.9912999868392944,0.9912999868392944,,0.0321679636836051,,True,True
521523737c__act_softmax__f1_64__f2_64__dropout_0p8,sha256:521523737c9f1da4288d04f12329d836e6b69841371b54dfc1bb5173a6691b36,softmax,softmax,64,64,0.8,6.0,6.0,114890,5.060282229438346,1,0,0.9918000102043152,,,,,0.0259506683796644,,,,,0.9915555715560912,-0.000244438648223988,203.923,,,,,13.0,,,,,une ligne par configuration,1,1,203.923,,0.9918000102043152,0.9918000102043152,,0.0317025706171989,,True,True
521523737c__act_softmax__f1_64__f2_128__dropout_0,sha256:521523737c9f1da4288d04f12329d836e6b69841371b54dfc1bb5173a6691b36,softmax,softmax,64,128,0.0,6.0,7.0,227850,5.357649032918467,1,0,0.9864000082015992,,,,,0.0452556908130645,,,,,0.9853333234786988,-0.0010666847229003906,80.695,,,,,4.0,,,,,une ligne par configuration,1,1,80.695,,0.9864000082015992,0.9864000082015992,,0.0526017732918262,,True,True
521523737c__act_softmax__f1_64__f2_128__dropout_0p2,sha256:521523737c9f1da4288d04f12329d836e6b69841371b54dfc1bb5173a6691b36,softmax,softmax,64,128,0.2,6.0,7.0,227850,5.357649032918467,1,0,0.9908000230789183,,,,,0.0334588699042797,,,,,0.9897778034210204,-0.0010222196578979492,140.15,,,,,7.0,,,,,une ligne par configuration,1,1,140.15,,0.9908000230789183,0.9908000230789183,,0.0405987836420536,,True,True
521523737c__act_softmax__f1_64__f2_128__dropout_0p4,sha256:521523737c9f1da4288d04f12329d836e6b69841371b54dfc1bb5173a6691b36,softmax,softmax,64,128,0.4,6.0,7.0,227850,5.357649032918467,1,0,0.991699993610382,,,,,0.0294378884136676,,,,,0.9907777905464172,-0.0009222030639647327,180.041,,,,,9.0,,,,,une ligne par configuration,1,1,180.041,,0.991699993610382,0.991699993610382,,0.036824457347393,,True,True
521523737c__act_softmax__f1_64__f2_128__dropout_0p6,sha256:521523737c9f1da4288d04f12329d836e6b69841371b54dfc1bb5173a6691b36,softmax,softmax,64,128,0.6,6.0,7.0,227850,5.357649032918467,1,0,0.9921000003814696,,,,,0.0247456524521112,,,,,0.9918888807296752,-0.0002111196517944336,181.903,,,,,9.0,,,,,une ligne par configuration,1,1,181.903,,0.9921000003814696,0.9921000003814696,,0.0319267325103282,,True,True
521523737c__act_softmax__f1_64__f2_128__dropout_0p8,sha256:521523737c9f1da4288d04f12329d836e6b69841371b54dfc1bb5173a6691b36,softmax,softmax,64,128,0.8,6.0,7.0,227850,5.357649032918467,1,0,0.9926999807357788,,,,,0.0232081767171621,,,,,0.99099999666214,-0.001699984073638805,241.925,,,,,12.0,,,,,une ligne par configuration,1,1,241.925,,0.9926999807357788,0.9926999807357788,,0.0307415258139371,,True,True
521523737c__act_softmax__f1_128__f2_8__dropout_0,sha256:521523737c9f1da4288d04f12329d836e6b69841371b54dfc1bb5173a6691b36,softmax,softmax,128,8,0.0,7.0,3.0,30770,4.488127496247459,1,0,0.9871000051498412,,,,,0.0399358123540878,,,,,0.986222207546234,-0.0008777976036071777,279.845,,,,,12.0,,,,,une ligne par configuration,1,1,279.845,,0.9871000051498412,0.9871000051498412,,0.0478506758809089,,True,True
521523737c__act_softmax__f1_128__f2_8__dropout_0p2,sha256:521523737c9f1da4288d04f12329d836e6b69841371b54dfc1bb5173a6691b36,softmax,softmax,128,8,0.2,7.0,3.0,30770,4.488127496247459,1,0,0.9847000241279602,,,,,0.0455846451222896,,,,,0.9831110835075378,-0.0015889406204223633,163.803,,,,,7.0,,,,,une ligne par configuration,1,1,163.803,,0.9847000241279602,0.9847000241279602,,0.0550380311906337,,True,True
521523737c__act_softmax__f1_128__f2_8__dropout_0p4,sha256:521523737c9f1da4288d04f12329d836e6b69841371b54dfc1bb5173a6691b36,softmax,softmax,128,8,0.4,7.0,3.0,30770,4.488127496247459,1,0,0.989300012588501,,,,,0.0327866561710834,,,,,0.988777756690979,-0.0005222558975219727,278.753,,,,,12.0,,,,,une ligne par configuration,1,1,278.753,,0.989300012588501,0.989300012588501,,0.0409209392964839,,True,True
521523737c__act_softmax__f1_128__f2_8__dropout_0p6,sha256:521523737c9f1da4288d04f12329d836e6b69841371b54dfc1bb5173a6691b36,softmax,softmax,128,8,0.6,7.0,3.0,30770,4.488127496247459,1,0,0.9812999963760376,,,,,0.0596281439065933,,,,,0.979888916015625,-0.0014110803604125977,140.665,,,,,6.0,,,,,une ligne par configuration,1,1,140.665,,0.9812999963760376,0.9812999963760376,,0.0655805245041847,,True,True
521523737c__act_softmax__f1_128__f2_8__dropout_0p8,sha256:521523737c9f1da4288d04f12329d836e6b69841371b54dfc1bb5173a6691b36,softmax,softmax,128,8,0.8,7.0,3.0,30770,4.488127496247459,1,0,0.970300018787384,,,,,0.0904075503349304,,,,,0.9717777967453004,0.0014777779579163708,163.717,,,,,7.0,,,,,une ligne par configuration,1,1,163.717,,0.970300018787384,0.970300018787384,,0.0925598964095115,,True,True
521523737c__act_softmax__f1_128__f2_16__dropout_0,sha256:521523737c9f1da4288d04f12329d836e6b69841371b54dfc1bb5173a6691b36,softmax,softmax,128,16,0.0,7.0,4.0,57690,4.761100538958142,1,0,0.988099992275238,,,,,0.0386172868311405,,,,,0.988111138343811,1.1146068572998047e-05,163.085,,,,,7.0,,,,,une ligne par configuration,1,1,163.085,,0.988099992275238,0.988099992275238,,0.0448298752307891,,True,True
521523737c__act_softmax__f1_128__f2_16__dropout_0p2,sha256:521523737c9f1da4288d04f12329d836e6b69841371b54dfc1bb5173a6691b36,softmax,softmax,128,16,0.2,7.0,4.0,57690,4.761100538958142,1,0,0.9908999800682068,,,,,0.0264342874288558,,,,,0.9897778034210204,-0.0011221766471863903,257.236,,,,,11.0,,,,,une ligne par configuration,1,1,257.236,,0.9908999800682068,0.9908999800682068,,0.0350504405796527,,True,True
521523737c__act_softmax__f1_128__f2_16__dropout_0p4,sha256:521523737c9f1da4288d04f12329d836e6b69841371b54dfc1bb5173a6691b36,softmax,softmax,128,16,0.4,7.0,4.0,57690,4.761100538958142,1,0,0.9912999868392944,,,,,0.0287622679024934,,,,,0.9890000224113464,-0.002299964427947998,233.625,,,,,10.0,,,,,une ligne par configuration,1,1,233.625,,0.9912999868392944,0.9912999868392944,,0.0401346869766712,,True,True
521523737c__act_softmax__f1_128__f2_16__dropout_0p6,sha256:521523737c9f1da4288d04f12329d836e6b69841371b54dfc1bb5173a6691b36,softmax,softmax,128,16,0.6,7.0,4.0,57690,4.761100538958142,1,0,0.9896000027656556,,,,,0.0304288417100906,,,,,0.9885555505752563,-0.001044452190399281,280.22,,,,,12.0,,,,,une ligne par configuration,1,1,280.22,,0.9896000027656556,0.9896000027656556,,0.0405065901577472,,True,True
521523737c__act_softmax__f1_128__f2_16__dropout_0p8,sha256:521523737c9f1da4288d04f12329d836e6b69841371b54dfc1bb5173a6691b36,softmax,softmax,128,16,0.8,7.0,4.0,57690,4.761100538958142,1,0,0.9811000227928162,,,,,0.0563459917902946,,,,,0.9825555682182312,0.001455545425415039,212.319,,,,,9.0,,,,,une ligne par configuration,1,1,212.319,,0.9811000227928162,0.9811000227928162,,0.0619581826031208,,True,True
521523737c__act_softmax__f1_128__f2_32__dropout_0,sha256:521523737c9f1da4288d04f12329d836e6b69841371b54dfc1bb5173a6691b36,softmax,softmax,128,32,0.0,7.0,5.0,111530,5.047391702200444,1,0,0.9886999726295472,,,,,0.0371897108852863,,,,,0.987666666507721,-0.001033306121826283,150.219,,,,,6.0,,,,,une ligne par configuration,1,1,150.219,,0.9886999726295472,0.9886999726295472,,0.043640948832035,,True,True
521523737c__act_softmax__f1_128__f2_32__dropout_0p2,sha256:521523737c9f1da4288d04f12329d836e6b69841371b54dfc1bb5173a6691b36,softmax,softmax,128,32,0.2,7.0,5.0,111530,5.047391702200444,1,0,0.9926999807357788,,,,,0.0263004265725612,,,,,0.9924444556236268,-0.0002555251121519886,347.97,,,,,14.0,,,,,une ligne par configuration,1,1,347.97,,0.9926999807357788,0.9926999807357788,,0.0310462098568677,,True,True
521523737c__act_softmax__f1_128__f2_32__dropout_0p4,sha256:521523737c9f1da4288d04f12329d836e6b69841371b54dfc1bb5173a6691b36,softmax,softmax,128,32,0.4,7.0,5.0,111530,5.047391702200444,1,0,0.9919999837875366,,,,,0.0235167033970356,,,,,0.9915555715560912,-0.0004444122314454235,251.431,,,,,10.0,,,,,une ligne par configuration,1,1,251.431,,0.9919999837875366,0.9919999837875366,,0.0324124246835708,,True,True
521523737c__act_softmax__f1_128__f2_32__dropout_0p6,sha256:521523737c9f1da4288d04f12329d836e6b69841371b54dfc1bb5173a6691b36,softmax,softmax,128,32,0.6,7.0,5.0,111530,5.047391702200444,1,0,0.9926000237464904,,,,,0.0237415991723537,,,,,0.9926666617393494,6.663799285899774e-05,454.723,,,,,18.0,,,,,une ligne par configuration,1,1,454.723,,0.9926000237464904,0.9926000237464904,,0.0273396428674459,,True,True
521523737c__act_softmax__f1_128__f2_32__dropout_0p8,sha256:521523737c9f1da4288d04f12329d836e6b69841371b54dfc1bb5173a6691b36,softmax,softmax,128,32,0.8,7.0,5.0,111530,5.047391702200444,1,0,0.9886000156402588,,,,,0.036443181335926,,,,,0.9882222414016724,-0.0003777742385864258,273.609,,,,,11.0,,,,,une ligne par configuration,1,1,273.609,,0.9886000156402588,0.9886000156402588,,0.0405124686658382,,True,True
521523737c__act_softmax__f1_128__f2_64__dropout_0,sha256:521523737c9f1da4288d04f12329d836e6b69841371b54dfc1bb5173a6691b36,softmax,softmax,128,64,0.0,7.0,6.0,219210,5.34086036206488,1,0,0.987500011920929,,,,,0.0386979840695858,,,,,0.9868888854980468,-0.0006111264228821911,176.056,,,,,6.0,,,,,une ligne par configuration,1,1,176.056,,0.987500011920929,0.987500011920929,,0.0482027307152748,,True,True
521523737c__act_softmax__f1_128__f2_64__dropout_0p2,sha256:521523737c9f1da4288d04f12329d836e6b69841371b54dfc1bb5173a6691b36,softmax,softmax,128,64,0.2,7.0,6.0,219210,5.34086036206488,1,0,0.9872000217437744,,,,,0.0381498262286186,,,,,0.9879999756813048,0.0007999539375304066,149.162,,,,,5.0,,,,,une ligne par configuration,1,1,149.162,,0.9872000217437744,0.9872000217437744,,0.0441368669271469,,True,True
521523737c__act_softmax__f1_128__f2_64__dropout_0p4,sha256:521523737c9f1da4288d04f12329d836e6b69841371b54dfc1bb5173a6691b36,softmax,softmax,128,64,0.4,7.0,6.0,219210,5.34086036206488,1,0,0.9915000200271606,,,,,0.025214597582817,,,,,0.9915555715560912,5.555152893055304e-05,320.618,,,,,11.0,,,,,une ligne par configuration,1,1,320.618,,0.9915000200271606,0.9915000200271606,,0.0301550775766372,,True,True
521523737c__act_softmax__f1_128__f2_64__dropout_0p6,sha256:521523737c9f1da4288d04f12329d836e6b69841371b54dfc1bb5173a6691b36,softmax,softmax,128,64,0.6,7.0,6.0,219210,5.34086036206488,1,0,0.992799997329712,,,,,0.0244480203837156,,,,,0.992111086845398,-0.0006889104843140759,322.823,,,,,11.0,,,,,une ligne par configuration,1,1,322.823,,0.992799997329712,0.992799997329712,,0.0280915535986423,,True,True
521523737c__act_softmax__f1_128__f2_64__dropout_0p8,sha256:521523737c9f1da4288d04f12329d836e6b69841371b54dfc1bb5173a6691b36,softmax,softmax,128,64,0.8,7.0,6.0,219210,5.34086036206488,1,0,0.9907000064849854,,,,,0.0277706999331712,,,,,0.9896666407585144,-0.0010333657264709473,265.75,,,,,9.0,,,,,une ligne par configuration,1,1,265.75,,0.9907000064849854,0.9907000064849854,,0.0373966880142688,,True,True
521523737c__act_softmax__f1_128__f2_128__dropout_0,sha256:521523737c9f1da4288d04f12329d836e6b69841371b54dfc1bb5173a6691b36,softmax,softmax,128,128,0.0,7.0,7.0,434570,5.638059742039357,1,0,0.9886999726295472,,,,,0.0384527035057544,,,,,0.9872221946716307,-0.0014777779579164818,200.545,,,,,5.0,,,,,une ligne par configuration,1,1,200.545,,0.9886999726295472,0.9886999726295472,,0.0462752431631088,,True,True
521523737c__act_softmax__f1_128__f2_128__dropout_0p2,sha256:521523737c9f1da4288d04f12329d836e6b69841371b54dfc1bb5173a6691b36,softmax,softmax,128,128,0.2,7.0,7.0,434570,5.638059742039357,1,0,0.9907000064849854,,,,,0.0314412899315357,,,,,0.9900000095367432,-0.0006999969482421875,271.404,,,,,7.0,,,,,une ligne par configuration,1,1,271.404,,0.9907000064849854,0.9907000064849854,,0.0430970899760723,,True,True
521523737c__act_softmax__f1_128__f2_128__dropout_0p4,sha256:521523737c9f1da4288d04f12329d836e6b69841371b54dfc1bb5173a6691b36,softmax,softmax,128,128,0.4,7.0,7.0,434570,5.638059742039357,1,0,0.9908999800682068,,,,,0.0276362635195255,,,,,0.9905555844306946,-0.00034439563751220703,310.157,,,,,8.0,,,,,une ligne par configuration,1,1,310.157,,0.9908999800682068,0.9908999800682068,,0.0376194715499877,,True,True
521523737c__act_softmax__f1_128__f2_128__dropout_0p6,sha256:521523737c9f1da4288d04f12329d836e6b69841371b54dfc1bb5173a6691b36,softmax,softmax,128,128,0.6,7.0,7.0,434570,5.638059742039357,1,0,0.9937999844551086,,,,,0.0206827614456415,,,,,0.9924444556236268,-0.0013555288314818226,463.046,,,,,12.0,,,,,une ligne par configuration,1,1,463.046,,0.9937999844551086,0.9937999844551086,,0.0284484904259443,,True,True
521523737c__act_softmax__f1_128__f2_128__dropout_0p8,sha256:521523737c9f1da4288d04f12329d836e6b69841371b54dfc1bb5173a6691b36,softmax,softmax,128,128,0.8,7.0,7.0,434570,5.638059742039357,1,0,0.9926000237464904,,,,,0.0221508685499429,,,,,0.9929999709129332,0.0003999471664428711,611.752,,,,,16.0,,,,,une ligne par configuration,1,1,611.752,,0.9926000237464904,0.9926000237464904,,0.0279961489140987,,True,True
