configuration_id,protocol_id,conv_activation,output_activation,filter_1,filter_2,dropout,log2_filter_1,log2_filter_2,model_parameters,log10_model_parameters,runs_completed,runs_failed,test_accuracy_mean,test_accuracy_std,test_accuracy_sem,test_accuracy_ci95_low,test_accuracy_ci95_high,test_loss_mean,test_loss_std,test_loss_sem,test_loss_ci95_low,test_loss_ci95_high,best_val_accuracy_mean,validation_test_gap,duration_seconds_mean,duration_seconds_std,duration_seconds_sem,duration_seconds_ci95_low,duration_seconds_ci95_high,epochs_completed_mean,epochs_completed_std,epochs_completed_sem,epochs_completed_ci95_low,epochs_completed_ci95_high,analysis_grain,runs_attempted,runs_expected,attempt_duration_seconds_mean,attempt_duration_seconds_std,test_accuracy_min,test_accuracy_max,best_val_accuracy_std,best_val_loss_mean,best_val_loss_std,attempts_complete,is_complete
73cc165a64__act_relu__f1_4__f2_8__dropout_0,sha256:73cc165a64ac7f7fde9f7e1cb0dc1402819adb376114074d28db8fbb5319cd31,relu,softmax,4,8,0.0,2.0,3.0,2250,3.3521825181113627,1,0,0.982200026512146,,,,,0.05534593015909195,,,,,0.9836666584014893,0.0014666318893432617,56.981,,,,,20.0,,,,,une ligne par configuration,1,1,56.981,,0.982200026512146,0.982200026512146,,0.05923563614487648,,True,True
73cc165a64__act_relu__f1_4__f2_8__dropout_0p2,sha256:73cc165a64ac7f7fde9f7e1cb0dc1402819adb376114074d28db8fbb5319cd31,relu,softmax,4,8,0.2,2.0,3.0,2250,3.3521825181113627,1,0,0.98089998960495,,,,,0.05675185099244118,,,,,0.9817777872085571,0.0008777976036071777,35.933,,,,,11.0,,,,,une ligne par configuration,1,1,35.933,,0.98089998960495,0.98089998960495,,0.058286938816308975,,True,True
73cc165a64__act_relu__f1_4__f2_8__dropout_0p4,sha256:73cc165a64ac7f7fde9f7e1cb0dc1402819adb376114074d28db8fbb5319cd31,relu,softmax,4,8,0.4,2.0,3.0,2250,3.3521825181113627,1,0,0.9861999750137329,,,,,0.05064044147729874,,,,,0.9835555553436279,-0.0026444196701049805,53.046,,,,,20.0,,,,,une ligne par configuration,1,1,53.046,,0.9861999750137329,0.9861999750137329,,0.05417918413877487,,True,True
73cc165a64__act_relu__f1_4__f2_8__dropout_0p6,sha256:73cc165a64ac7f7fde9f7e1cb0dc1402819adb376114074d28db8fbb5319cd31,relu,softmax,4,8,0.6,2.0,3.0,2250,3.3521825181113627,1,0,0.9814000129699707,,,,,0.06328855454921722,,,,,0.9781110882759094,-0.0032889246940612793,41.693,,,,,16.0,,,,,une ligne par configuration,1,1,41.693,,0.9814000129699707,0.9814000129699707,,0.0716840848326683,,True,True
73cc165a64__act_relu__f1_4__f2_8__dropout_0p8,sha256:73cc165a64ac7f7fde9f7e1cb0dc1402819adb376114074d28db8fbb5319cd31,relu,softmax,4,8,0.8,2.0,3.0,2250,3.3521825181113627,1,0,0.9695000052452087,,,,,0.10727430135011673,,,,,0.9687777757644653,-0.0007222294807434082,45.436,,,,,16.0,,,,,une ligne par configuration,1,1,45.436,,0.9695000052452087,0.9695000052452087,,0.11050007492303848,,True,True
73cc165a64__act_relu__f1_4__f2_16__dropout_0,sha256:73cc165a64ac7f7fde9f7e1cb0dc1402819adb376114074d28db8fbb5319cd31,relu,softmax,4,16,0.0,2.0,4.0,4370,3.640481436970422,1,0,0.9850000143051147,,,,,0.04847094789147377,,,,,0.9845555424690247,-0.0004444718360900879,32.818,,,,,11.0,,,,,une ligne par configuration,1,1,32.818,,0.9850000143051147,0.9850000143051147,,0.05206556245684624,,True,True
73cc165a64__act_relu__f1_4__f2_16__dropout_0p2,sha256:73cc165a64ac7f7fde9f7e1cb0dc1402819adb376114074d28db8fbb5319cd31,relu,softmax,4,16,0.2,2.0,4.0,4370,3.640481436970422,1,0,0.9879999756813049,,,,,0.040536101907491684,,,,,0.9878888726234436,-0.00011110305786132812,33.29,,,,,12.0,,,,,une ligne par configuration,1,1,33.29,,0.9879999756813049,0.9879999756813049,,0.0428258515894413,,True,True
73cc165a64__act_relu__f1_4__f2_16__dropout_0p4,sha256:73cc165a64ac7f7fde9f7e1cb0dc1402819adb376114074d28db8fbb5319cd31,relu,softmax,4,16,0.4,2.0,4.0,4370,3.640481436970422,1,0,0.9891999959945679,,,,,0.0362967848777771,,,,,0.9894444346427917,0.00024443864822387695,44.645,,,,,16.0,,,,,une ligne par configuration,1,1,44.645,,0.9891999959945679,0.9891999959945679,,0.03795897215604782,,True,True
73cc165a64__act_relu__f1_4__f2_16__dropout_0p6,sha256:73cc165a64ac7f7fde9f7e1cb0dc1402819adb376114074d28db8fbb5319cd31,relu,softmax,4,16,0.6,2.0,4.0,4370,3.640481436970422,1,0,0.9879000186920166,,,,,0.03948352113366127,,,,,0.9866666793823242,-0.0012333393096923828,47.301,,,,,17.0,,,,,une ligne par configuration,1,1,47.301,,0.9879000186920166,0.9879000186920166,,0.04358315095305443,,True,True
73cc165a64__act_relu__f1_4__f2_16__dropout_0p8,sha256:73cc165a64ac7f7fde9f7e1cb0dc1402819adb376114074d28db8fbb5319cd31,relu,softmax,4,16,0.8,2.0,4.0,4370,3.640481436970422,1,0,0.98089998960495,,,,,0.06399194151163101,,,,,0.9806666374206543,-0.0002333521842956543,44.248,,,,,16.0,,,,,une ligne par configuration,1,1,44.248,,0.98089998960495,0.98089998960495,,0.06361817568540573,,True,True
73cc165a64__act_relu__f1_4__f2_32__dropout_0,sha256:73cc165a64ac7f7fde9f7e1cb0dc1402819adb376114074d28db8fbb5319cd31,relu,softmax,4,32,0.0,2.0,5.0,8610,3.935003151453655,1,0,0.98580002784729,,,,,0.04578585922718048,,,,,0.9845555424690247,-0.0012444853782653809,22.121,,,,,7.0,,,,,une ligne par configuration,1,1,22.121,,0.98580002784729,0.98580002784729,,0.05143463984131813,,True,True
73cc165a64__act_relu__f1_4__f2_32__dropout_0p2,sha256:73cc165a64ac7f7fde9f7e1cb0dc1402819adb376114074d28db8fbb5319cd31,relu,softmax,4,32,0.2,2.0,5.0,8610,3.935003151453655,1,0,0.9876999855041504,,,,,0.03784859552979469,,,,,0.9872221946716309,-0.00047779083251953125,32.121,,,,,10.0,,,,,une ligne par configuration,1,1,32.121,,0.9876999855041504,0.9876999855041504,,0.04404794052243233,,True,True
73cc165a64__act_relu__f1_4__f2_32__dropout_0p4,sha256:73cc165a64ac7f7fde9f7e1cb0dc1402819adb376114074d28db8fbb5319cd31,relu,softmax,4,32,0.4,2.0,5.0,8610,3.935003151453655,1,0,0.9901000261306763,,,,,0.0303863063454628,,,,,0.9913333058357239,0.0012332797050476074,62.855,,,,,20.0,,,,,une ligne par configuration,1,1,62.855,,0.9901000261306763,0.9901000261306763,,0.034644171595573425,,True,True
73cc165a64__act_relu__f1_4__f2_32__dropout_0p6,sha256:73cc165a64ac7f7fde9f7e1cb0dc1402819adb376114074d28db8fbb5319cd31,relu,softmax,4,32,0.6,2.0,5.0,8610,3.935003151453655,1,0,0.9894999861717224,,,,,0.033687956631183624,,,,,0.9894444346427917,-5.555152893066406e-05,40.709,,,,,13.0,,,,,une ligne par configuration,1,1,40.709,,0.9894999861717224,0.9894999861717224,,0.03913237527012825,,True,True
73cc165a64__act_relu__f1_4__f2_32__dropout_0p8,sha256:73cc165a64ac7f7fde9f7e1cb0dc1402819adb376114074d28db8fbb5319cd31,relu,softmax,4,32,0.8,2.0,5.0,8610,3.935003151453655,1,0,0.986299991607666,,,,,0.042011212557554245,,,,,0.9852222204208374,-0.0010777711868286133,47.788,,,,,15.0,,,,,une ligne par configuration,1,1,47.788,,0.986299991607666,0.986299991607666,,0.04921359941363335,,True,True
73cc165a64__act_relu__f1_4__f2_64__dropout_0,sha256:73cc165a64ac7f7fde9f7e1cb0dc1402819adb376114074d28db8fbb5319cd31,relu,softmax,4,64,0.0,2.0,6.0,17090,4.232742062720737,1,0,0.9854999780654907,,,,,0.04774774610996246,,,,,0.9850000143051147,-0.0004999637603759766,30.86,,,,,8.0,,,,,une ligne par configuration,1,1,30.86,,0.9854999780654907,0.9854999780654907,,0.05029463395476341,,True,True
73cc165a64__act_relu__f1_4__f2_64__dropout_0p2,sha256:73cc165a64ac7f7fde9f7e1cb0dc1402819adb376114074d28db8fbb5319cd31,relu,softmax,4,64,0.2,2.0,6.0,17090,4.232742062720737,1,0,0.9868000149726868,,,,,0.04346565529704094,,,,,0.9886666536331177,0.0018666386604309082,47.736,,,,,12.0,,,,,une ligne par configuration,1,1,47.736,,0.9868000149726868,0.9868000149726868,,0.040907543152570724,,True,True
73cc165a64__act_relu__f1_4__f2_64__dropout_0p4,sha256:73cc165a64ac7f7fde9f7e1cb0dc1402819adb376114074d28db8fbb5319cd31,relu,softmax,4,64,0.4,2.0,6.0,17090,4.232742062720737,1,0,0.9872000217437744,,,,,0.03767019510269165,,,,,0.9882222414016724,0.0010222196578979492,41.305,,,,,10.0,,,,,une ligne par configuration,1,1,41.305,,0.9872000217437744,0.9872000217437744,,0.038009289652109146,,True,True
73cc165a64__act_relu__f1_4__f2_64__dropout_0p6,sha256:73cc165a64ac7f7fde9f7e1cb0dc1402819adb376114074d28db8fbb5319cd31,relu,softmax,4,64,0.6,2.0,6.0,17090,4.232742062720737,1,0,0.9894999861717224,,,,,0.03401097282767296,,,,,0.9891111254692078,-0.00038886070251464844,52.596,,,,,13.0,,,,,une ligne par configuration,1,1,52.596,,0.9894999861717224,0.9894999861717224,,0.038009777665138245,,True,True
73cc165a64__act_relu__f1_4__f2_64__dropout_0p8,sha256:73cc165a64ac7f7fde9f7e1cb0dc1402819adb376114074d28db8fbb5319cd31,relu,softmax,4,64,0.8,2.0,6.0,17090,4.232742062720737,1,0,0.98580002784729,,,,,0.0425298810005188,,,,,0.9867777824401855,0.0009777545928955078,43.151,,,,,11.0,,,,,une ligne par configuration,1,1,43.151,,0.98580002784729,0.98580002784729,,0.045414626598358154,,True,True
73cc165a64__act_relu__f1_4__f2_128__dropout_0,sha256:73cc165a64ac7f7fde9f7e1cb0dc1402819adb376114074d28db8fbb5319cd31,relu,softmax,4,128,0.0,2.0,7.0,34050,4.532117116248804,1,0,0.9865000247955322,,,,,0.04651902988553047,,,,,0.9865555763244629,5.555152893066406e-05,29.214,,,,,6.0,,,,,une ligne par configuration,1,1,29.214,,0.9865000247955322,0.9865000247955322,,0.050571225583553314,,True,True
73cc165a64__act_relu__f1_4__f2_128__dropout_0p2,sha256:73cc165a64ac7f7fde9f7e1cb0dc1402819adb376114074d28db8fbb5319cd31,relu,softmax,4,128,0.2,2.0,7.0,34050,4.532117116248804,1,0,0.9853000044822693,,,,,0.047074027359485626,,,,,0.987666666507721,0.00236666202545166,43.703,,,,,9.0,,,,,une ligne par configuration,1,1,43.703,,0.9853000044822693,0.9853000044822693,,0.05014275014400482,,True,True
73cc165a64__act_relu__f1_4__f2_128__dropout_0p4,sha256:73cc165a64ac7f7fde9f7e1cb0dc1402819adb376114074d28db8fbb5319cd31,relu,softmax,4,128,0.4,2.0,7.0,34050,4.532117116248804,1,0,0.9840999841690063,,,,,0.05059705674648285,,,,,0.9860000014305115,0.001900017261505127,25.552,,,,,5.0,,,,,une ligne par configuration,1,1,25.552,,0.9840999841690063,0.9840999841690063,,0.05238095670938492,,True,True
73cc165a64__act_relu__f1_4__f2_128__dropout_0p6,sha256:73cc165a64ac7f7fde9f7e1cb0dc1402819adb376114074d28db8fbb5319cd31,relu,softmax,4,128,0.6,2.0,7.0,34050,4.532117116248804,1,0,0.9879000186920166,,,,,0.04227038100361824,,,,,0.9879999756813049,9.995698928833008e-05,45.641,,,,,9.0,,,,,une ligne par configuration,1,1,45.641,,0.9879000186920166,0.9879000186920166,,0.04237576201558113,,True,True
73cc165a64__act_relu__f1_4__f2_128__dropout_0p8,sha256:73cc165a64ac7f7fde9f7e1cb0dc1402819adb376114074d28db8fbb5319cd31,relu,softmax,4,128,0.8,2.0,7.0,34050,4.532117116248804,1,0,0.9879000186920166,,,,,0.037036776542663574,,,,,0.9892222285270691,0.0013222098350524902,53.375,,,,,11.0,,,,,une ligne par configuration,1,1,53.375,,0.9879000186920166,0.9879000186920166,,0.042677540332078934,,True,True
73cc165a64__act_relu__f1_8__f2_8__dropout_0,sha256:73cc165a64ac7f7fde9f7e1cb0dc1402819adb376114074d28db8fbb5319cd31,relu,softmax,8,8,0.0,3.0,3.0,3170,3.5010592622177517,1,0,0.9851999878883362,,,,,0.04664470627903938,,,,,0.9854444265365601,0.00024443864822387695,33.58,,,,,10.0,,,,,une ligne par configuration,1,1,33.58,,0.9851999878883362,0.9851999878883362,,0.05257608741521835,,True,True
73cc165a64__act_relu__f1_8__f2_8__dropout_0p2,sha256:73cc165a64ac7f7fde9f7e1cb0dc1402819adb376114074d28db8fbb5319cd31,relu,softmax,8,8,0.2,3.0,3.0,3170,3.5010592622177517,1,0,0.9864000082015991,,,,,0.04140568897128105,,,,,0.9860000014305115,-0.0004000067710876465,43.65,,,,,13.0,,,,,une ligne par configuration,1,1,43.65,,0.9864000082015991,0.9864000082015991,,0.04654610529541969,,True,True
73cc165a64__act_relu__f1_8__f2_8__dropout_0p4,sha256:73cc165a64ac7f7fde9f7e1cb0dc1402819adb376114074d28db8fbb5319cd31,relu,softmax,8,8,0.4,3.0,3.0,3170,3.5010592622177517,1,0,0.9836000204086304,,,,,0.04975641146302223,,,,,0.9826666712760925,-0.0009333491325378418,36.612,,,,,11.0,,,,,une ligne par configuration,1,1,36.612,,0.9836000204086304,0.9836000204086304,,0.05301746726036072,,True,True
73cc165a64__act_relu__f1_8__f2_8__dropout_0p6,sha256:73cc165a64ac7f7fde9f7e1cb0dc1402819adb376114074d28db8fbb5319cd31,relu,softmax,8,8,0.6,3.0,3.0,3170,3.5010592622177517,1,0,0.9847000241279602,,,,,0.047089699655771255,,,,,0.9850000143051147,0.000299990177154541,56.526,,,,,17.0,,,,,une ligne par configuration,1,1,56.526,,0.9847000241279602,0.9847000241279602,,0.04809226468205452,,True,True
73cc165a64__act_relu__f1_8__f2_8__dropout_0p8,sha256:73cc165a64ac7f7fde9f7e1cb0dc1402819adb376114074d28db8fbb5319cd31,relu,softmax,8,8,0.8,3.0,3.0,3170,3.5010592622177517,1,0,0.979200005531311,,,,,0.07040393352508545,,,,,0.9786666631698608,-0.0005333423614501953,59.648,,,,,18.0,,,,,une ligne par configuration,1,1,59.648,,0.979200005531311,0.979200005531311,,0.07210459560155869,,True,True
73cc165a64__act_relu__f1_8__f2_16__dropout_0,sha256:73cc165a64ac7f7fde9f7e1cb0dc1402819adb376114074d28db8fbb5319cd31,relu,softmax,8,16,0.0,3.0,4.0,6090,3.784617292632875,1,0,0.98580002784729,,,,,0.04398758336901665,,,,,0.9858888983726501,8.887052536010742e-05,25.477,,,,,7.0,,,,,une ligne par configuration,1,1,25.477,,0.98580002784729,0.98580002784729,,0.04761878401041031,,True,True
73cc165a64__act_relu__f1_8__f2_16__dropout_0p2,sha256:73cc165a64ac7f7fde9f7e1cb0dc1402819adb376114074d28db8fbb5319cd31,relu,softmax,8,16,0.2,3.0,4.0,6090,3.784617292632875,1,0,0.983299970626831,,,,,0.048681844025850296,,,,,0.9845555424690247,0.0012555718421936035,18.639,,,,,5.0,,,,,une ligne par configuration,1,1,18.639,,0.983299970626831,0.983299970626831,,0.05361190438270569,,True,True
73cc165a64__act_relu__f1_8__f2_16__dropout_0p4,sha256:73cc165a64ac7f7fde9f7e1cb0dc1402819adb376114074d28db8fbb5319cd31,relu,softmax,8,16,0.4,3.0,4.0,6090,3.784617292632875,1,0,0.9873999953269958,,,,,0.035715073347091675,,,,,0.9883333444595337,0.0009333491325378418,39.165,,,,,11.0,,,,,une ligne par configuration,1,1,39.165,,0.9873999953269958,0.9873999953269958,,0.03972027450799942,,True,True
73cc165a64__act_relu__f1_8__f2_16__dropout_0p6,sha256:73cc165a64ac7f7fde9f7e1cb0dc1402819adb376114074d28db8fbb5319cd31,relu,softmax,8,16,0.6,3.0,4.0,6090,3.784617292632875,1,0,0.9894000291824341,,,,,0.03181787580251694,,,,,0.9890000224113464,-0.0004000067710876465,52.367,,,,,15.0,,,,,une ligne par configuration,1,1,52.367,,0.9894000291824341,0.9894000291824341,,0.04035281017422676,,True,True
73cc165a64__act_relu__f1_8__f2_16__dropout_0p8,sha256:73cc165a64ac7f7fde9f7e1cb0dc1402819adb376114074d28db8fbb5319cd31,relu,softmax,8,16,0.8,3.0,4.0,6090,3.784617292632875,1,0,0.984499990940094,,,,,0.049325089901685715,,,,,0.9837777614593506,-0.0007222294807434082,49.163,,,,,14.0,,,,,une ligne par configuration,1,1,49.163,,0.984499990940094,0.984499990940094,,0.0565740242600441,,True,True
73cc165a64__act_relu__f1_8__f2_32__dropout_0,sha256:73cc165a64ac7f7fde9f7e1cb0dc1402819adb376114074d28db8fbb5319cd31,relu,softmax,8,32,0.0,3.0,5.0,11930,4.076640443670342,1,0,0.9854999780654907,,,,,0.04688924178481102,,,,,0.9841111302375793,-0.001388847827911377,27.116,,,,,7.0,,,,,une ligne par configuration,1,1,27.116,,0.9854999780654907,0.9854999780654907,,0.05264021083712578,,True,True
73cc165a64__act_relu__f1_8__f2_32__dropout_0p2,sha256:73cc165a64ac7f7fde9f7e1cb0dc1402819adb376114074d28db8fbb5319cd31,relu,softmax,8,32,0.2,3.0,5.0,11930,4.076640443670342,1,0,0.9886999726295471,,,,,0.034741491079330444,,,,,0.9891111254692078,0.00041115283966064453,27.872,,,,,7.0,,,,,une ligne par configuration,1,1,27.872,,0.9886999726295471,0.9886999726295471,,0.04120667278766632,,True,True
73cc165a64__act_relu__f1_8__f2_32__dropout_0p4,sha256:73cc165a64ac7f7fde9f7e1cb0dc1402819adb376114074d28db8fbb5319cd31,relu,softmax,8,32,0.4,3.0,5.0,11930,4.076640443670342,1,0,0.9908999800682068,,,,,0.02876884676516056,,,,,0.9905555844306946,-0.00034439563751220703,46.985,,,,,12.0,,,,,une ligne par configuration,1,1,46.985,,0.9908999800682068,0.9908999800682068,,0.03472359851002693,,True,True
73cc165a64__act_relu__f1_8__f2_32__dropout_0p6,sha256:73cc165a64ac7f7fde9f7e1cb0dc1402819adb376114074d28db8fbb5319cd31,relu,softmax,8,32,0.6,3.0,5.0,11930,4.076640443670342,1,0,0.9890000224113464,,,,,0.033993419259786606,,,,,0.9895555377006531,0.0005555152893066406,39.166,,,,,10.0,,,,,une ligne par configuration,1,1,39.166,,0.9890000224113464,0.9890000224113464,,0.035631272941827774,,True,True
73cc165a64__act_relu__f1_8__f2_32__dropout_0p8,sha256:73cc165a64ac7f7fde9f7e1cb0dc1402819adb376114074d28db8fbb5319cd31,relu,softmax,8,32,0.8,3.0,5.0,11930,4.076640443670342,1,0,0.9894000291824341,,,,,0.03325512260198593,,,,,0.9894444346427917,4.4405460357666016e-05,60.627,,,,,16.0,,,,,une ligne par configuration,1,1,60.627,,0.9894000291824341,0.9894000291824341,,0.03767815977334976,,True,True
73cc165a64__act_relu__f1_8__f2_64__dropout_0,sha256:73cc165a64ac7f7fde9f7e1cb0dc1402819adb376114074d28db8fbb5319cd31,relu,softmax,8,64,0.0,3.0,6.0,23610,4.373095987078727,1,0,0.9860000014305115,,,,,0.04156909137964249,,,,,0.9854444265365601,-0.000555574893951416,22.968,,,,,5.0,,,,,une ligne par configuration,1,1,22.968,,0.9860000014305115,0.9860000014305115,,0.05006474629044533,,True,True
73cc165a64__act_relu__f1_8__f2_64__dropout_0p2,sha256:73cc165a64ac7f7fde9f7e1cb0dc1402819adb376114074d28db8fbb5319cd31,relu,softmax,8,64,0.2,3.0,6.0,23610,4.373095987078727,1,0,0.9909999966621399,,,,,0.030744768679142,,,,,0.988444447517395,-0.002555549144744873,50.066,,,,,11.0,,,,,une ligne par configuration,1,1,50.066,,0.9909999966621399,0.9909999966621399,,0.04050059989094734,,True,True
73cc165a64__act_relu__f1_8__f2_64__dropout_0p4,sha256:73cc165a64ac7f7fde9f7e1cb0dc1402819adb376114074d28db8fbb5319cd31,relu,softmax,8,64,0.4,3.0,6.0,23610,4.373095987078727,1,0,0.9901999831199646,,,,,0.028505517169833183,,,,,0.9900000095367432,-0.00019997358322143555,35.964,,,,,8.0,,,,,une ligne par configuration,1,1,35.964,,0.9901999831199646,0.9901999831199646,,0.03881220519542694,,True,True
73cc165a64__act_relu__f1_8__f2_64__dropout_0p6,sha256:73cc165a64ac7f7fde9f7e1cb0dc1402819adb376114074d28db8fbb5319cd31,relu,softmax,8,64,0.6,3.0,6.0,23610,4.373095987078727,1,0,0.9908999800682068,,,,,0.027292340993881226,,,,,0.9904444217681885,-0.00045555830001831055,36.165,,,,,8.0,,,,,une ligne par configuration,1,1,36.165,,0.9908999800682068,0.9908999800682068,,0.03829328343272209,,True,True
73cc165a64__act_relu__f1_8__f2_64__dropout_0p8,sha256:73cc165a64ac7f7fde9f7e1cb0dc1402819adb376114074d28db8fbb5319cd31,relu,softmax,8,64,0.8,3.0,6.0,23610,4.373095987078727,1,0,0.988099992275238,,,,,0.035241346806287766,,,,,0.9878888726234436,-0.0002111196517944336,36.017,,,,,8.0,,,,,une ligne par configuration,1,1,36.017,,0.988099992275238,0.988099992275238,,0.04259481653571129,,True,True
73cc165a64__act_relu__f1_8__f2_128__dropout_0,sha256:73cc165a64ac7f7fde9f7e1cb0dc1402819adb376114074d28db8fbb5319cd31,relu,softmax,8,128,0.0,3.0,7.0,46970,4.6718205601832485,1,0,0.9853000044822693,,,,,0.051056768745183945,,,,,0.9860000014305115,0.0006999969482421875,34.562,,,,,6.0,,,,,une ligne par configuration,1,1,34.562,,0.9853000044822693,0.9853000044822693,,0.05662449076771736,,True,True
73cc165a64__act_relu__f1_8__f2_128__dropout_0p2,sha256:73cc165a64ac7f7fde9f7e1cb0dc1402819adb376114074d28db8fbb5319cd31,relu,softmax,8,128,0.2,3.0,7.0,46970,4.6718205601832485,1,0,0.9836000204086304,,,,,0.049329109489917755,,,,,0.9833333492279053,-0.00026667118072509766,24.386,,,,,4.0,,,,,une ligne par configuration,1,1,24.386,,0.9836000204086304,0.9836000204086304,,0.05598036199808121,,True,True
73cc165a64__act_relu__f1_8__f2_128__dropout_0p4,sha256:73cc165a64ac7f7fde9f7e1cb0dc1402819adb376114074d28db8fbb5319cd31,relu,softmax,8,128,0.4,3.0,7.0,46970,4.6718205601832485,1,0,0.9900000095367432,,,,,0.03375926986336708,,,,,0.9885555505752563,-0.0014444589614868164,58.158,,,,,10.0,,,,,une ligne par configuration,1,1,58.158,,0.9900000095367432,0.9900000095367432,,0.04673302546143532,,True,True
73cc165a64__act_relu__f1_8__f2_128__dropout_0p6,sha256:73cc165a64ac7f7fde9f7e1cb0dc1402819adb376114074d28db8fbb5319cd31,relu,softmax,8,128,0.6,3.0,7.0,46970,4.6718205601832485,1,0,0.9901000261306763,,,,,0.03187433257699013,,,,,0.9895555377006531,-0.0005444884300231934,52.437,,,,,9.0,,,,,une ligne par configuration,1,1,52.437,,0.9901000261306763,0.9901000261306763,,0.04140590503811836,,True,True
73cc165a64__act_relu__f1_8__f2_128__dropout_0p8,sha256:73cc165a64ac7f7fde9f7e1cb0dc1402819adb376114074d28db8fbb5319cd31,relu,softmax,8,128,0.8,3.0,7.0,46970,4.6718205601832485,1,0,0.9897000193595886,,,,,0.03282619267702103,,,,,0.9911110997200012,0.0014110803604125977,80.995,,,,,14.0,,,,,une ligne par configuration,1,1,80.995,,0.9897000193595886,0.9897000193595886,,0.03757600113749504,,True,True
73cc165a64__act_relu__f1_16__f2_8__dropout_0,sha256:73cc165a64ac7f7fde9f7e1cb0dc1402819adb376114074d28db8fbb5319cd31,relu,softmax,16,8,0.0,4.0,3.0,5010,3.699837725867246,1,0,0.9839000105857849,,,,,0.049358610063791275,,,,,0.984000027179718,0.00010001659393310547,41.944,,,,,10.0,,,,,une ligne par configuration,1,1,41.944,,0.9839000105857849,0.9839000105857849,,0.052281055599451065,,True,True
73cc165a64__act_relu__f1_16__f2_8__dropout_0p2,sha256:73cc165a64ac7f7fde9f7e1cb0dc1402819adb376114074d28db8fbb5319cd31,relu,softmax,16,8,0.2,4.0,3.0,5010,3.699837725867246,1,0,0.9887999892234802,,,,,0.035832103341817856,,,,,0.9867777824401855,-0.0020222067832946777,37.904,,,,,9.0,,,,,une ligne par configuration,1,1,37.904,,0.9887999892234802,0.9887999892234802,,0.04143282398581505,,True,True
73cc165a64__act_relu__f1_16__f2_8__dropout_0p4,sha256:73cc165a64ac7f7fde9f7e1cb0dc1402819adb376114074d28db8fbb5319cd31,relu,softmax,16,8,0.4,4.0,3.0,5010,3.699837725867246,1,0,0.9883000254631042,,,,,0.03497868776321411,,,,,0.9885555505752563,0.0002555251121520996,54.638,,,,,13.0,,,,,une ligne par configuration,1,1,54.638,,0.9883000254631042,0.9883000254631042,,0.03794955089688301,,True,True
73cc165a64__act_relu__f1_16__f2_8__dropout_0p6,sha256:73cc165a64ac7f7fde9f7e1cb0dc1402819adb376114074d28db8fbb5319cd31,relu,softmax,16,8,0.6,4.0,3.0,5010,3.699837725867246,1,0,0.9876000285148621,,,,,0.037052638828754425,,,,,0.9879999756813049,0.0003999471664428711,61.797,,,,,15.0,,,,,une ligne par configuration,1,1,61.797,,0.9876000285148621,0.9876000285148621,,0.040935203433036804,,True,True
73cc165a64__act_relu__f1_16__f2_8__dropout_0p8,sha256:73cc165a64ac7f7fde9f7e1cb0dc1402819adb376114074d28db8fbb5319cd31,relu,softmax,16,8,0.8,4.0,3.0,5010,3.699837725867246,1,0,0.9765999913215637,,,,,0.07965166866779327,,,,,0.9791111350059509,0.002511143684387207,34.673,,,,,8.0,,,,,une ligne par configuration,1,1,34.673,,0.9765999913215637,0.9765999913215637,,0.07731496542692184,,True,True
73cc165a64__act_relu__f1_16__f2_16__dropout_0,sha256:73cc165a64ac7f7fde9f7e1cb0dc1402819adb376114074d28db8fbb5319cd31,relu,softmax,16,16,0.0,4.0,4.0,9530,3.979092900638326,1,0,0.9854999780654907,,,,,0.042853910475969315,,,,,0.9856666922569275,0.00016671419143676758,35.09,,,,,8.0,,,,,une ligne par configuration,1,1,35.09,,0.9854999780654907,0.9854999780654907,,0.0473334826529026,,True,True
73cc165a64__act_relu__f1_16__f2_16__dropout_0p2,sha256:73cc165a64ac7f7fde9f7e1cb0dc1402819adb376114074d28db8fbb5319cd31,relu,softmax,16,16,0.2,4.0,4.0,9530,3.979092900638326,1,0,0.9886000156402588,,,,,0.03537127375602722,,,,,0.9877777695655823,-0.0008222460746765137,31.008,,,,,7.0,,,,,une ligne par configuration,1,1,31.008,,0.9886000156402588,0.9886000156402588,,0.041794553399086,,True,True
73cc165a64__act_relu__f1_16__f2_16__dropout_0p4,sha256:73cc165a64ac7f7fde9f7e1cb0dc1402819adb376114074d28db8fbb5319cd31,relu,softmax,16,16,0.4,4.0,4.0,9530,3.979092900638326,1,0,0.9876000285148621,,,,,0.03716020658612251,,,,,0.9879999756813049,0.0003999471664428711,31.375,,,,,7.0,,,,,une ligne par configuration,1,1,31.375,,0.9876000285148621,0.9876000285148621,,0.04058287665247917,,True,True
73cc165a64__act_relu__f1_16__f2_16__dropout_0p6,sha256:73cc165a64ac7f7fde9f7e1cb0dc1402819adb376114074d28db8fbb5319cd31,relu,softmax,16,16,0.6,4.0,4.0,9530,3.979092900638326,1,0,0.9908999800682068,,,,,0.02723000757396221,,,,,0.9903333187103271,-0.0005666613578796387,74.572,,,,,17.0,,,,,une ligne par configuration,1,1,74.572,,0.9908999800682068,0.9908999800682068,,0.03310505673289299,,True,True
73cc165a64__act_relu__f1_16__f2_16__dropout_0p8,sha256:73cc165a64ac7f7fde9f7e1cb0dc1402819adb376114074d28db8fbb5319cd31,relu,softmax,16,16,0.8,4.0,4.0,9530,3.979092900638326,1,0,0.9889000058174133,,,,,0.033912718296051025,,,,,0.9879999756813049,-0.0009000301361083984,86.837,,,,,20.0,,,,,une ligne par configuration,1,1,86.837,,0.9889000058174133,0.9889000058174133,,0.038001786917448044,,True,True
73cc165a64__act_relu__f1_16__f2_32__dropout_0,sha256:73cc165a64ac7f7fde9f7e1cb0dc1402819adb376114074d28db8fbb5319cd31,relu,softmax,16,32,0.0,4.0,5.0,18570,4.26881190373978,1,0,0.9865000247955322,,,,,0.04074256494641304,,,,,0.9874444603919983,0.0009444355964660645,25.034,,,,,5.0,,,,,une ligne par configuration,1,1,25.034,,0.9865000247955322,0.9865000247955322,,0.04144112765789032,,True,True
73cc165a64__act_relu__f1_16__f2_32__dropout_0p2,sha256:73cc165a64ac7f7fde9f7e1cb0dc1402819adb376114074d28db8fbb5319cd31,relu,softmax,16,32,0.2,4.0,5.0,18570,4.26881190373978,1,0,0.9896000027656555,,,,,0.031049441546201706,,,,,0.9895555377006531,-4.4465065002441406e-05,45.1,,,,,9.0,,,,,une ligne par configuration,1,1,45.1,,0.9896000027656555,0.9896000027656555,,0.03760862722992897,,True,True
73cc165a64__act_relu__f1_16__f2_32__dropout_0p4,sha256:73cc165a64ac7f7fde9f7e1cb0dc1402819adb376114074d28db8fbb5319cd31,relu,softmax,16,32,0.4,4.0,5.0,18570,4.26881190373978,1,0,0.9900000095367432,,,,,0.031023580580949783,,,,,0.9911110997200012,0.0011110901832580566,34.421,,,,,7.0,,,,,une ligne par configuration,1,1,34.421,,0.9900000095367432,0.9900000095367432,,0.03344563767313957,,True,True
73cc165a64__act_relu__f1_16__f2_32__dropout_0p6,sha256:73cc165a64ac7f7fde9f7e1cb0dc1402819adb376114074d28db8fbb5319cd31,relu,softmax,16,32,0.6,4.0,5.0,18570,4.26881190373978,1,0,0.9926000237464905,,,,,0.021357456222176552,,,,,0.9915555715560913,-0.00104445219039917,90.577,,,,,19.0,,,,,une ligne par configuration,1,1,90.577,,0.9926000237464905,0.9926000237464905,,0.02850371226668358,,True,True
73cc165a64__act_relu__f1_16__f2_32__dropout_0p8,sha256:73cc165a64ac7f7fde9f7e1cb0dc1402819adb376114074d28db8fbb5319cd31,relu,softmax,16,32,0.8,4.0,5.0,18570,4.26881190373978,1,0,0.9886000156402588,,,,,0.03278467431664467,,,,,0.9888888597488403,0.00028884410858154297,53.055,,,,,11.0,,,,,une ligne par configuration,1,1,53.055,,0.9886000156402588,0.9886000156402588,,0.03804589435458183,,True,True
73cc165a64__act_relu__f1_16__f2_64__dropout_0,sha256:73cc165a64ac7f7fde9f7e1cb0dc1402819adb376114074d28db8fbb5319cd31,relu,softmax,16,64,0.0,4.0,6.0,36650,4.564073978977147,1,0,0.9871000051498413,,,,,0.039838291704654694,,,,,0.9863333106040955,-0.0007666945457458496,30.774,,,,,5.0,,,,,une ligne par configuration,1,1,30.774,,0.9871000051498413,0.9871000051498413,,0.047236595302820206,,True,True
73cc165a64__act_relu__f1_16__f2_64__dropout_0p2,sha256:73cc165a64ac7f7fde9f7e1cb0dc1402819adb376114074d28db8fbb5319cd31,relu,softmax,16,64,0.2,4.0,6.0,36650,4.564073978977147,1,0,0.9891999959945679,,,,,0.032079391181468964,,,,,0.987333357334137,-0.0018666386604309082,31.82,,,,,5.0,,,,,une ligne par configuration,1,1,31.82,,0.9891999959945679,0.9891999959945679,,0.03979642689228058,,True,True
73cc165a64__act_relu__f1_16__f2_64__dropout_0p4,sha256:73cc165a64ac7f7fde9f7e1cb0dc1402819adb376114074d28db8fbb5319cd31,relu,softmax,16,64,0.4,4.0,6.0,36650,4.564073978977147,1,0,0.987500011920929,,,,,0.036497071385383606,,,,,0.9883333444595337,0.0008333325386047363,27.324,,,,,4.0,,,,,une ligne par configuration,1,1,27.324,,0.987500011920929,0.987500011920929,,0.04206592217087746,,True,True
73cc165a64__act_relu__f1_16__f2_64__dropout_0p6,sha256:73cc165a64ac7f7fde9f7e1cb0dc1402819adb376114074d28db8fbb5319cd31,relu,softmax,16,64,0.6,4.0,6.0,36650,4.564073978977147,1,0,0.9914000034332275,,,,,0.02773837000131607,,,,,0.9892222285270691,-0.0021777749061584473,43.056,,,,,7.0,,,,,une ligne par configuration,1,1,43.056,,0.9914000034332275,0.9914000034332275,,0.036522120237350464,,True,True
73cc165a64__act_relu__f1_16__f2_64__dropout_0p8,sha256:73cc165a64ac7f7fde9f7e1cb0dc1402819adb376114074d28db8fbb5319cd31,relu,softmax,16,64,0.8,4.0,6.0,36650,4.564073978977147,1,0,0.9897000193595886,,,,,0.029543325304985046,,,,,0.9909999966621399,0.0012999773025512695,60.471,,,,,10.0,,,,,une ligne par configuration,1,1,60.471,,0.9897000193595886,0.9897000193595886,,0.03486189618706703,,True,True
73cc165a64__act_relu__f1_16__f2_128__dropout_0,sha256:73cc165a64ac7f7fde9f7e1cb0dc1402819adb376114074d28db8fbb5319cd31,relu,softmax,16,128,0.0,4.0,7.0,72810,4.862191031051597,1,0,0.9850000143051147,,,,,0.05108729377388954,,,,,0.9866666793823242,0.0016666650772094727,38.405,,,,,5.0,,,,,une ligne par configuration,1,1,38.405,,0.9850000143051147,0.9850000143051147,,0.047701817005872726,,True,True
73cc165a64__act_relu__f1_16__f2_128__dropout_0p2,sha256:73cc165a64ac7f7fde9f7e1cb0dc1402819adb376114074d28db8fbb5319cd31,relu,softmax,16,128,0.2,4.0,7.0,72810,4.862191031051597,1,0,0.9890000224113464,,,,,0.034841276705265045,,,,,0.9894444346427917,0.0004444122314453125,39.327,,,,,5.0,,,,,une ligne par configuration,1,1,39.327,,0.9890000224113464,0.9890000224113464,,0.03860672563314438,,True,True
73cc165a64__act_relu__f1_16__f2_128__dropout_0p4,sha256:73cc165a64ac7f7fde9f7e1cb0dc1402819adb376114074d28db8fbb5319cd31,relu,softmax,16,128,0.4,4.0,7.0,72810,4.862191031051597,1,0,0.9916999936103821,,,,,0.03289744630455971,,,,,0.9905555844306946,-0.0011444091796875,68.713,,,,,9.0,,,,,une ligne par configuration,1,1,68.713,,0.9916999936103821,0.9916999936103821,,0.03818316012620926,,True,True
73cc165a64__act_relu__f1_16__f2_128__dropout_0p6,sha256:73cc165a64ac7f7fde9f7e1cb0dc1402819adb376114074d28db8fbb5319cd31,relu,softmax,16,128,0.6,4.0,7.0,72810,4.862191031051597,1,0,0.9898999929428101,,,,,0.034063927829265594,,,,,0.9900000095367432,0.00010001659393310547,53.319,,,,,7.0,,,,,une ligne par configuration,1,1,53.319,,0.9898999929428101,0.9898999929428101,,0.03992781788110733,,True,True
73cc165a64__act_relu__f1_16__f2_128__dropout_0p8,sha256:73cc165a64ac7f7fde9f7e1cb0dc1402819adb376114074d28db8fbb5319cd31,relu,softmax,16,128,0.8,4.0,7.0,72810,4.862191031051597,1,0,0.991100013256073,,,,,0.03033950738608837,,,,,0.9913333058357239,0.0002332925796508789,82.34,,,,,11.0,,,,,une ligne par configuration,1,1,82.34,,0.991100013256073,0.991100013256073,,0.036923911422491074,,True,True
73cc165a64__act_relu__f1_32__f2_8__dropout_0,sha256:73cc165a64ac7f7fde9f7e1cb0dc1402819adb376114074d28db8fbb5319cd31,relu,softmax,32,8,0.0,5.0,3.0,8690,3.9390197764486663,1,0,0.9861999750137329,,,,,0.042479008436203,,,,,0.9877777695655823,0.0015777945518493652,58.565,,,,,10.0,,,,,une ligne par configuration,1,1,58.565,,0.9861999750137329,0.9861999750137329,,0.043421197682619095,,True,True
73cc165a64__act_relu__f1_32__f2_8__dropout_0p2,sha256:73cc165a64ac7f7fde9f7e1cb0dc1402819adb376114074d28db8fbb5319cd31,relu,softmax,32,8,0.2,5.0,3.0,8690,3.9390197764486663,1,0,0.9897000193595886,,,,,0.030639523640275,,,,,0.9885555505752563,-0.0011444687843322754,65.609,,,,,11.0,,,,,une ligne par configuration,1,1,65.609,,0.9897000193595886,0.9897000193595886,,0.03472952917218208,,True,True
73cc165a64__act_relu__f1_32__f2_8__dropout_0p4,sha256:73cc165a64ac7f7fde9f7e1cb0dc1402819adb376114074d28db8fbb5319cd31,relu,softmax,32,8,0.4,5.0,3.0,8690,3.9390197764486663,1,0,0.9879000186920166,,,,,0.038027044385671616,,,,,0.9871110916137695,-0.0007889270782470703,58.714,,,,,10.0,,,,,une ligne par configuration,1,1,58.714,,0.9879000186920166,0.9879000186920166,,0.040628015995025635,,True,True
73cc165a64__act_relu__f1_32__f2_8__dropout_0p6,sha256:73cc165a64ac7f7fde9f7e1cb0dc1402819adb376114074d28db8fbb5319cd31,relu,softmax,32,8,0.6,5.0,3.0,8690,3.9390197764486663,1,0,0.9868000149726868,,,,,0.04021022096276283,,,,,0.9869999885559082,0.00019997358322143555,53.0,,,,,9.0,,,,,une ligne par configuration,1,1,53.0,,0.9868000149726868,0.9868000149726868,,0.04275819659233093,,True,True
73cc165a64__act_relu__f1_32__f2_8__dropout_0p8,sha256:73cc165a64ac7f7fde9f7e1cb0dc1402819adb376114074d28db8fbb5319cd31,relu,softmax,32,8,0.8,5.0,3.0,8690,3.9390197764486663,1,0,0.98580002784729,,,,,0.047498878091573715,,,,,0.9845555424690247,-0.0012444853782653809,70.699,,,,,12.0,,,,,une ligne par configuration,1,1,70.699,,0.98580002784729,0.98580002784729,,0.0517285093665123,,True,True
73cc165a64__act_relu__f1_32__f2_16__dropout_0,sha256:73cc165a64ac7f7fde9f7e1cb0dc1402819adb376114074d28db8fbb5319cd31,relu,softmax,32,16,0.0,5.0,4.0,16410,4.2151085810530935,1,0,0.9891999959945679,,,,,0.0374140739440918,,,,,0.9865555763244629,-0.0026444196701049805,43.638,,,,,7.0,,,,,une ligne par configuration,1,1,43.638,,0.9891999959945679,0.9891999959945679,,0.042969029396772385,,True,True
73cc165a64__act_relu__f1_32__f2_16__dropout_0p2,sha256:73cc165a64ac7f7fde9f7e1cb0dc1402819adb376114074d28db8fbb5319cd31,relu,softmax,32,16,0.2,5.0,4.0,16410,4.2151085810530935,1,0,0.9904000163078308,,,,,0.02922748401761055,,,,,0.9898889064788818,-0.0005111098289489746,63.143,,,,,10.0,,,,,une ligne par configuration,1,1,63.143,,0.9904000163078308,0.9904000163078308,,0.03303483501076698,,True,True
73cc165a64__act_relu__f1_32__f2_16__dropout_0p4,sha256:73cc165a64ac7f7fde9f7e1cb0dc1402819adb376114074d28db8fbb5319cd31,relu,softmax,32,16,0.4,5.0,4.0,16410,4.2151085810530935,1,0,0.9882000088691711,,,,,0.03425722196698189,,,,,0.9905555844306946,0.0023555755615234375,43.576,,,,,7.0,,,,,une ligne par configuration,1,1,43.576,,0.9882000088691711,0.9882000088691711,,0.03589298948645592,,True,True
73cc165a64__act_relu__f1_32__f2_16__dropout_0p6,sha256:73cc165a64ac7f7fde9f7e1cb0dc1402819adb376114074d28db8fbb5319cd31,relu,softmax,32,16,0.6,5.0,4.0,16410,4.2151085810530935,1,0,0.9896000027656555,,,,,0.03194153681397438,,,,,0.9893333315849304,-0.00026667118072509766,74.036,,,,,12.0,,,,,une ligne par configuration,1,1,74.036,,0.9896000027656555,0.9896000027656555,,0.034480515867471695,,True,True
73cc165a64__act_relu__f1_32__f2_16__dropout_0p8,sha256:73cc165a64ac7f7fde9f7e1cb0dc1402819adb376114074d28db8fbb5319cd31,relu,softmax,32,16,0.8,5.0,4.0,16410,4.2151085810530935,1,0,0.9878000020980835,,,,,0.037123631685972214,,,,,0.987333357334137,-0.0004666447639465332,68.342,,,,,11.0,,,,,une ligne par configuration,1,1,68.342,,0.9878000020980835,0.9878000020980835,,0.043348487466573715,,True,True
73cc165a64__act_relu__f1_32__f2_32__dropout_0,sha256:73cc165a64ac7f7fde9f7e1cb0dc1402819adb376114074d28db8fbb5319cd31,relu,softmax,32,32,0.0,5.0,5.0,31850,4.5031094366713695,1,0,0.9894000291824341,,,,,0.035274382680654526,,,,,0.9893333315849304,-6.669759750366211e-05,41.756,,,,,6.0,,,,,une ligne par configuration,1,1,41.756,,0.9894000291824341,0.9894000291824341,,0.0386786162853241,,True,True
73cc165a64__act_relu__f1_32__f2_32__dropout_0p2,sha256:73cc165a64ac7f7fde9f7e1cb0dc1402819adb376114074d28db8fbb5319cd31,relu,softmax,32,32,0.2,5.0,5.0,31850,4.5031094366713695,1,0,0.9891999959945679,,,,,0.03186521306633949,,,,,0.9906666874885559,0.0014666914939880371,41.916,,,,,6.0,,,,,une ligne par configuration,1,1,41.916,,0.9891999959945679,0.9891999959945679,,0.034312885254621506,,True,True
73cc165a64__act_relu__f1_32__f2_32__dropout_0p4,sha256:73cc165a64ac7f7fde9f7e1cb0dc1402819adb376114074d28db8fbb5319cd31,relu,softmax,32,32,0.4,5.0,5.0,31850,4.5031094366713695,1,0,0.9915000200271606,,,,,0.027502436190843582,,,,,0.9907777905464172,-0.0007222294807434082,69.805,,,,,10.0,,,,,une ligne par configuration,1,1,69.805,,0.9915000200271606,0.9915000200271606,,0.02988329343497753,,True,True
73cc165a64__act_relu__f1_32__f2_32__dropout_0p6,sha256:73cc165a64ac7f7fde9f7e1cb0dc1402819adb376114074d28db8fbb5319cd31,relu,softmax,32,32,0.6,5.0,5.0,31850,4.5031094366713695,1,0,0.9912999868392944,,,,,0.025342093780636787,,,,,0.9903333187103271,-0.0009666681289672852,69.578,,,,,10.0,,,,,une ligne par configuration,1,1,69.578,,0.9912999868392944,0.9912999868392944,,0.03076726198196411,,True,True
73cc165a64__act_relu__f1_32__f2_32__dropout_0p8,sha256:73cc165a64ac7f7fde9f7e1cb0dc1402819adb376114074d28db8fbb5319cd31,relu,softmax,32,32,0.8,5.0,5.0,31850,4.5031094366713695,1,0,0.9901000261306763,,,,,0.029479095712304115,,,,,0.9894444346427917,-0.0006555914878845215,70.229,,,,,10.0,,,,,une ligne par configuration,1,1,70.229,,0.9901000261306763,0.9901000261306763,,0.03350282832980156,,True,True
73cc165a64__act_relu__f1_32__f2_64__dropout_0,sha256:73cc165a64ac7f7fde9f7e1cb0dc1402819adb376114074d28db8fbb5319cd31,relu,softmax,32,64,0.0,5.0,6.0,62730,4.797475287537334,1,0,0.9894000291824341,,,,,0.03665823116898537,,,,,0.988777756690979,-0.0006222724914550781,43.159,,,,,5.0,,,,,une ligne par configuration,1,1,43.159,,0.9894000291824341,0.9894000291824341,,0.04041427746415138,,True,True
73cc165a64__act_relu__f1_32__f2_64__dropout_0p2,sha256:73cc165a64ac7f7fde9f7e1cb0dc1402819adb376114074d28db8fbb5319cd31,relu,softmax,32,64,0.2,5.0,6.0,62730,4.797475287537334,1,0,0.9900000095367432,,,,,0.03217102959752083,,,,,0.9906666874885559,0.0006666779518127441,76.078,,,,,9.0,,,,,une ligne par configuration,1,1,76.078,,0.9900000095367432,0.9900000095367432,,0.0377105288207531,,True,True
73cc165a64__act_relu__f1_32__f2_64__dropout_0p4,sha256:73cc165a64ac7f7fde9f7e1cb0dc1402819adb376114074d28db8fbb5319cd31,relu,softmax,32,64,0.4,5.0,6.0,62730,4.797475287537334,1,0,0.9883000254631042,,,,,0.035595640540122986,,,,,0.9904444217681885,0.0021443963050842285,43.235,,,,,5.0,,,,,une ligne par configuration,1,1,43.235,,0.9883000254631042,0.9883000254631042,,0.034484341740608215,,True,True
73cc165a64__act_relu__f1_32__f2_64__dropout_0p6,sha256:73cc165a64ac7f7fde9f7e1cb0dc1402819adb376114074d28db8fbb5319cd31,relu,softmax,32,64,0.6,5.0,6.0,62730,4.797475287537334,1,0,0.991100013256073,,,,,0.02761264704167843,,,,,0.9911110997200012,1.1086463928222656e-05,74.948,,,,,9.0,,,,,une ligne par configuration,1,1,74.948,,0.991100013256073,0.991100013256073,,0.03274983912706375,,True,True
73cc165a64__act_relu__f1_32__f2_64__dropout_0p8,sha256:73cc165a64ac7f7fde9f7e1cb0dc1402819adb376114074d28db8fbb5319cd31,relu,softmax,32,64,0.8,5.0,6.0,62730,4.797475287537334,1,0,0.9914000034332275,,,,,0.025433119386434555,,,,,0.9907777905464172,-0.0006222128868103027,83.094,,,,,10.0,,,,,une ligne par configuration,1,1,83.094,,0.9914000034332275,0.9914000034332275,,0.033330146223306656,,True,True
73cc165a64__act_relu__f1_32__f2_128__dropout_0,sha256:73cc165a64ac7f7fde9f7e1cb0dc1402819adb376114074d28db8fbb5319cd31,relu,softmax,32,128,0.0,5.0,7.0,124490,5.095134466939837,1,0,0.9843000173568726,,,,,0.04830298572778702,,,,,0.9834444522857666,-0.000855565071105957,44.789,,,,,4.0,,,,,une ligne par configuration,1,1,44.789,,0.9843000173568726,0.9843000173568726,,0.054820701479911804,,True,True
73cc165a64__act_relu__f1_32__f2_128__dropout_0p2,sha256:73cc165a64ac7f7fde9f7e1cb0dc1402819adb376114074d28db8fbb5319cd31,relu,softmax,32,128,0.2,5.0,7.0,124490,5.095134466939837,1,0,0.989799976348877,,,,,0.03952150046825409,,,,,0.9893333315849304,-0.0004666447639465332,66.225,,,,,6.0,,,,,une ligne par configuration,1,1,66.225,,0.989799976348877,0.989799976348877,,0.04385065659880638,,True,True
73cc165a64__act_relu__f1_32__f2_128__dropout_0p4,sha256:73cc165a64ac7f7fde9f7e1cb0dc1402819adb376114074d28db8fbb5319cd31,relu,softmax,32,128,0.4,5.0,7.0,124490,5.095134466939837,1,0,0.9916999936103821,,,,,0.031844478100538254,,,,,0.9903333187103271,-0.0013666749000549316,66.851,,,,,6.0,,,,,une ligne par configuration,1,1,66.851,,0.9916999936103821,0.9916999936103821,,0.03594831004738808,,True,True
73cc165a64__act_relu__f1_32__f2_128__dropout_0p6,sha256:73cc165a64ac7f7fde9f7e1cb0dc1402819adb376114074d28db8fbb5319cd31,relu,softmax,32,128,0.6,5.0,7.0,124490,5.095134466939837,1,0,0.9914000034332275,,,,,0.027903635054826736,,,,,0.9912222027778625,-0.00017780065536499023,66.062,,,,,6.0,,,,,une ligne par configuration,1,1,66.062,,0.9914000034332275,0.9914000034332275,,0.03315802663564682,,True,True
73cc165a64__act_relu__f1_32__f2_128__dropout_0p8,sha256:73cc165a64ac7f7fde9f7e1cb0dc1402819adb376114074d28db8fbb5319cd31,relu,softmax,32,128,0.8,5.0,7.0,124490,5.095134466939837,1,0,0.9894999861717224,,,,,0.035206858068704605,,,,,0.9903333187103271,0.0008333325386047363,77.18,,,,,7.0,,,,,une ligne par configuration,1,1,77.18,,0.9894999861717224,0.9894999861717224,,0.03755439072847366,,True,True
73cc165a64__act_relu__f1_64__f2_8__dropout_0,sha256:73cc165a64ac7f7fde9f7e1cb0dc1402819adb376114074d28db8fbb5319cd31,relu,softmax,64,8,0.0,6.0,3.0,16050,4.205475036740891,1,0,0.9833999872207642,,,,,0.04820959270000458,,,,,0.9833333492279053,-6.663799285888672e-05,61.966,,,,,6.0,,,,,une ligne par configuration,1,1,61.966,,0.9833999872207642,0.9833999872207642,,0.052709177136421204,,True,True
73cc165a64__act_relu__f1_64__f2_8__dropout_0p2,sha256:73cc165a64ac7f7fde9f7e1cb0dc1402819adb376114074d28db8fbb5319cd31,relu,softmax,64,8,0.2,6.0,3.0,16050,4.205475036740891,1,0,0.9891999959945679,,,,,0.03559655696153641,,,,,0.987333357334137,-0.0018666386604309082,62.947,,,,,6.0,,,,,une ligne par configuration,1,1,62.947,,0.9891999959945679,0.9891999959945679,,0.03903871774673462,,True,True
73cc165a64__act_relu__f1_64__f2_8__dropout_0p4,sha256:73cc165a64ac7f7fde9f7e1cb0dc1402819adb376114074d28db8fbb5319cd31,relu,softmax,64,8,0.4,6.0,3.0,16050,4.205475036740891,1,0,0.988099992275238,,,,,0.035040877759456635,,,,,0.9883333444595337,0.0002333521842956543,91.704,,,,,9.0,,,,,une ligne par configuration,1,1,91.704,,0.988099992275238,0.988099992275238,,0.03711777180433273,,True,True
73cc165a64__act_relu__f1_64__f2_8__dropout_0p6,sha256:73cc165a64ac7f7fde9f7e1cb0dc1402819adb376114074d28db8fbb5319cd31,relu,softmax,64,8,0.6,6.0,3.0,16050,4.205475036740891,1,0,0.9904999732971191,,,,,0.030450351536273956,,,,,0.9890000224113464,-0.001499950885772705,131.099,,,,,13.0,,,,,une ligne par configuration,1,1,131.099,,0.9904999732971191,0.9904999732971191,,0.035513587296009064,,True,True
73cc165a64__act_relu__f1_64__f2_8__dropout_0p8,sha256:73cc165a64ac7f7fde9f7e1cb0dc1402819adb376114074d28db8fbb5319cd31,relu,softmax,64,8,0.8,6.0,3.0,16050,4.205475036740891,1,0,0.9851999878883362,,,,,0.05058455094695091,,,,,0.9834444522857666,-0.00175553560256958,91.714,,,,,9.0,,,,,une ligne par configuration,1,1,91.714,,0.9851999878883362,0.9851999878883362,,0.05573349446058273,,True,True
73cc165a64__act_relu__f1_64__f2_16__dropout_0,sha256:73cc165a64ac7f7fde9f7e1cb0dc1402819adb376114074d28db8fbb5319cd31,relu,softmax,64,16,0.0,6.0,4.0,30170,4.4795753101749884,1,0,0.9879999756813049,,,,,0.03757923096418381,,,,,0.988777756690979,0.0007777810096740723,55.281,,,,,5.0,,,,,une ligne par configuration,1,1,55.281,,0.9879999756813049,0.9879999756813049,,0.04195094108581543,,True,True
73cc165a64__act_relu__f1_64__f2_16__dropout_0p2,sha256:73cc165a64ac7f7fde9f7e1cb0dc1402819adb376114074d28db8fbb5319cd31,relu,softmax,64,16,0.2,6.0,4.0,30170,4.4795753101749884,1,0,0.9905999898910522,,,,,0.028448110446333885,,,,,0.9893333315849304,-0.0012666583061218262,75.319,,,,,7.0,,,,,une ligne par configuration,1,1,75.319,,0.9905999898910522,0.9905999898910522,,0.037359170615673065,,True,True
73cc165a64__act_relu__f1_64__f2_16__dropout_0p4,sha256:73cc165a64ac7f7fde9f7e1cb0dc1402819adb376114074d28db8fbb5319cd31,relu,softmax,64,16,0.4,6.0,4.0,30170,4.4795753101749884,1,0,0.991100013256073,,,,,0.02754228562116623,,,,,0.9898889064788818,-0.0012111067771911621,106.706,,,,,10.0,,,,,une ligne par configuration,1,1,106.706,,0.991100013256073,0.991100013256073,,0.03276297450065613,,True,True
73cc165a64__act_relu__f1_64__f2_16__dropout_0p6,sha256:73cc165a64ac7f7fde9f7e1cb0dc1402819adb376114074d28db8fbb5319cd31,relu,softmax,64,16,0.6,6.0,4.0,30170,4.4795753101749884,1,0,0.9887999892234802,,,,,0.032685261219739914,,,,,0.9895555377006531,0.0007555484771728516,74.854,,,,,7.0,,,,,une ligne par configuration,1,1,74.854,,0.9887999892234802,0.9887999892234802,,0.03564545512199402,,True,True
73cc165a64__act_relu__f1_64__f2_16__dropout_0p8,sha256:73cc165a64ac7f7fde9f7e1cb0dc1402819adb376114074d28db8fbb5319cd31,relu,softmax,64,16,0.8,6.0,4.0,30170,4.4795753101749884,1,0,0.989300012588501,,,,,0.03392425552010536,,,,,0.9888888597488403,-0.00041115283966064453,136.038,,,,,13.0,,,,,une ligne par configuration,1,1,136.038,,0.989300012588501,0.989300012588501,,0.03653177618980408,,True,True
73cc165a64__act_relu__f1_64__f2_32__dropout_0,sha256:73cc165a64ac7f7fde9f7e1cb0dc1402819adb376114074d28db8fbb5319cd31,relu,softmax,64,32,0.0,6.0,5.0,58410,4.766487206239694,1,0,0.988099992275238,,,,,0.03658753260970116,,,,,0.9869999885559082,-0.001100003719329834,59.611,,,,,5.0,,,,,une ligne par configuration,1,1,59.611,,0.988099992275238,0.988099992275238,,0.04284217208623886,,True,True
73cc165a64__act_relu__f1_64__f2_32__dropout_0p2,sha256:73cc165a64ac7f7fde9f7e1cb0dc1402819adb376114074d28db8fbb5319cd31,relu,softmax,64,32,0.2,6.0,5.0,58410,4.766487206239694,1,0,0.991100013256073,,,,,0.030914517119526863,,,,,0.9907777905464172,-0.0003222227096557617,104.198,,,,,9.0,,,,,une ligne par configuration,1,1,104.198,,0.991100013256073,0.991100013256073,,0.035374339669942856,,True,True
73cc165a64__act_relu__f1_64__f2_32__dropout_0p4,sha256:73cc165a64ac7f7fde9f7e1cb0dc1402819adb376114074d28db8fbb5319cd31,relu,softmax,64,32,0.4,6.0,5.0,58410,4.766487206239694,1,0,0.9919999837875366,,,,,0.02556818723678589,,,,,0.9907777905464172,-0.0012221932411193848,104.287,,,,,9.0,,,,,une ligne par configuration,1,1,104.287,,0.9919999837875366,0.9919999837875366,,0.03233187645673752,,True,True
73cc165a64__act_relu__f1_64__f2_32__dropout_0p6,sha256:73cc165a64ac7f7fde9f7e1cb0dc1402819adb376114074d28db8fbb5319cd31,relu,softmax,64,32,0.6,6.0,5.0,58410,4.766487206239694,1,0,0.9915000200271606,,,,,0.023289131000638008,,,,,0.9907777905464172,-0.0007222294807434082,116.172,,,,,10.0,,,,,une ligne par configuration,1,1,116.172,,0.9915000200271606,0.9915000200271606,,0.03000170923769474,,True,True
73cc165a64__act_relu__f1_64__f2_32__dropout_0p8,sha256:73cc165a64ac7f7fde9f7e1cb0dc1402819adb376114074d28db8fbb5319cd31,relu,softmax,64,32,0.8,6.0,5.0,58410,4.766487206239694,1,0,0.9884999990463257,,,,,0.03441165015101433,,,,,0.9879999756813049,-0.000500023365020752,70.826,,,,,6.0,,,,,une ligne par configuration,1,1,70.826,,0.9884999990463257,0.9884999990463257,,0.040043383836746216,,True,True
73cc165a64__act_relu__f1_64__f2_64__dropout_0,sha256:73cc165a64ac7f7fde9f7e1cb0dc1402819adb376114074d28db8fbb5319cd31,relu,softmax,64,64,0.0,6.0,6.0,114890,5.060282229438346,1,0,0.987500011920929,,,,,0.038130927830934525,,,,,0.988111138343811,0.0006111264228820801,57.857,,,,,4.0,,,,,une ligne par configuration,1,1,57.857,,0.987500011920929,0.987500011920929,,0.0395868718624115,,True,True
73cc165a64__act_relu__f1_64__f2_64__dropout_0p2,sha256:73cc165a64ac7f7fde9f7e1cb0dc1402819adb376114074d28db8fbb5319cd31,relu,softmax,64,64,0.2,6.0,6.0,114890,5.060282229438346,1,0,0.9896000027656555,,,,,0.03354571387171745,,,,,0.9878888726234436,-0.001711130142211914,59.013,,,,,4.0,,,,,une ligne par configuration,1,1,59.013,,0.9896000027656555,0.9896000027656555,,0.03787323832511902,,True,True
73cc165a64__act_relu__f1_64__f2_64__dropout_0p4,sha256:73cc165a64ac7f7fde9f7e1cb0dc1402819adb376114074d28db8fbb5319cd31,relu,softmax,64,64,0.4,6.0,6.0,114890,5.060282229438346,1,0,0.9923999905586243,,,,,0.02867978811264038,,,,,0.991777777671814,-0.0006222128868103027,141.61,,,,,10.0,,,,,une ligne par configuration,1,1,141.61,,0.9923999905586243,0.9923999905586243,,0.031744953244924545,,True,True
73cc165a64__act_relu__f1_64__f2_64__dropout_0p6,sha256:73cc165a64ac7f7fde9f7e1cb0dc1402819adb376114074d28db8fbb5319cd31,relu,softmax,64,64,0.6,6.0,6.0,114890,5.060282229438346,1,0,0.993399977684021,,,,,0.022961409762501717,,,,,0.992111086845398,-0.0012888908386230469,184.271,,,,,13.0,,,,,une ligne par configuration,1,1,184.271,,0.993399977684021,0.993399977684021,,0.027606146410107613,,True,True
73cc165a64__act_relu__f1_64__f2_64__dropout_0p8,sha256:73cc165a64ac7f7fde9f7e1cb0dc1402819adb376114074d28db8fbb5319cd31,relu,softmax,64,64,0.8,6.0,6.0,114890,5.060282229438346,1,0,0.9919999837875366,,,,,0.02461671270430088,,,,,0.9905555844306946,-0.001444399356842041,240.263,,,,,17.0,,,,,une ligne par configuration,1,1,240.263,,0.9919999837875366,0.9919999837875366,,0.027404747903347015,,True,True
73cc165a64__act_relu__f1_64__f2_128__dropout_0,sha256:73cc165a64ac7f7fde9f7e1cb0dc1402819adb376114074d28db8fbb5319cd31,relu,softmax,64,128,0.0,6.0,7.0,227850,5.357649032918467,1,0,0.989300012588501,,,,,0.0374680794775486,,,,,0.9885555505752563,-0.0007444620132446289,94.678,,,,,5.0,,,,,une ligne par configuration,1,1,94.678,,0.989300012588501,0.989300012588501,,0.04683598503470421,,True,True
73cc165a64__act_relu__f1_64__f2_128__dropout_0p2,sha256:73cc165a64ac7f7fde9f7e1cb0dc1402819adb376114074d28db8fbb5319cd31,relu,softmax,64,128,0.2,6.0,7.0,227850,5.357649032918467,1,0,0.9890999794006348,,,,,0.03642743453383446,,,,,0.987666666507721,-0.0014333128929138184,76.636,,,,,4.0,,,,,une ligne par configuration,1,1,76.636,,0.9890999794006348,0.9890999794006348,,0.04070863500237465,,True,True
73cc165a64__act_relu__f1_64__f2_128__dropout_0p4,sha256:73cc165a64ac7f7fde9f7e1cb0dc1402819adb376114074d28db8fbb5319cd31,relu,softmax,64,128,0.4,6.0,7.0,227850,5.357649032918467,1,0,0.9902999997138977,,,,,0.033297210931777954,,,,,0.9906666874885559,0.0003666877746582031,130.83,,,,,7.0,,,,,une ligne par configuration,1,1,130.83,,0.9902999997138977,0.9902999997138977,,0.03811752796173096,,True,True
73cc165a64__act_relu__f1_64__f2_128__dropout_0p6,sha256:73cc165a64ac7f7fde9f7e1cb0dc1402819adb376114074d28db8fbb5319cd31,relu,softmax,64,128,0.6,6.0,7.0,227850,5.357649032918467,1,0,0.9929999709129333,,,,,0.02400757372379303,,,,,0.9912222027778625,-0.0017777681350708008,186.471,,,,,10.0,,,,,une ligne par configuration,1,1,186.471,,0.9929999709129333,0.9929999709129333,,0.035777218639850616,,True,True
73cc165a64__act_relu__f1_64__f2_128__dropout_0p8,sha256:73cc165a64ac7f7fde9f7e1cb0dc1402819adb376114074d28db8fbb5319cd31,relu,softmax,64,128,0.8,6.0,7.0,227850,5.357649032918467,1,0,0.9894999861717224,,,,,0.03483505919575691,,,,,0.9888888597488403,-0.0006111264228820801,112.874,,,,,6.0,,,,,une ligne par configuration,1,1,112.874,,0.9894999861717224,0.9894999861717224,,0.04258561134338379,,True,True
73cc165a64__act_relu__f1_128__f2_8__dropout_0,sha256:73cc165a64ac7f7fde9f7e1cb0dc1402819adb376114074d28db8fbb5319cd31,relu,softmax,128,8,0.0,7.0,3.0,30770,4.488127496247459,1,0,0.9883999824523926,,,,,0.03810621425509453,,,,,0.9872221946716309,-0.0011777877807617188,141.574,,,,,7.0,,,,,une ligne par configuration,1,1,141.574,,0.9883999824523926,0.9883999824523926,,0.042215991765260696,,True,True
73cc165a64__act_relu__f1_128__f2_8__dropout_0p2,sha256:73cc165a64ac7f7fde9f7e1cb0dc1402819adb376114074d28db8fbb5319cd31,relu,softmax,128,8,0.2,7.0,3.0,30770,4.488127496247459,1,0,0.9901999831199646,,,,,0.02998560480773449,,,,,0.9907777905464172,0.0005778074264526367,218.499,,,,,11.0,,,,,une ligne par configuration,1,1,218.499,,0.9901999831199646,0.9901999831199646,,0.03244619071483612,,True,True
73cc165a64__act_relu__f1_128__f2_8__dropout_0p4,sha256:73cc165a64ac7f7fde9f7e1cb0dc1402819adb376114074d28db8fbb5319cd31,relu,softmax,128,8,0.4,7.0,3.0,30770,4.488127496247459,1,0,0.9905999898910522,,,,,0.027887573465704918,,,,,0.9911110997200012,0.0005111098289489746,298.826,,,,,15.0,,,,,une ligne par configuration,1,1,298.826,,0.9905999898910522,0.9905999898910522,,0.03111155517399311,,True,True
73cc165a64__act_relu__f1_128__f2_8__dropout_0p6,sha256:73cc165a64ac7f7fde9f7e1cb0dc1402819adb376114074d28db8fbb5319cd31,relu,softmax,128,8,0.6,7.0,3.0,30770,4.488127496247459,1,0,0.9911999702453613,,,,,0.02878410555422306,,,,,0.9911110997200012,-8.887052536010742e-05,241.605,,,,,12.0,,,,,une ligne par configuration,1,1,241.605,,0.9911999702453613,0.9911999702453613,,0.03226137161254883,,True,True
73cc165a64__act_relu__f1_128__f2_8__dropout_0p8,sha256:73cc165a64ac7f7fde9f7e1cb0dc1402819adb376114074d28db8fbb5319cd31,relu,softmax,128,8,0.8,7.0,3.0,30770,4.488127496247459,1,0,0.9861000180244446,,,,,0.043463531881570816,,,,,0.9861111044883728,1.1086463928222656e-05,207.214,,,,,10.0,,,,,une ligne par configuration,1,1,207.214,,0.9861000180244446,0.9861000180244446,,0.04577028006315231,,True,True
73cc165a64__act_relu__f1_128__f2_16__dropout_0,sha256:73cc165a64ac7f7fde9f7e1cb0dc1402819adb376114074d28db8fbb5319cd31,relu,softmax,128,16,0.0,7.0,4.0,57690,4.761100538958142,1,0,0.9871000051498413,,,,,0.04029088839888573,,,,,0.9878888726234436,0.0007888674736022949,121.917,,,,,6.0,,,,,une ligne par configuration,1,1,121.917,,0.9871000051498413,0.9871000051498413,,0.04021826013922691,,True,True
73cc165a64__act_relu__f1_128__f2_16__dropout_0p2,sha256:73cc165a64ac7f7fde9f7e1cb0dc1402819adb376114074d28db8fbb5319cd31,relu,softmax,128,16,0.2,7.0,4.0,57690,4.761100538958142,1,0,0.9897000193595886,,,,,0.029767392203211784,,,,,0.9897778034210205,7.778406143188477e-05,162.067,,,,,8.0,,,,,une ligne par configuration,1,1,162.067,,0.9897000193595886,0.9897000193595886,,0.03448440507054329,,True,True
73cc165a64__act_relu__f1_128__f2_16__dropout_0p4,sha256:73cc165a64ac7f7fde9f7e1cb0dc1402819adb376114074d28db8fbb5319cd31,relu,softmax,128,16,0.4,7.0,4.0,57690,4.761100538958142,1,0,0.9871000051498413,,,,,0.042934104800224304,,,,,0.9869999885559082,-0.00010001659393310547,103.223,,,,,5.0,,,,,une ligne par configuration,1,1,103.223,,0.9871000051498413,0.9871000051498413,,0.04165900498628616,,True,True
73cc165a64__act_relu__f1_128__f2_16__dropout_0p6,sha256:73cc165a64ac7f7fde9f7e1cb0dc1402819adb376114074d28db8fbb5319cd31,relu,softmax,128,16,0.6,7.0,4.0,57690,4.761100538958142,1,0,0.9908999800682068,,,,,0.027374310418963432,,,,,0.9912222027778625,0.0003222227096557617,201.736,,,,,10.0,,,,,une ligne par configuration,1,1,201.736,,0.9908999800682068,0.9908999800682068,,0.02931801974773407,,True,True
73cc165a64__act_relu__f1_128__f2_16__dropout_0p8,sha256:73cc165a64ac7f7fde9f7e1cb0dc1402819adb376114074d28db8fbb5319cd31,relu,softmax,128,16,0.8,7.0,4.0,57690,4.761100538958142,1,0,0.9854000210762024,,,,,0.04387678951025009,,,,,0.9856666922569275,0.00026667118072509766,122.969,,,,,6.0,,,,,une ligne par configuration,1,1,122.969,,0.9854000210762024,0.9854000210762024,,0.04670282453298569,,True,True
73cc165a64__act_relu__f1_128__f2_32__dropout_0,sha256:73cc165a64ac7f7fde9f7e1cb0dc1402819adb376114074d28db8fbb5319cd31,relu,softmax,128,32,0.0,7.0,5.0,111530,5.047391702200444,1,0,0.9873999953269958,,,,,0.04107441008090973,,,,,0.9885555505752563,0.001155555248260498,111.784,,,,,5.0,,,,,une ligne par configuration,1,1,111.784,,0.9873999953269958,0.9873999953269958,,0.04268849268555641,,True,True
73cc165a64__act_relu__f1_128__f2_32__dropout_0p2,sha256:73cc165a64ac7f7fde9f7e1cb0dc1402819adb376114074d28db8fbb5319cd31,relu,softmax,128,32,0.2,7.0,5.0,111530,5.047391702200444,1,0,0.9904999732971191,,,,,0.029005471616983414,,,,,0.9909999966621399,0.000500023365020752,155.179,,,,,7.0,,,,,une ligne par configuration,1,1,155.179,,0.9904999732971191,0.9904999732971191,,0.03244447335600853,,True,True
73cc165a64__act_relu__f1_128__f2_32__dropout_0p4,sha256:73cc165a64ac7f7fde9f7e1cb0dc1402819adb376114074d28db8fbb5319cd31,relu,softmax,128,32,0.4,7.0,5.0,111530,5.047391702200444,1,0,0.991599977016449,,,,,0.02503713220357895,,,,,0.9918888807296753,0.00028890371322631836,176.387,,,,,8.0,,,,,une ligne par configuration,1,1,176.387,,0.991599977016449,0.991599977016449,,0.03037605807185173,,True,True
73cc165a64__act_relu__f1_128__f2_32__dropout_0p6,sha256:73cc165a64ac7f7fde9f7e1cb0dc1402819adb376114074d28db8fbb5319cd31,relu,softmax,128,32,0.6,7.0,5.0,111530,5.047391702200444,1,0,0.9902999997138977,,,,,0.02763555943965912,,,,,0.99144446849823,0.0011444687843322754,135.58,,,,,6.0,,,,,une ligne par configuration,1,1,135.58,,0.9902999997138977,0.9902999997138977,,0.03189811855554581,,True,True
73cc165a64__act_relu__f1_128__f2_32__dropout_0p8,sha256:73cc165a64ac7f7fde9f7e1cb0dc1402819adb376114074d28db8fbb5319cd31,relu,softmax,128,32,0.8,7.0,5.0,111530,5.047391702200444,1,0,0.9927999973297119,,,,,0.023310253396630287,,,,,0.9905555844306946,-0.002244412899017334,357.341,,,,,16.0,,,,,une ligne par configuration,1,1,357.341,,0.9927999973297119,0.9927999973297119,,0.029151825234293938,,True,True
73cc165a64__act_relu__f1_128__f2_64__dropout_0,sha256:73cc165a64ac7f7fde9f7e1cb0dc1402819adb376114074d28db8fbb5319cd31,relu,softmax,128,64,0.0,7.0,6.0,219210,5.34086036206488,1,0,0.9894000291824341,,,,,0.03384776785969734,,,,,0.9886666536331177,-0.0007333755493164062,132.266,,,,,5.0,,,,,une ligne par configuration,1,1,132.266,,0.9894000291824341,0.9894000291824341,,0.041237398982048035,,True,True
73cc165a64__act_relu__f1_128__f2_64__dropout_0p2,sha256:73cc165a64ac7f7fde9f7e1cb0dc1402819adb376114074d28db8fbb5319cd31,relu,softmax,128,64,0.2,7.0,6.0,219210,5.34086036206488,1,0,0.9887999892234802,,,,,0.036302823573350906,,,,,0.9885555505752563,-0.00024443864822387695,106.999,,,,,4.0,,,,,une ligne par configuration,1,1,106.999,,0.9887999892234802,0.9887999892234802,,0.0389539934694767,,True,True
73cc165a64__act_relu__f1_128__f2_64__dropout_0p4,sha256:73cc165a64ac7f7fde9f7e1cb0dc1402819adb376114074d28db8fbb5319cd31,relu,softmax,128,64,0.4,7.0,6.0,219210,5.34086036206488,1,0,0.9925000071525574,,,,,0.025205399841070175,,,,,0.992111086845398,-0.00038892030715942383,211.461,,,,,8.0,,,,,une ligne par configuration,1,1,211.461,,0.9925000071525574,0.9925000071525574,,0.029665153473615646,,True,True
73cc165a64__act_relu__f1_128__f2_64__dropout_0p6,sha256:73cc165a64ac7f7fde9f7e1cb0dc1402819adb376114074d28db8fbb5319cd31,relu,softmax,128,64,0.6,7.0,6.0,219210,5.34086036206488,1,0,0.9916999936103821,,,,,0.023829566314816475,,,,,0.9915555715560913,-0.00014442205429077148,185.88,,,,,7.0,,,,,une ligne par configuration,1,1,185.88,,0.9916999936103821,0.9916999936103821,,0.030531145632267,,True,True
73cc165a64__act_relu__f1_128__f2_64__dropout_0p8,sha256:73cc165a64ac7f7fde9f7e1cb0dc1402819adb376114074d28db8fbb5319cd31,relu,softmax,128,64,0.8,7.0,6.0,219210,5.34086036206488,1,0,0.9890999794006348,,,,,0.03169778361916542,,,,,0.9901111125946045,0.0010111331939697266,133.558,,,,,5.0,,,,,une ligne par configuration,1,1,133.558,,0.9890999794006348,0.9890999794006348,,0.037177253514528275,,True,True
73cc165a64__act_relu__f1_128__f2_128__dropout_0,sha256:73cc165a64ac7f7fde9f7e1cb0dc1402819adb376114074d28db8fbb5319cd31,relu,softmax,128,128,0.0,7.0,7.0,434570,5.638059742039357,1,0,0.9876000285148621,,,,,0.04535060375928879,,,,,0.988444447517395,0.000844419002532959,285.889,,,,,8.0,,,,,une ligne par configuration,1,1,285.889,,0.9876000285148621,0.9876000285148621,,0.04872286692261696,,True,True
73cc165a64__act_relu__f1_128__f2_128__dropout_0p2,sha256:73cc165a64ac7f7fde9f7e1cb0dc1402819adb376114074d28db8fbb5319cd31,relu,softmax,128,128,0.2,7.0,7.0,434570,5.638059742039357,1,0,0.989799976348877,,,,,0.03668384626507759,,,,,0.988444447517395,-0.0013555288314819336,180.81,,,,,5.0,,,,,une ligne par configuration,1,1,180.81,,0.989799976348877,0.989799976348877,,0.041974931955337524,,True,True
73cc165a64__act_relu__f1_128__f2_128__dropout_0p4,sha256:73cc165a64ac7f7fde9f7e1cb0dc1402819adb376114074d28db8fbb5319cd31,relu,softmax,128,128,0.4,7.0,7.0,434570,5.638059742039357,1,0,0.9887999892234802,,,,,0.03719167038798332,,,,,0.9893333315849304,0.0005333423614501953,146.899,,,,,4.0,,,,,une ligne par configuration,1,1,146.899,,0.9887999892234802,0.9887999892234802,,0.03754532337188721,,True,True
73cc165a64__act_relu__f1_128__f2_128__dropout_0p6,sha256:73cc165a64ac7f7fde9f7e1cb0dc1402819adb376114074d28db8fbb5319cd31,relu,softmax,128,128,0.6,7.0,7.0,434570,5.638059742039357,1,0,0.991100013256073,,,,,0.03043397143483162,,,,,0.9906666874885559,-0.00043332576751708984,292.464,,,,,8.0,,,,,une ligne par configuration,1,1,292.464,,0.991100013256073,0.991100013256073,,0.03630128130316734,,True,True
73cc165a64__act_relu__f1_128__f2_128__dropout_0p8,sha256:73cc165a64ac7f7fde9f7e1cb0dc1402819adb376114074d28db8fbb5319cd31,relu,softmax,128,128,0.8,7.0,7.0,434570,5.638059742039357,1,0,0.9882000088691711,,,,,0.042263664305210114,,,,,0.9877777695655823,-0.0004222393035888672,145.259,,,,,4.0,,,,,une ligne par configuration,1,1,145.259,,0.9882000088691711,0.9882000088691711,,0.049310535192489624,,True,True
73cc165a64__act_softmax__f1_4__f2_8__dropout_0,sha256:73cc165a64ac7f7fde9f7e1cb0dc1402819adb376114074d28db8fbb5319cd31,softmax,softmax,4,8,0.0,2.0,3.0,2250,3.3521825181113627,1,0,0.9836000204086304,,,,,0.05281767621636391,,,,,0.9836666584014893,6.663799285888672e-05,70.568,,,,,20.0,,,,,une ligne par configuration,1,1,70.568,,0.9836000204086304,0.9836000204086304,,0.05603773519396782,,True,True
73cc165a64__act_softmax__f1_4__f2_8__dropout_0p2,sha256:73cc165a64ac7f7fde9f7e1cb0dc1402819adb376114074d28db8fbb5319cd31,softmax,softmax,4,8,0.2,2.0,3.0,2250,3.3521825181113627,1,0,0.9861000180244446,,,,,0.04005476459860802,,,,,0.9867777824401855,0.0006777644157409668,60.397,,,,,20.0,,,,,une ligne par configuration,1,1,60.397,,0.9861000180244446,0.9861000180244446,,0.04732247069478035,,True,True
73cc165a64__act_softmax__f1_4__f2_8__dropout_0p4,sha256:73cc165a64ac7f7fde9f7e1cb0dc1402819adb376114074d28db8fbb5319cd31,softmax,softmax,4,8,0.4,2.0,3.0,2250,3.3521825181113627,1,0,0.9843999743461609,,,,,0.04859577491879463,,,,,0.984000027179718,-0.0003999471664428711,52.697,,,,,18.0,,,,,une ligne par configuration,1,1,52.697,,0.9843999743461609,0.9843999743461609,,0.05494267866015434,,True,True
73cc165a64__act_softmax__f1_4__f2_8__dropout_0p6,sha256:73cc165a64ac7f7fde9f7e1cb0dc1402819adb376114074d28db8fbb5319cd31,softmax,softmax,4,8,0.6,2.0,3.0,2250,3.3521825181113627,1,0,0.9793999791145325,,,,,0.0658019632101059,,,,,0.9795555472373962,0.00015556812286376953,47.46,,,,,16.0,,,,,une ligne par configuration,1,1,47.46,,0.9793999791145325,0.9793999791145325,,0.07047457993030548,,True,True
73cc165a64__act_softmax__f1_4__f2_8__dropout_0p8,sha256:73cc165a64ac7f7fde9f7e1cb0dc1402819adb376114074d28db8fbb5319cd31,softmax,softmax,4,8,0.8,2.0,3.0,2250,3.3521825181113627,1,0,0.9707000255584717,,,,,0.09700267761945724,,,,,0.9702222347259521,-0.00047779083251953125,70.292,,,,,20.0,,,,,une ligne par configuration,1,1,70.292,,0.9707000255584717,0.9707000255584717,,0.10578469932079315,,True,True
73cc165a64__act_softmax__f1_4__f2_16__dropout_0,sha256:73cc165a64ac7f7fde9f7e1cb0dc1402819adb376114074d28db8fbb5319cd31,softmax,softmax,4,16,0.0,2.0,4.0,4370,3.640481436970422,1,0,0.9829000234603882,,,,,0.047800950706005096,,,,,0.9836666584014893,0.0007666349411010742,32.679,,,,,10.0,,,,,une ligne par configuration,1,1,32.679,,0.9829000234603882,0.9829000234603882,,0.05190134048461914,,True,True
73cc165a64__act_softmax__f1_4__f2_16__dropout_0p2,sha256:73cc165a64ac7f7fde9f7e1cb0dc1402819adb376114074d28db8fbb5319cd31,softmax,softmax,4,16,0.2,2.0,4.0,4370,3.640481436970422,1,0,0.9868999719619751,,,,,0.03737380728125572,,,,,0.9875555634498596,0.0006555914878845215,51.07,,,,,16.0,,,,,une ligne par configuration,1,1,51.07,,0.9868999719619751,0.9868999719619751,,0.04695260152220726,,True,True
73cc165a64__act_softmax__f1_4__f2_16__dropout_0p4,sha256:73cc165a64ac7f7fde9f7e1cb0dc1402819adb376114074d28db8fbb5319cd31,softmax,softmax,4,16,0.4,2.0,4.0,4370,3.640481436970422,1,0,0.9872000217437744,,,,,0.037972815334796906,,,,,0.9864444732666016,-0.0007555484771728516,45.108,,,,,14.0,,,,,une ligne par configuration,1,1,45.108,,0.9872000217437744,0.9872000217437744,,0.04502055421471596,,True,True
73cc165a64__act_softmax__f1_4__f2_16__dropout_0p6,sha256:73cc165a64ac7f7fde9f7e1cb0dc1402819adb376114074d28db8fbb5319cd31,softmax,softmax,4,16,0.6,2.0,4.0,4370,3.640481436970422,1,0,0.987500011920929,,,,,0.038692131638526917,,,,,0.9867777824401855,-0.0007222294807434082,57.437,,,,,18.0,,,,,une ligne par configuration,1,1,57.437,,0.987500011920929,0.987500011920929,,0.04496442899107933,,True,True
73cc165a64__act_softmax__f1_4__f2_16__dropout_0p8,sha256:73cc165a64ac7f7fde9f7e1cb0dc1402819adb376114074d28db8fbb5319cd31,softmax,softmax,4,16,0.8,2.0,4.0,4370,3.640481436970422,1,0,0.9804999828338623,,,,,0.06188398599624634,,,,,0.9801111221313477,-0.00038886070251464844,64.118,,,,,20.0,,,,,une ligne par configuration,1,1,64.118,,0.9804999828338623,0.9804999828338623,,0.06764739751815796,,True,True
73cc165a64__act_softmax__f1_4__f2_32__dropout_0,sha256:73cc165a64ac7f7fde9f7e1cb0dc1402819adb376114074d28db8fbb5319cd31,softmax,softmax,4,32,0.0,2.0,5.0,8610,3.935003151453655,1,0,0.9854999780654907,,,,,0.04382386803627014,,,,,0.9857777953147888,0.0002778172492980957,25.864,,,,,7.0,,,,,une ligne par configuration,1,1,25.864,,0.9854999780654907,0.9854999780654907,,0.04871736839413643,,True,True
73cc165a64__act_softmax__f1_4__f2_32__dropout_0p2,sha256:73cc165a64ac7f7fde9f7e1cb0dc1402819adb376114074d28db8fbb5319cd31,softmax,softmax,4,32,0.2,2.0,5.0,8610,3.935003151453655,1,0,0.9908999800682068,,,,,0.032256830483675,,,,,0.988777756690979,-0.002122223377227783,40.905,,,,,11.0,,,,,une ligne par configuration,1,1,40.905,,0.9908999800682068,0.9908999800682068,,0.03628101572394371,,True,True
73cc165a64__act_softmax__f1_4__f2_32__dropout_0p4,sha256:73cc165a64ac7f7fde9f7e1cb0dc1402819adb376114074d28db8fbb5319cd31,softmax,softmax,4,32,0.4,2.0,5.0,8610,3.935003151453655,1,0,0.9911999702453613,,,,,0.028495319187641144,,,,,0.9901111125946045,-0.001088857650756836,47.962,,,,,13.0,,,,,une ligne par configuration,1,1,47.962,,0.9911999702453613,0.9911999702453613,,0.03559116646647453,,True,True
73cc165a64__act_softmax__f1_4__f2_32__dropout_0p6,sha256:73cc165a64ac7f7fde9f7e1cb0dc1402819adb376114074d28db8fbb5319cd31,softmax,softmax,4,32,0.6,2.0,5.0,8610,3.935003151453655,1,0,0.9908999800682068,,,,,0.02616988494992256,,,,,0.9898889064788818,-0.0010110735893249512,64.192,,,,,18.0,,,,,une ligne par configuration,1,1,64.192,,0.9908999800682068,0.9908999800682068,,0.03340800479054451,,True,True
73cc165a64__act_softmax__f1_4__f2_32__dropout_0p8,sha256:73cc165a64ac7f7fde9f7e1cb0dc1402819adb376114074d28db8fbb5319cd31,softmax,softmax,4,32,0.8,2.0,5.0,8610,3.935003151453655,1,0,0.9851999878883362,,,,,0.044416073709726334,,,,,0.9842222332954407,-0.0009777545928955078,40.146,,,,,11.0,,,,,une ligne par configuration,1,1,40.146,,0.9851999878883362,0.9851999878883362,,0.05189386382699013,,True,True
73cc165a64__act_softmax__f1_4__f2_64__dropout_0,sha256:73cc165a64ac7f7fde9f7e1cb0dc1402819adb376114074d28db8fbb5319cd31,softmax,softmax,4,64,0.0,2.0,6.0,17090,4.232742062720737,1,0,0.9884999990463257,,,,,0.0357382670044899,,,,,0.988777756690979,0.0002777576446533203,32.328,,,,,7.0,,,,,une ligne par configuration,1,1,32.328,,0.9884999990463257,0.9884999990463257,,0.04467049986124039,,True,True
73cc165a64__act_softmax__f1_4__f2_64__dropout_0p2,sha256:73cc165a64ac7f7fde9f7e1cb0dc1402819adb376114074d28db8fbb5319cd31,softmax,softmax,4,64,0.2,2.0,6.0,17090,4.232742062720737,1,0,0.9891999959945679,,,,,0.03223147243261337,,,,,0.9918888807296753,0.002688884735107422,40.926,,,,,9.0,,,,,une ligne par configuration,1,1,40.926,,0.9891999959945679,0.9891999959945679,,0.03575734421610832,,True,True
73cc165a64__act_softmax__f1_4__f2_64__dropout_0p4,sha256:73cc165a64ac7f7fde9f7e1cb0dc1402819adb376114074d28db8fbb5319cd31,softmax,softmax,4,64,0.4,2.0,6.0,17090,4.232742062720737,1,0,0.9907000064849854,,,,,0.03232508525252342,,,,,0.9912222027778625,0.0005221962928771973,67.738,,,,,14.0,,,,,une ligne par configuration,1,1,67.738,,0.9907000064849854,0.9907000064849854,,0.03131198510527611,,True,True
73cc165a64__act_softmax__f1_4__f2_64__dropout_0p6,sha256:73cc165a64ac7f7fde9f7e1cb0dc1402819adb376114074d28db8fbb5319cd31,softmax,softmax,4,64,0.6,2.0,6.0,17090,4.232742062720737,1,0,0.9865999817848206,,,,,0.03667174652218819,,,,,0.9890000224113464,0.002400040626525879,27.945,,,,,6.0,,,,,une ligne par configuration,1,1,27.945,,0.9865999817848206,0.9865999817848206,,0.040242284536361694,,True,True
73cc165a64__act_softmax__f1_4__f2_64__dropout_0p8,sha256:73cc165a64ac7f7fde9f7e1cb0dc1402819adb376114074d28db8fbb5319cd31,softmax,softmax,4,64,0.8,2.0,6.0,17090,4.232742062720737,1,0,0.9861999750137329,,,,,0.042245928198099136,,,,,0.9868888854980469,0.0006889104843139648,35.658,,,,,8.0,,,,,une ligne par configuration,1,1,35.658,,0.9861999750137329,0.9861999750137329,,0.04749918356537819,,True,True
73cc165a64__act_softmax__f1_4__f2_128__dropout_0,sha256:73cc165a64ac7f7fde9f7e1cb0dc1402819adb376114074d28db8fbb5319cd31,softmax,softmax,4,128,0.0,2.0,7.0,34050,4.532117116248804,1,0,0.987500011920929,,,,,0.03885665163397789,,,,,0.9868888854980469,-0.0006111264228820801,22.875,,,,,4.0,,,,,une ligne par configuration,1,1,22.875,,0.987500011920929,0.987500011920929,,0.04537413269281387,,True,True
73cc165a64__act_softmax__f1_4__f2_128__dropout_0p2,sha256:73cc165a64ac7f7fde9f7e1cb0dc1402819adb376114074d28db8fbb5319cd31,softmax,softmax,4,128,0.2,2.0,7.0,34050,4.532117116248804,1,0,0.9898999929428101,,,,,0.038195736706256866,,,,,0.9897778034210205,-0.00012218952178955078,50.433,,,,,9.0,,,,,une ligne par configuration,1,1,50.433,,0.9898999929428101,0.9898999929428101,,0.04258096590638161,,True,True
73cc165a64__act_softmax__f1_4__f2_128__dropout_0p4,sha256:73cc165a64ac7f7fde9f7e1cb0dc1402819adb376114074d28db8fbb5319cd31,softmax,softmax,4,128,0.4,2.0,7.0,34050,4.532117116248804,1,0,0.9904999732971191,,,,,0.0324096642434597,,,,,0.9895555377006531,-0.0009444355964660645,39.11,,,,,7.0,,,,,une ligne par configuration,1,1,39.11,,0.9904999732971191,0.9904999732971191,,0.03728945925831795,,True,True
73cc165a64__act_softmax__f1_4__f2_128__dropout_0p6,sha256:73cc165a64ac7f7fde9f7e1cb0dc1402819adb376114074d28db8fbb5319cd31,softmax,softmax,4,128,0.6,2.0,7.0,34050,4.532117116248804,1,0,0.9904000163078308,,,,,0.029591195285320282,,,,,0.9900000095367432,-0.0004000067710876465,45.356,,,,,8.0,,,,,une ligne par configuration,1,1,45.356,,0.9904000163078308,0.9904000163078308,,0.03850981220602989,,True,True
73cc165a64__act_softmax__f1_4__f2_128__dropout_0p8,sha256:73cc165a64ac7f7fde9f7e1cb0dc1402819adb376114074d28db8fbb5319cd31,softmax,softmax,4,128,0.8,2.0,7.0,34050,4.532117116248804,1,0,0.9900000095367432,,,,,0.030573932453989983,,,,,0.9903333187103271,0.0003333091735839844,78.631,,,,,14.0,,,,,une ligne par configuration,1,1,78.631,,0.9900000095367432,0.9900000095367432,,0.035325486212968826,,True,True
73cc165a64__act_softmax__f1_8__f2_8__dropout_0,sha256:73cc165a64ac7f7fde9f7e1cb0dc1402819adb376114074d28db8fbb5319cd31,softmax,softmax,8,8,0.0,3.0,3.0,3170,3.5010592622177517,1,0,0.9871000051498413,,,,,0.04109548404812813,,,,,0.9860000014305115,-0.001100003719329834,69.575,,,,,19.0,,,,,une ligne par configuration,1,1,69.575,,0.9871000051498413,0.9871000051498413,,0.04825551435351372,,True,True
73cc165a64__act_softmax__f1_8__f2_8__dropout_0p2,sha256:73cc165a64ac7f7fde9f7e1cb0dc1402819adb376114074d28db8fbb5319cd31,softmax,softmax,8,8,0.2,3.0,3.0,3170,3.5010592622177517,1,0,0.9871000051498413,,,,,0.03833131864666939,,,,,0.9879999756813049,0.000899970531463623,56.073,,,,,15.0,,,,,une ligne par configuration,1,1,56.073,,0.9871000051498413,0.9871000051498413,,0.04037449508905411,,True,True
73cc165a64__act_softmax__f1_8__f2_8__dropout_0p4,sha256:73cc165a64ac7f7fde9f7e1cb0dc1402819adb376114074d28db8fbb5319cd31,softmax,softmax,8,8,0.4,3.0,3.0,3170,3.5010592622177517,1,0,0.9861999750137329,,,,,0.039689116179943085,,,,,0.9869999885559082,0.000800013542175293,56.119,,,,,15.0,,,,,une ligne par configuration,1,1,56.119,,0.9861999750137329,0.9861999750137329,,0.04248039796948433,,True,True
73cc165a64__act_softmax__f1_8__f2_8__dropout_0p6,sha256:73cc165a64ac7f7fde9f7e1cb0dc1402819adb376114074d28db8fbb5319cd31,softmax,softmax,8,8,0.6,3.0,3.0,3170,3.5010592622177517,1,0,0.9837999939918518,,,,,0.05259508639574051,,,,,0.9827777743339539,-0.0010222196578979492,55.644,,,,,15.0,,,,,une ligne par configuration,1,1,55.644,,0.9837999939918518,0.9837999939918518,,0.05674804002046585,,True,True
73cc165a64__act_softmax__f1_8__f2_8__dropout_0p8,sha256:73cc165a64ac7f7fde9f7e1cb0dc1402819adb376114074d28db8fbb5319cd31,softmax,softmax,8,8,0.8,3.0,3.0,3170,3.5010592622177517,1,0,0.9642000198364258,,,,,0.12658679485321045,,,,,0.9641110897064209,-8.893013000488281e-05,23.275,,,,,6.0,,,,,une ligne par configuration,1,1,23.275,,0.9642000198364258,0.9642000198364258,,0.12941037118434906,,True,True
73cc165a64__act_softmax__f1_8__f2_16__dropout_0,sha256:73cc165a64ac7f7fde9f7e1cb0dc1402819adb376114074d28db8fbb5319cd31,softmax,softmax,8,16,0.0,3.0,4.0,6090,3.784617292632875,1,0,0.9847000241279602,,,,,0.048246826976537704,,,,,0.9841111302375793,-0.0005888938903808594,28.003,,,,,7.0,,,,,une ligne par configuration,1,1,28.003,,0.9847000241279602,0.9847000241279602,,0.051232218742370605,,True,True
73cc165a64__act_softmax__f1_8__f2_16__dropout_0p2,sha256:73cc165a64ac7f7fde9f7e1cb0dc1402819adb376114074d28db8fbb5319cd31,softmax,softmax,8,16,0.2,3.0,4.0,6090,3.784617292632875,1,0,0.9904000163078308,,,,,0.0297270268201828,,,,,0.9903333187103271,-6.669759750366211e-05,44.696,,,,,11.0,,,,,une ligne par configuration,1,1,44.696,,0.9904000163078308,0.9904000163078308,,0.03648071736097336,,True,True
73cc165a64__act_softmax__f1_8__f2_16__dropout_0p4,sha256:73cc165a64ac7f7fde9f7e1cb0dc1402819adb376114074d28db8fbb5319cd31,softmax,softmax,8,16,0.4,3.0,4.0,6090,3.784617292632875,1,0,0.9904999732971191,,,,,0.027540575712919235,,,,,0.9911110997200012,0.0006111264228820801,51.365,,,,,13.0,,,,,une ligne par configuration,1,1,51.365,,0.9904999732971191,0.9904999732971191,,0.032341368496418,,True,True
73cc165a64__act_softmax__f1_8__f2_16__dropout_0p6,sha256:73cc165a64ac7f7fde9f7e1cb0dc1402819adb376114074d28db8fbb5319cd31,softmax,softmax,8,16,0.6,3.0,4.0,6090,3.784617292632875,1,0,0.9890000224113464,,,,,0.031654197722673416,,,,,0.9883333444595337,-0.0006666779518127441,55.626,,,,,14.0,,,,,une ligne par configuration,1,1,55.626,,0.9890000224113464,0.9890000224113464,,0.03842746466398239,,True,True
73cc165a64__act_softmax__f1_8__f2_16__dropout_0p8,sha256:73cc165a64ac7f7fde9f7e1cb0dc1402819adb376114074d28db8fbb5319cd31,softmax,softmax,8,16,0.8,3.0,4.0,6090,3.784617292632875,1,0,0.9807000160217285,,,,,0.059603672474622726,,,,,0.9814444184303284,0.0007444024085998535,36.424,,,,,9.0,,,,,une ligne par configuration,1,1,36.424,,0.9807000160217285,0.9807000160217285,,0.06506184488534927,,True,True
73cc165a64__act_softmax__f1_8__f2_32__dropout_0,sha256:73cc165a64ac7f7fde9f7e1cb0dc1402819adb376114074d28db8fbb5319cd31,softmax,softmax,8,32,0.0,3.0,5.0,11930,4.076640443670342,1,0,0.9886999726295471,,,,,0.03497391566634178,,,,,0.988444447517395,-0.0002555251121520996,39.403,,,,,9.0,,,,,une ligne par configuration,1,1,39.403,,0.9886999726295471,0.9886999726295471,,0.04546890780329704,,True,True
73cc165a64__act_softmax__f1_8__f2_32__dropout_0p2,sha256:73cc165a64ac7f7fde9f7e1cb0dc1402819adb376114074d28db8fbb5319cd31,softmax,softmax,8,32,0.2,3.0,5.0,11930,4.076640443670342,1,0,0.991100013256073,,,,,0.02782903052866459,,,,,0.9907777905464172,-0.0003222227096557617,49.024,,,,,11.0,,,,,une ligne par configuration,1,1,49.024,,0.991100013256073,0.991100013256073,,0.03185996040701866,,True,True
73cc165a64__act_softmax__f1_8__f2_32__dropout_0p4,sha256:73cc165a64ac7f7fde9f7e1cb0dc1402819adb376114074d28db8fbb5319cd31,softmax,softmax,8,32,0.4,3.0,5.0,11930,4.076640443670342,1,0,0.991599977016449,,,,,0.02590753510594368,,,,,0.9908888936042786,-0.0007110834121704102,37.097,,,,,8.0,,,,,une ligne par configuration,1,1,37.097,,0.991599977016449,0.991599977016449,,0.0316007137298584,,True,True
73cc165a64__act_softmax__f1_8__f2_32__dropout_0p6,sha256:73cc165a64ac7f7fde9f7e1cb0dc1402819adb376114074d28db8fbb5319cd31,softmax,softmax,8,32,0.6,3.0,5.0,11930,4.076640443670342,1,0,0.9911999702453613,,,,,0.02739034779369831,,,,,0.991777777671814,0.0005778074264526367,44.215,,,,,10.0,,,,,une ligne par configuration,1,1,44.215,,0.9911999702453613,0.9911999702453613,,0.03043040633201599,,True,True
73cc165a64__act_softmax__f1_8__f2_32__dropout_0p8,sha256:73cc165a64ac7f7fde9f7e1cb0dc1402819adb376114074d28db8fbb5319cd31,softmax,softmax,8,32,0.8,3.0,5.0,11930,4.076640443670342,1,0,0.9909999966621399,,,,,0.02707364410161972,,,,,0.99144446849823,0.0004444718360900879,86.194,,,,,20.0,,,,,une ligne par configuration,1,1,86.194,,0.9909999966621399,0.9909999966621399,,0.03335538133978844,,True,True
73cc165a64__act_softmax__f1_8__f2_64__dropout_0,sha256:73cc165a64ac7f7fde9f7e1cb0dc1402819adb376114074d28db8fbb5319cd31,softmax,softmax,8,64,0.0,3.0,6.0,23610,4.373095987078727,1,0,0.988099992275238,,,,,0.0385596826672554,,,,,0.9879999756813049,-0.00010001659393310547,21.054,,,,,4.0,,,,,une ligne par configuration,1,1,21.054,,0.988099992275238,0.988099992275238,,0.042570702731609344,,True,True
73cc165a64__act_softmax__f1_8__f2_64__dropout_0p2,sha256:73cc165a64ac7f7fde9f7e1cb0dc1402819adb376114074d28db8fbb5319cd31,softmax,softmax,8,64,0.2,3.0,6.0,23610,4.373095987078727,1,0,0.9900000095367432,,,,,0.03279201313853264,,,,,0.9877777695655823,-0.0022222399711608887,31.075,,,,,6.0,,,,,une ligne par configuration,1,1,31.075,,0.9900000095367432,0.9900000095367432,,0.04045524820685387,,True,True
73cc165a64__act_softmax__f1_8__f2_64__dropout_0p4,sha256:73cc165a64ac7f7fde9f7e1cb0dc1402819adb376114074d28db8fbb5319cd31,softmax,softmax,8,64,0.4,3.0,6.0,23610,4.373095987078727,1,0,0.9923999905586243,,,,,0.02364371158182621,,,,,0.992222249507904,-0.00017774105072021484,56.153,,,,,11.0,,,,,une ligne par configuration,1,1,56.153,,0.9923999905586243,0.9923999905586243,,0.030950767919421196,,True,True
73cc165a64__act_softmax__f1_8__f2_64__dropout_0p6,sha256:73cc165a64ac7f7fde9f7e1cb0dc1402819adb376114074d28db8fbb5319cd31,softmax,softmax,8,64,0.6,3.0,6.0,23610,4.373095987078727,1,0,0.9918000102043152,,,,,0.02501405030488968,,,,,0.9913333058357239,-0.0004667043685913086,42.106,,,,,8.0,,,,,une ligne par configuration,1,1,42.106,,0.9918000102043152,0.9918000102043152,,0.0346088781952858,,True,True
73cc165a64__act_softmax__f1_8__f2_64__dropout_0p8,sha256:73cc165a64ac7f7fde9f7e1cb0dc1402819adb376114074d28db8fbb5319cd31,softmax,softmax,8,64,0.8,3.0,6.0,23610,4.373095987078727,1,0,0.991100013256073,,,,,0.026533331722021103,,,,,0.99144446849823,0.0003444552421569824,65.947,,,,,13.0,,,,,une ligne par configuration,1,1,65.947,,0.991100013256073,0.991100013256073,,0.03223305940628052,,True,True
73cc165a64__act_softmax__f1_8__f2_128__dropout_0,sha256:73cc165a64ac7f7fde9f7e1cb0dc1402819adb376114074d28db8fbb5319cd31,softmax,softmax,8,128,0.0,3.0,7.0,46970,4.6718205601832485,1,0,0.9886999726295471,,,,,0.035405129194259644,,,,,0.9875555634498596,-0.0011444091796875,26.656,,,,,4.0,,,,,une ligne par configuration,1,1,26.656,,0.9886999726295471,0.9886999726295471,,0.041575271636247635,,True,True
73cc165a64__act_softmax__f1_8__f2_128__dropout_0p2,sha256:73cc165a64ac7f7fde9f7e1cb0dc1402819adb376114074d28db8fbb5319cd31,softmax,softmax,8,128,0.2,3.0,7.0,46970,4.6718205601832485,1,0,0.9905999898910522,,,,,0.03081592358648777,,,,,0.9911110997200012,0.0005111098289489746,33.71,,,,,5.0,,,,,une ligne par configuration,1,1,33.71,,0.9905999898910522,0.9905999898910522,,0.035316918045282364,,True,True
73cc165a64__act_softmax__f1_8__f2_128__dropout_0p4,sha256:73cc165a64ac7f7fde9f7e1cb0dc1402819adb376114074d28db8fbb5319cd31,softmax,softmax,8,128,0.4,3.0,7.0,46970,4.6718205601832485,1,0,0.9912999868392944,,,,,0.027950573712587357,,,,,0.9911110997200012,-0.0001888871192932129,33.508,,,,,5.0,,,,,une ligne par configuration,1,1,33.508,,0.9912999868392944,0.9912999868392944,,0.03630317747592926,,True,True
73cc165a64__act_softmax__f1_8__f2_128__dropout_0p6,sha256:73cc165a64ac7f7fde9f7e1cb0dc1402819adb376114074d28db8fbb5319cd31,softmax,softmax,8,128,0.6,3.0,7.0,46970,4.6718205601832485,1,0,0.992900013923645,,,,,0.023579373955726624,,,,,0.991777777671814,-0.0011222362518310547,66.586,,,,,10.0,,,,,une ligne par configuration,1,1,66.586,,0.992900013923645,0.992900013923645,,0.02902895398437977,,True,True
73cc165a64__act_softmax__f1_8__f2_128__dropout_0p8,sha256:73cc165a64ac7f7fde9f7e1cb0dc1402819adb376114074d28db8fbb5319cd31,softmax,softmax,8,128,0.8,3.0,7.0,46970,4.6718205601832485,1,0,0.9901999831199646,,,,,0.027714312076568604,,,,,0.9912222027778625,0.0010222196578979492,52.896,,,,,8.0,,,,,une ligne par configuration,1,1,52.896,,0.9901999831199646,0.9901999831199646,,0.032973308116197586,,True,True
73cc165a64__act_softmax__f1_16__f2_8__dropout_0,sha256:73cc165a64ac7f7fde9f7e1cb0dc1402819adb376114074d28db8fbb5319cd31,softmax,softmax,16,8,0.0,4.0,3.0,5010,3.699837725867246,1,0,0.9848999977111816,,,,,0.04405137896537781,,,,,0.9853333234786987,0.00043332576751708984,47.061,,,,,10.0,,,,,une ligne par configuration,1,1,47.061,,0.9848999977111816,0.9848999977111816,,0.05234912037849426,,True,True
73cc165a64__act_softmax__f1_16__f2_8__dropout_0p2,sha256:73cc165a64ac7f7fde9f7e1cb0dc1402819adb376114074d28db8fbb5319cd31,softmax,softmax,16,8,0.2,4.0,3.0,5010,3.699837725867246,1,0,0.9871000051498413,,,,,0.040160227566957474,,,,,0.9864444732666016,-0.0006555318832397461,38.846,,,,,8.0,,,,,une ligne par configuration,1,1,38.846,,0.9871000051498413,0.9871000051498413,,0.04553436487913132,,True,True
73cc165a64__act_softmax__f1_16__f2_8__dropout_0p4,sha256:73cc165a64ac7f7fde9f7e1cb0dc1402819adb376114074d28db8fbb5319cd31,softmax,softmax,16,8,0.4,4.0,3.0,5010,3.699837725867246,1,0,0.989799976348877,,,,,0.03341468423604965,,,,,0.9869999885559082,-0.00279998779296875,75.304,,,,,16.0,,,,,une ligne par configuration,1,1,75.304,,0.989799976348877,0.989799976348877,,0.042711786925792694,,True,True
73cc165a64__act_softmax__f1_16__f2_8__dropout_0p6,sha256:73cc165a64ac7f7fde9f7e1cb0dc1402819adb376114074d28db8fbb5319cd31,softmax,softmax,16,8,0.6,4.0,3.0,5010,3.699837725867246,1,0,0.9876000285148621,,,,,0.03897561505436897,,,,,0.9861111044883728,-0.0014889240264892578,85.312,,,,,18.0,,,,,une ligne par configuration,1,1,85.312,,0.9876000285148621,0.9876000285148621,,0.04605865851044655,,True,True
73cc165a64__act_softmax__f1_16__f2_8__dropout_0p8,sha256:73cc165a64ac7f7fde9f7e1cb0dc1402819adb376114074d28db8fbb5319cd31,softmax,softmax,16,8,0.8,4.0,3.0,5010,3.699837725867246,1,0,0.9782000184059143,,,,,0.07066752016544342,,,,,0.9795555472373962,0.0013555288314819336,62.598,,,,,13.0,,,,,une ligne par configuration,1,1,62.598,,0.9782000184059143,0.9782000184059143,,0.07240185886621475,,True,True
73cc165a64__act_softmax__f1_16__f2_16__dropout_0,sha256:73cc165a64ac7f7fde9f7e1cb0dc1402819adb376114074d28db8fbb5319cd31,softmax,softmax,16,16,0.0,4.0,4.0,9530,3.979092900638326,1,0,0.9847999811172485,,,,,0.05012403428554535,,,,,0.9838888645172119,-0.0009111166000366211,30.277,,,,,6.0,,,,,une ligne par configuration,1,1,30.277,,0.9847999811172485,0.9847999811172485,,0.05121389403939247,,True,True
73cc165a64__act_softmax__f1_16__f2_16__dropout_0p2,sha256:73cc165a64ac7f7fde9f7e1cb0dc1402819adb376114074d28db8fbb5319cd31,softmax,softmax,16,16,0.2,4.0,4.0,9530,3.979092900638326,1,0,0.9916999936103821,,,,,0.026889046654105186,,,,,0.9896666407585144,-0.0020333528518676758,59.628,,,,,12.0,,,,,une ligne par configuration,1,1,59.628,,0.9916999936103821,0.9916999936103821,,0.032050829380750656,,True,True
73cc165a64__act_softmax__f1_16__f2_16__dropout_0p4,sha256:73cc165a64ac7f7fde9f7e1cb0dc1402819adb376114074d28db8fbb5319cd31,softmax,softmax,16,16,0.4,4.0,4.0,9530,3.979092900638326,1,0,0.9901999831199646,,,,,0.03029431216418743,,,,,0.9892222285270691,-0.0009777545928955078,40.415,,,,,8.0,,,,,une ligne par configuration,1,1,40.415,,0.9901999831199646,0.9901999831199646,,0.037830524146556854,,True,True
73cc165a64__act_softmax__f1_16__f2_16__dropout_0p6,sha256:73cc165a64ac7f7fde9f7e1cb0dc1402819adb376114074d28db8fbb5319cd31,softmax,softmax,16,16,0.6,4.0,4.0,9530,3.979092900638326,1,0,0.9901000261306763,,,,,0.029829679057002068,,,,,0.9895555377006531,-0.0005444884300231934,59.415,,,,,12.0,,,,,une ligne par configuration,1,1,59.415,,0.9901000261306763,0.9901000261306763,,0.036831047385931015,,True,True
73cc165a64__act_softmax__f1_16__f2_16__dropout_0p8,sha256:73cc165a64ac7f7fde9f7e1cb0dc1402819adb376114074d28db8fbb5319cd31,softmax,softmax,16,16,0.8,4.0,4.0,9530,3.979092900638326,1,0,0.9868000149726868,,,,,0.039625782519578934,,,,,0.9855555295944214,-0.0012444853782653809,99.311,,,,,20.0,,,,,une ligne par configuration,1,1,99.311,,0.9868000149726868,0.9868000149726868,,0.04676707088947296,,True,True
73cc165a64__act_softmax__f1_16__f2_32__dropout_0,sha256:73cc165a64ac7f7fde9f7e1cb0dc1402819adb376114074d28db8fbb5319cd31,softmax,softmax,16,32,0.0,4.0,5.0,18570,4.26881190373978,1,0,0.9871000051498413,,,,,0.04137266054749489,,,,,0.987666666507721,0.0005666613578796387,32.916,,,,,6.0,,,,,une ligne par configuration,1,1,32.916,,0.9871000051498413,0.9871000051498413,,0.04073057696223259,,True,True
73cc165a64__act_softmax__f1_16__f2_32__dropout_0p2,sha256:73cc165a64ac7f7fde9f7e1cb0dc1402819adb376114074d28db8fbb5319cd31,softmax,softmax,16,32,0.2,4.0,5.0,18570,4.26881190373978,1,0,0.9914000034332275,,,,,0.02736213058233261,,,,,0.9900000095367432,-0.001399993896484375,59.923,,,,,11.0,,,,,une ligne par configuration,1,1,59.923,,0.9914000034332275,0.9914000034332275,,0.03376153111457825,,True,True
73cc165a64__act_softmax__f1_16__f2_32__dropout_0p4,sha256:73cc165a64ac7f7fde9f7e1cb0dc1402819adb376114074d28db8fbb5319cd31,softmax,softmax,16,32,0.4,4.0,5.0,18570,4.26881190373978,1,0,0.9919999837875366,,,,,0.025724228471517563,,,,,0.9916666746139526,-0.0003333091735839844,59.976,,,,,11.0,,,,,une ligne par configuration,1,1,59.976,,0.9919999837875366,0.9919999837875366,,0.03106987476348877,,True,True
73cc165a64__act_softmax__f1_16__f2_32__dropout_0p6,sha256:73cc165a64ac7f7fde9f7e1cb0dc1402819adb376114074d28db8fbb5319cd31,softmax,softmax,16,32,0.6,4.0,5.0,18570,4.26881190373978,1,0,0.989799976348877,,,,,0.029132016003131866,,,,,0.9906666874885559,0.0008667111396789551,50.027,,,,,9.0,,,,,une ligne par configuration,1,1,50.027,,0.989799976348877,0.989799976348877,,0.034649647772312164,,True,True
73cc165a64__act_softmax__f1_16__f2_32__dropout_0p8,sha256:73cc165a64ac7f7fde9f7e1cb0dc1402819adb376114074d28db8fbb5319cd31,softmax,softmax,16,32,0.8,4.0,5.0,18570,4.26881190373978,1,0,0.991100013256073,,,,,0.026442812755703926,,,,,0.9905555844306946,-0.000544428825378418,107.214,,,,,20.0,,,,,une ligne par configuration,1,1,107.214,,0.991100013256073,0.991100013256073,,0.032543983310461044,,True,True
73cc165a64__act_softmax__f1_16__f2_64__dropout_0,sha256:73cc165a64ac7f7fde9f7e1cb0dc1402819adb376114074d28db8fbb5319cd31,softmax,softmax,16,64,0.0,4.0,6.0,36650,4.564073978977147,1,0,0.9882000088691711,,,,,0.036117617040872574,,,,,0.9890000224113464,0.000800013542175293,41.698,,,,,6.0,,,,,une ligne par configuration,1,1,41.698,,0.9882000088691711,0.9882000088691711,,0.043468594551086426,,True,True
73cc165a64__act_softmax__f1_16__f2_64__dropout_0p2,sha256:73cc165a64ac7f7fde9f7e1cb0dc1402819adb376114074d28db8fbb5319cd31,softmax,softmax,16,64,0.2,4.0,6.0,36650,4.564073978977147,1,0,0.9901000261306763,,,,,0.029683493077754974,,,,,0.9902222156524658,0.00012218952178955078,56.194,,,,,7.0,,,,,une ligne par configuration,1,1,56.194,,0.9901000261306763,0.9901000261306763,,0.037649739533662796,,True,True
73cc165a64__act_softmax__f1_16__f2_64__dropout_0p4,sha256:73cc165a64ac7f7fde9f7e1cb0dc1402819adb376114074d28db8fbb5319cd31,softmax,softmax,16,64,0.4,4.0,6.0,36650,4.564073978977147,1,0,0.9915000200271606,,,,,0.026043593883514404,,,,,0.9902222156524658,-0.0012778043746948242,47.528,,,,,7.0,,,,,une ligne par configuration,1,1,47.528,,0.9915000200271606,0.9915000200271606,,0.03732803091406822,,True,True
73cc165a64__act_softmax__f1_16__f2_64__dropout_0p6,sha256:73cc165a64ac7f7fde9f7e1cb0dc1402819adb376114074d28db8fbb5319cd31,softmax,softmax,16,64,0.6,4.0,6.0,36650,4.564073978977147,1,0,0.991100013256073,,,,,0.02898920327425003,,,,,0.9892222285270691,-0.0018777847290039062,47.661,,,,,7.0,,,,,une ligne par configuration,1,1,47.661,,0.991100013256073,0.991100013256073,,0.03715460002422333,,True,True
73cc165a64__act_softmax__f1_16__f2_64__dropout_0p8,sha256:73cc165a64ac7f7fde9f7e1cb0dc1402819adb376114074d28db8fbb5319cd31,softmax,softmax,16,64,0.8,4.0,6.0,36650,4.564073978977147,1,0,0.9911999702453613,,,,,0.02684343047440052,,,,,0.9897778034210205,-0.0014221668243408203,73.92,,,,,11.0,,,,,une ligne par configuration,1,1,73.92,,0.9911999702453613,0.9911999702453613,,0.034952349960803986,,True,True
73cc165a64__act_softmax__f1_16__f2_128__dropout_0,sha256:73cc165a64ac7f7fde9f7e1cb0dc1402819adb376114074d28db8fbb5319cd31,softmax,softmax,16,128,0.0,4.0,7.0,72810,4.862191031051597,1,0,0.9904000163078308,,,,,0.03466607630252838,,,,,0.987333357334137,-0.0030666589736938477,42.782,,,,,5.0,,,,,une ligne par configuration,1,1,42.782,,0.9904000163078308,0.9904000163078308,,0.04685109481215477,,True,True
73cc165a64__act_softmax__f1_16__f2_128__dropout_0p2,sha256:73cc165a64ac7f7fde9f7e1cb0dc1402819adb376114074d28db8fbb5319cd31,softmax,softmax,16,128,0.2,4.0,7.0,72810,4.862191031051597,1,0,0.9900000095367432,,,,,0.02872489020228386,,,,,0.9903333187103271,0.0003333091735839844,43.32,,,,,5.0,,,,,une ligne par configuration,1,1,43.32,,0.9900000095367432,0.9900000095367432,,0.03948443382978439,,True,True
73cc165a64__act_softmax__f1_16__f2_128__dropout_0p4,sha256:73cc165a64ac7f7fde9f7e1cb0dc1402819adb376114074d28db8fbb5319cd31,softmax,softmax,16,128,0.4,4.0,7.0,72810,4.862191031051597,1,0,0.9916999936103821,,,,,0.029917795211076736,,,,,0.9901111125946045,-0.0015888810157775879,66.976,,,,,8.0,,,,,une ligne par configuration,1,1,66.976,,0.9916999936103821,0.9916999936103821,,0.03738711401820183,,True,True
73cc165a64__act_softmax__f1_16__f2_128__dropout_0p6,sha256:73cc165a64ac7f7fde9f7e1cb0dc1402819adb376114074d28db8fbb5319cd31,softmax,softmax,16,128,0.6,4.0,7.0,72810,4.862191031051597,1,0,0.9922000169754028,,,,,0.027359088882803917,,,,,0.9919999837875366,-0.00020003318786621094,84.306,,,,,10.0,,,,,une ligne par configuration,1,1,84.306,,0.9922000169754028,0.9922000169754028,,0.03249995410442352,,True,True
73cc165a64__act_softmax__f1_16__f2_128__dropout_0p8,sha256:73cc165a64ac7f7fde9f7e1cb0dc1402819adb376114074d28db8fbb5319cd31,softmax,softmax,16,128,0.8,4.0,7.0,72810,4.862191031051597,1,0,0.9886000156402588,,,,,0.030446622520685196,,,,,0.9896666407585144,0.0010666251182556152,58.92,,,,,7.0,,,,,une ligne par configuration,1,1,58.92,,0.9886000156402588,0.9886000156402588,,0.03870313614606857,,True,True
73cc165a64__act_softmax__f1_32__f2_8__dropout_0,sha256:73cc165a64ac7f7fde9f7e1cb0dc1402819adb376114074d28db8fbb5319cd31,softmax,softmax,32,8,0.0,5.0,3.0,8690,3.9390197764486663,1,0,0.9858999848365784,,,,,0.043637409806251526,,,,,0.9868888854980469,0.0009889006614685059,71.788,,,,,11.0,,,,,une ligne par configuration,1,1,71.788,,0.9858999848365784,0.9858999848365784,,0.045694608241319656,,True,True
73cc165a64__act_softmax__f1_32__f2_8__dropout_0p2,sha256:73cc165a64ac7f7fde9f7e1cb0dc1402819adb376114074d28db8fbb5319cd31,softmax,softmax,32,8,0.2,5.0,3.0,8690,3.9390197764486663,1,0,0.9872000217437744,,,,,0.0372123122215271,,,,,0.987333357334137,0.00013333559036254883,59.745,,,,,9.0,,,,,une ligne par configuration,1,1,59.745,,0.9872000217437744,0.9872000217437744,,0.04322976619005203,,True,True
73cc165a64__act_softmax__f1_32__f2_8__dropout_0p4,sha256:73cc165a64ac7f7fde9f7e1cb0dc1402819adb376114074d28db8fbb5319cd31,softmax,softmax,32,8,0.4,5.0,3.0,8690,3.9390197764486663,1,0,0.9898999929428101,,,,,0.031202413141727448,,,,,0.9897778034210205,-0.00012218952178955078,85.476,,,,,13.0,,,,,une ligne par configuration,1,1,85.476,,0.9898999929428101,0.9898999929428101,,0.03661084920167923,,True,True
73cc165a64__act_softmax__f1_32__f2_8__dropout_0p6,sha256:73cc165a64ac7f7fde9f7e1cb0dc1402819adb376114074d28db8fbb5319cd31,softmax,softmax,32,8,0.6,5.0,3.0,8690,3.9390197764486663,1,0,0.9842000007629395,,,,,0.046468839049339294,,,,,0.9844444394111633,0.00024443864822387695,60.923,,,,,9.0,,,,,une ligne par configuration,1,1,60.923,,0.9842000007629395,0.9842000007629395,,0.05096862465143204,,True,True
73cc165a64__act_softmax__f1_32__f2_8__dropout_0p8,sha256:73cc165a64ac7f7fde9f7e1cb0dc1402819adb376114074d28db8fbb5319cd31,softmax,softmax,32,8,0.8,5.0,3.0,8690,3.9390197764486663,1,0,0.9797000288963318,,,,,0.0694950595498085,,,,,0.9785555601119995,-0.0011444687843322754,91.987,,,,,14.0,,,,,une ligne par configuration,1,1,91.987,,0.9797000288963318,0.9797000288963318,,0.07177961617708206,,True,True
73cc165a64__act_softmax__f1_32__f2_16__dropout_0,sha256:73cc165a64ac7f7fde9f7e1cb0dc1402819adb376114074d28db8fbb5319cd31,softmax,softmax,32,16,0.0,5.0,4.0,16410,4.2151085810530935,1,0,0.9876999855041504,,,,,0.03812611103057861,,,,,0.9864444732666016,-0.0012555122375488281,42.505,,,,,6.0,,,,,une ligne par configuration,1,1,42.505,,0.9876999855041504,0.9876999855041504,,0.04495123773813248,,True,True
73cc165a64__act_softmax__f1_32__f2_16__dropout_0p2,sha256:73cc165a64ac7f7fde9f7e1cb0dc1402819adb376114074d28db8fbb5319cd31,softmax,softmax,32,16,0.2,5.0,4.0,16410,4.2151085810530935,1,0,0.9915000200271606,,,,,0.026485370472073555,,,,,0.9909999966621399,-0.000500023365020752,84.198,,,,,12.0,,,,,une ligne par configuration,1,1,84.198,,0.9915000200271606,0.9915000200271606,,0.02788931503891945,,True,True
73cc165a64__act_softmax__f1_32__f2_16__dropout_0p4,sha256:73cc165a64ac7f7fde9f7e1cb0dc1402819adb376114074d28db8fbb5319cd31,softmax,softmax,32,16,0.4,5.0,4.0,16410,4.2151085810530935,1,0,0.9915000200271606,,,,,0.0257896576076746,,,,,0.9916666746139526,0.0001666545867919922,89.762,,,,,13.0,,,,,une ligne par configuration,1,1,89.762,,0.9915000200271606,0.9915000200271606,,0.030017035081982613,,True,True
73cc165a64__act_softmax__f1_32__f2_16__dropout_0p6,sha256:73cc165a64ac7f7fde9f7e1cb0dc1402819adb376114074d28db8fbb5319cd31,softmax,softmax,32,16,0.6,5.0,4.0,16410,4.2151085810530935,1,0,0.991100013256073,,,,,0.03080884739756584,,,,,0.9902222156524658,-0.0008777976036071777,90.321,,,,,13.0,,,,,une ligne par configuration,1,1,90.321,,0.991100013256073,0.991100013256073,,0.03321002423763275,,True,True
73cc165a64__act_softmax__f1_32__f2_16__dropout_0p8,sha256:73cc165a64ac7f7fde9f7e1cb0dc1402819adb376114074d28db8fbb5319cd31,softmax,softmax,32,16,0.8,5.0,4.0,16410,4.2151085810530935,1,0,0.9850999712944031,,,,,0.046800486743450165,,,,,0.9841111302375793,-0.0009888410568237305,69.956,,,,,10.0,,,,,une ligne par configuration,1,1,69.956,,0.9850999712944031,0.9850999712944031,,0.054236579686403275,,True,True
73cc165a64__act_softmax__f1_32__f2_32__dropout_0,sha256:73cc165a64ac7f7fde9f7e1cb0dc1402819adb376114074d28db8fbb5319cd31,softmax,softmax,32,32,0.0,5.0,5.0,31850,4.5031094366713695,1,0,0.9890999794006348,,,,,0.03565206378698349,,,,,0.9863333106040955,-0.0027666687965393066,39.433,,,,,5.0,,,,,une ligne par configuration,1,1,39.433,,0.9890999794006348,0.9890999794006348,,0.0451674610376358,,True,True
73cc165a64__act_softmax__f1_32__f2_32__dropout_0p2,sha256:73cc165a64ac7f7fde9f7e1cb0dc1402819adb376114074d28db8fbb5319cd31,softmax,softmax,32,32,0.2,5.0,5.0,31850,4.5031094366713695,1,0,0.9902999997138977,,,,,0.030648548156023026,,,,,0.9883333444595337,-0.0019666552543640137,47.559,,,,,6.0,,,,,une ligne par configuration,1,1,47.559,,0.9902999997138977,0.9902999997138977,,0.04047659784555435,,True,True
73cc165a64__act_softmax__f1_32__f2_32__dropout_0p4,sha256:73cc165a64ac7f7fde9f7e1cb0dc1402819adb376114074d28db8fbb5319cd31,softmax,softmax,32,32,0.4,5.0,5.0,31850,4.5031094366713695,1,0,0.9908999800682068,,,,,0.026229146867990494,,,,,0.9896666407585144,-0.0012333393096923828,62.886,,,,,8.0,,,,,une ligne par configuration,1,1,62.886,,0.9908999800682068,0.9908999800682068,,0.035076290369033813,,True,True
73cc165a64__act_softmax__f1_32__f2_32__dropout_0p6,sha256:73cc165a64ac7f7fde9f7e1cb0dc1402819adb376114074d28db8fbb5319cd31,softmax,softmax,32,32,0.6,5.0,5.0,31850,4.5031094366713695,1,0,0.9912999868392944,,,,,0.02700013667345047,,,,,0.9911110997200012,-0.0001888871192932129,70.332,,,,,9.0,,,,,une ligne par configuration,1,1,70.332,,0.9912999868392944,0.9912999868392944,,0.03206217288970947,,True,True
73cc165a64__act_softmax__f1_32__f2_32__dropout_0p8,sha256:73cc165a64ac7f7fde9f7e1cb0dc1402819adb376114074d28db8fbb5319cd31,softmax,softmax,32,32,0.8,5.0,5.0,31850,4.5031094366713695,1,0,0.9887999892234802,,,,,0.03299141675233841,,,,,0.9885555505752563,-0.00024443864822387695,87.902,,,,,11.0,,,,,une ligne par configuration,1,1,87.902,,0.9887999892234802,0.9887999892234802,,0.03950975090265274,,True,True
73cc165a64__act_softmax__f1_32__f2_64__dropout_0,sha256:73cc165a64ac7f7fde9f7e1cb0dc1402819adb376114074d28db8fbb5319cd31,softmax,softmax,32,64,0.0,5.0,6.0,62730,4.797475287537334,1,0,0.9911999702453613,,,,,0.02967221289873123,,,,,0.9906666874885559,-0.0005332827568054199,57.388,,,,,6.0,,,,,une ligne par configuration,1,1,57.388,,0.9911999702453613,0.9911999702453613,,0.035750530660152435,,True,True
73cc165a64__act_softmax__f1_32__f2_64__dropout_0p2,sha256:73cc165a64ac7f7fde9f7e1cb0dc1402819adb376114074d28db8fbb5319cd31,softmax,softmax,32,64,0.2,5.0,6.0,62730,4.797475287537334,1,0,0.9898999929428101,,,,,0.02966933511197567,,,,,0.9888888597488403,-0.0010111331939697266,48.55,,,,,5.0,,,,,une ligne par configuration,1,1,48.55,,0.9898999929428101,0.9898999929428101,,0.034891076385974884,,True,True
73cc165a64__act_softmax__f1_32__f2_64__dropout_0p4,sha256:73cc165a64ac7f7fde9f7e1cb0dc1402819adb376114074d28db8fbb5319cd31,softmax,softmax,32,64,0.4,5.0,6.0,62730,4.797475287537334,1,0,0.9901999831199646,,,,,0.029308779165148735,,,,,0.9908888936042786,0.0006889104843139648,55.862,,,,,6.0,,,,,une ligne par configuration,1,1,55.862,,0.9901999831199646,0.9901999831199646,,0.030937418341636658,,True,True
73cc165a64__act_softmax__f1_32__f2_64__dropout_0p6,sha256:73cc165a64ac7f7fde9f7e1cb0dc1402819adb376114074d28db8fbb5319cd31,softmax,softmax,32,64,0.6,5.0,6.0,62730,4.797475287537334,1,0,0.9916999936103821,,,,,0.02379477024078369,,,,,0.9906666874885559,-0.0010333061218261719,64.116,,,,,7.0,,,,,une ligne par configuration,1,1,64.116,,0.9916999936103821,0.9916999936103821,,0.03251144662499428,,True,True
73cc165a64__act_softmax__f1_32__f2_64__dropout_0p8,sha256:73cc165a64ac7f7fde9f7e1cb0dc1402819adb376114074d28db8fbb5319cd31,softmax,softmax,32,64,0.8,5.0,6.0,62730,4.797475287537334,1,0,0.9901999831199646,,,,,0.03042132593691349,,,,,0.9885555505752563,-0.001644432544708252,64.719,,,,,7.0,,,,,une ligne par configuration,1,1,64.719,,0.9901999831199646,0.9901999831199646,,0.03782835230231285,,True,True
73cc165a64__act_softmax__f1_32__f2_128__dropout_0,sha256:73cc165a64ac7f7fde9f7e1cb0dc1402819adb376114074d28db8fbb5319cd31,softmax,softmax,32,128,0.0,5.0,7.0,124490,5.095134466939837,1,0,0.9894000291824341,,,,,0.03521440550684929,,,,,0.9879999756813049,-0.0014000535011291504,47.906,,,,,4.0,,,,,une ligne par configuration,1,1,47.906,,0.9894000291824341,0.9894000291824341,,0.04245201125741005,,True,True
73cc165a64__act_softmax__f1_32__f2_128__dropout_0p2,sha256:73cc165a64ac7f7fde9f7e1cb0dc1402819adb376114074d28db8fbb5319cd31,softmax,softmax,32,128,0.2,5.0,7.0,124490,5.095134466939837,1,0,0.9909999966621399,,,,,0.02660641446709633,,,,,0.9916666746139526,0.0006666779518127441,72.006,,,,,6.0,,,,,une ligne par configuration,1,1,72.006,,0.9909999966621399,0.9909999966621399,,0.034379906952381134,,True,True
73cc165a64__act_softmax__f1_32__f2_128__dropout_0p4,sha256:73cc165a64ac7f7fde9f7e1cb0dc1402819adb376114074d28db8fbb5319cd31,softmax,softmax,32,128,0.4,5.0,7.0,124490,5.095134466939837,1,0,0.9890000224113464,,,,,0.03531642630696297,,,,,0.9882222414016724,-0.0007777810096740723,49.196,,,,,4.0,,,,,une ligne par configuration,1,1,49.196,,0.9890000224113464,0.9890000224113464,,0.04099474847316742,,True,True
73cc165a64__act_softmax__f1_32__f2_128__dropout_0p6,sha256:73cc165a64ac7f7fde9f7e1cb0dc1402819adb376114074d28db8fbb5319cd31,softmax,softmax,32,128,0.6,5.0,7.0,124490,5.095134466939837,1,0,0.993399977684021,,,,,0.02267114818096161,,,,,0.992111086845398,-0.0012888908386230469,131.357,,,,,11.0,,,,,une ligne par configuration,1,1,131.357,,0.993399977684021,0.993399977684021,,0.02952188067138195,,True,True
73cc165a64__act_softmax__f1_32__f2_128__dropout_0p8,sha256:73cc165a64ac7f7fde9f7e1cb0dc1402819adb376114074d28db8fbb5319cd31,softmax,softmax,32,128,0.8,5.0,7.0,124490,5.095134466939837,1,0,0.9929999709129333,,,,,0.02237764373421669,,,,,0.9911110997200012,-0.001888871192932129,142.067,,,,,12.0,,,,,une ligne par configuration,1,1,142.067,,0.9929999709129333,0.9929999709129333,,0.030093476176261902,,True,True
73cc165a64__act_softmax__f1_64__f2_8__dropout_0,sha256:73cc165a64ac7f7fde9f7e1cb0dc1402819adb376114074d28db8fbb5319cd31,softmax,softmax,64,8,0.0,6.0,3.0,16050,4.205475036740891,1,0,0.9865999817848206,,,,,0.043417129665613174,,,,,0.9845555424690247,-0.0020444393157958984,81.972,,,,,7.0,,,,,une ligne par configuration,1,1,81.972,,0.9865999817848206,0.9865999817848206,,0.049956828355789185,,True,True
73cc165a64__act_softmax__f1_64__f2_8__dropout_0p2,sha256:73cc165a64ac7f7fde9f7e1cb0dc1402819adb376114074d28db8fbb5319cd31,softmax,softmax,64,8,0.2,6.0,3.0,16050,4.205475036740891,1,0,0.9883999824523926,,,,,0.03407779335975647,,,,,0.9886666536331177,0.00026667118072509766,104.31,,,,,9.0,,,,,une ligne par configuration,1,1,104.31,,0.9883999824523926,0.9883999824523926,,0.03919881582260132,,True,True
73cc165a64__act_softmax__f1_64__f2_8__dropout_0p4,sha256:73cc165a64ac7f7fde9f7e1cb0dc1402819adb376114074d28db8fbb5319cd31,softmax,softmax,64,8,0.4,6.0,3.0,16050,4.205475036740891,1,0,0.9884999990463257,,,,,0.03306809440255165,,,,,0.988777756690979,0.0002777576446533203,174.964,,,,,15.0,,,,,une ligne par configuration,1,1,174.964,,0.9884999990463257,0.9884999990463257,,0.03541569411754608,,True,True
73cc165a64__act_softmax__f1_64__f2_8__dropout_0p6,sha256:73cc165a64ac7f7fde9f7e1cb0dc1402819adb376114074d28db8fbb5319cd31,softmax,softmax,64,8,0.6,6.0,3.0,16050,4.205475036740891,1,0,0.9850000143051147,,,,,0.04731309786438942,,,,,0.9854444265365601,0.0004444122314453125,135.03,,,,,11.0,,,,,une ligne par configuration,1,1,135.03,,0.9850000143051147,0.9850000143051147,,0.0495920404791832,,True,True
73cc165a64__act_softmax__f1_64__f2_8__dropout_0p8,sha256:73cc165a64ac7f7fde9f7e1cb0dc1402819adb376114074d28db8fbb5319cd31,softmax,softmax,64,8,0.8,6.0,3.0,16050,4.205475036740891,1,0,0.9821000099182129,,,,,0.05840437486767769,,,,,0.9822221994400024,0.00012218952178955078,195.092,,,,,17.0,,,,,une ligne par configuration,1,1,195.092,,0.9821000099182129,0.9821000099182129,,0.062218159437179565,,True,True
73cc165a64__act_softmax__f1_64__f2_16__dropout_0,sha256:73cc165a64ac7f7fde9f7e1cb0dc1402819adb376114074d28db8fbb5319cd31,softmax,softmax,64,16,0.0,6.0,4.0,30170,4.4795753101749884,1,0,0.9872999787330627,,,,,0.040888458490371704,,,,,0.9867777824401855,-0.0005221962928771973,95.781,,,,,8.0,,,,,une ligne par configuration,1,1,95.781,,0.9872999787330627,0.9872999787330627,,0.047829605638980865,,True,True
73cc165a64__act_softmax__f1_64__f2_16__dropout_0p2,sha256:73cc165a64ac7f7fde9f7e1cb0dc1402819adb376114074d28db8fbb5319cd31,softmax,softmax,64,16,0.2,6.0,4.0,30170,4.4795753101749884,1,0,0.9904000163078308,,,,,0.031926948577165604,,,,,0.9882222414016724,-0.0021777749061584473,120.228,,,,,10.0,,,,,une ligne par configuration,1,1,120.228,,0.9904000163078308,0.9904000163078308,,0.03808340057730675,,True,True
73cc165a64__act_softmax__f1_64__f2_16__dropout_0p4,sha256:73cc165a64ac7f7fde9f7e1cb0dc1402819adb376114074d28db8fbb5319cd31,softmax,softmax,64,16,0.4,6.0,4.0,30170,4.4795753101749884,1,0,0.9922999739646912,,,,,0.024175871163606644,,,,,0.991777777671814,-0.0005221962928771973,156.482,,,,,13.0,,,,,une ligne par configuration,1,1,156.482,,0.9922999739646912,0.9922999739646912,,0.030606452375650406,,True,True
73cc165a64__act_softmax__f1_64__f2_16__dropout_0p6,sha256:73cc165a64ac7f7fde9f7e1cb0dc1402819adb376114074d28db8fbb5319cd31,softmax,softmax,64,16,0.6,6.0,4.0,30170,4.4795753101749884,1,0,0.9887999892234802,,,,,0.03357969969511032,,,,,0.9875555634498596,-0.0012444257736206055,85.454,,,,,7.0,,,,,une ligne par configuration,1,1,85.454,,0.9887999892234802,0.9887999892234802,,0.04297025501728058,,True,True
73cc165a64__act_softmax__f1_64__f2_16__dropout_0p8,sha256:73cc165a64ac7f7fde9f7e1cb0dc1402819adb376114074d28db8fbb5319cd31,softmax,softmax,64,16,0.8,6.0,4.0,30170,4.4795753101749884,1,0,0.9886000156402588,,,,,0.036302004009485245,,,,,0.9872221946716309,-0.0013778209686279297,239.094,,,,,20.0,,,,,une ligne par configuration,1,1,239.094,,0.9886000156402588,0.9886000156402588,,0.04255324602127075,,True,True
73cc165a64__act_softmax__f1_64__f2_32__dropout_0,sha256:73cc165a64ac7f7fde9f7e1cb0dc1402819adb376114074d28db8fbb5319cd31,softmax,softmax,64,32,0.0,6.0,5.0,58410,4.766487206239694,1,0,0.989799976348877,,,,,0.031026599928736687,,,,,0.9892222285270691,-0.0005777478218078613,91.53,,,,,7.0,,,,,une ligne par configuration,1,1,91.53,,0.989799976348877,0.989799976348877,,0.04166107624769211,,True,True
73cc165a64__act_softmax__f1_64__f2_32__dropout_0p2,sha256:73cc165a64ac7f7fde9f7e1cb0dc1402819adb376114074d28db8fbb5319cd31,softmax,softmax,64,32,0.2,6.0,5.0,58410,4.766487206239694,1,0,0.9912999868392944,,,,,0.02922484651207924,,,,,0.988444447517395,-0.002855539321899414,79.689,,,,,6.0,,,,,une ligne par configuration,1,1,79.689,,0.9912999868392944,0.9912999868392944,,0.039248112589120865,,True,True
73cc165a64__act_softmax__f1_64__f2_32__dropout_0p4,sha256:73cc165a64ac7f7fde9f7e1cb0dc1402819adb376114074d28db8fbb5319cd31,softmax,softmax,64,32,0.4,6.0,5.0,58410,4.766487206239694,1,0,0.9922000169754028,,,,,0.025919198989868164,,,,,0.9903333187103271,-0.0018666982650756836,91.82,,,,,7.0,,,,,une ligne par configuration,1,1,91.82,,0.9922000169754028,0.9922000169754028,,0.03311268612742424,,True,True
73cc165a64__act_softmax__f1_64__f2_32__dropout_0p6,sha256:73cc165a64ac7f7fde9f7e1cb0dc1402819adb376114074d28db8fbb5319cd31,softmax,softmax,64,32,0.6,6.0,5.0,58410,4.766487206239694,1,0,0.9925000071525574,,,,,0.02430289424955845,,,,,0.9918888807296753,-0.0006111264228820801,169.848,,,,,13.0,,,,,une ligne par configuration,1,1,169.848,,0.9925000071525574,0.9925000071525574,,0.028630265966057777,,True,True
73cc165a64__act_softmax__f1_64__f2_32__dropout_0p8,sha256:73cc165a64ac7f7fde9f7e1cb0dc1402819adb376114074d28db8fbb5319cd31,softmax,softmax,64,32,0.8,6.0,5.0,58410,4.766487206239694,1,0,0.991599977016449,,,,,0.02414761669933796,,,,,0.9905555844306946,-0.0010443925857543945,257.61,,,,,20.0,,,,,une ligne par configuration,1,1,257.61,,0.991599977016449,0.991599977016449,,0.030696500092744827,,True,True
73cc165a64__act_softmax__f1_64__f2_64__dropout_0,sha256:73cc165a64ac7f7fde9f7e1cb0dc1402819adb376114074d28db8fbb5319cd31,softmax,softmax,64,64,0.0,6.0,6.0,114890,5.060282229438346,1,0,0.9901000261306763,,,,,0.03312835469841957,,,,,0.9895555377006531,-0.0005444884300231934,79.022,,,,,5.0,,,,,une ligne par configuration,1,1,79.022,,0.9901000261306763,0.9901000261306763,,0.039622120559215546,,True,True
73cc165a64__act_softmax__f1_64__f2_64__dropout_0p2,sha256:73cc165a64ac7f7fde9f7e1cb0dc1402819adb376114074d28db8fbb5319cd31,softmax,softmax,64,64,0.2,6.0,6.0,114890,5.060282229438346,1,0,0.9909999966621399,,,,,0.0283172857016325,,,,,0.9903333187103271,-0.0006666779518127441,95.755,,,,,6.0,,,,,une ligne par configuration,1,1,95.755,,0.9909999966621399,0.9909999966621399,,0.03528084605932236,,True,True
73cc165a64__act_softmax__f1_64__f2_64__dropout_0p4,sha256:73cc165a64ac7f7fde9f7e1cb0dc1402819adb376114074d28db8fbb5319cd31,softmax,softmax,64,64,0.4,6.0,6.0,114890,5.060282229438346,1,0,0.9886999726295471,,,,,0.03340640291571617,,,,,0.9888888597488403,0.0001888871192932129,81.053,,,,,5.0,,,,,une ligne par configuration,1,1,81.053,,0.9886999726295471,0.9886999726295471,,0.03687727451324463,,True,True
73cc165a64__act_softmax__f1_64__f2_64__dropout_0p6,sha256:73cc165a64ac7f7fde9f7e1cb0dc1402819adb376114074d28db8fbb5319cd31,softmax,softmax,64,64,0.6,6.0,6.0,114890,5.060282229438346,1,0,0.9927999973297119,,,,,0.02376028709113598,,,,,0.9902222156524658,-0.0025777816772460938,135.566,,,,,8.0,,,,,une ligne par configuration,1,1,135.566,,0.9927999973297119,0.9927999973297119,,0.032585687935352325,,True,True
73cc165a64__act_softmax__f1_64__f2_64__dropout_0p8,sha256:73cc165a64ac7f7fde9f7e1cb0dc1402819adb376114074d28db8fbb5319cd31,softmax,softmax,64,64,0.8,6.0,6.0,114890,5.060282229438346,1,0,0.9911999702453613,,,,,0.028110308572649956,,,,,0.9902222156524658,-0.0009777545928955078,143.909,,,,,9.0,,,,,une ligne par configuration,1,1,143.909,,0.9911999702453613,0.9911999702453613,,0.035227347165346146,,True,True
73cc165a64__act_softmax__f1_64__f2_128__dropout_0,sha256:73cc165a64ac7f7fde9f7e1cb0dc1402819adb376114074d28db8fbb5319cd31,softmax,softmax,64,128,0.0,6.0,7.0,227850,5.357649032918467,1,0,0.9896000027656555,,,,,0.03448280319571495,,,,,0.9895555377006531,-4.4465065002441406e-05,161.377,,,,,8.0,,,,,une ligne par configuration,1,1,161.377,,0.9896000027656555,0.9896000027656555,,0.03917423263192177,,True,True
73cc165a64__act_softmax__f1_64__f2_128__dropout_0p2,sha256:73cc165a64ac7f7fde9f7e1cb0dc1402819adb376114074d28db8fbb5319cd31,softmax,softmax,64,128,0.2,6.0,7.0,227850,5.357649032918467,1,0,0.9904999732971191,,,,,0.03363305702805519,,,,,0.9898889064788818,-0.0006110668182373047,123.121,,,,,6.0,,,,,une ligne par configuration,1,1,123.121,,0.9904999732971191,0.9904999732971191,,0.03606574609875679,,True,True
73cc165a64__act_softmax__f1_64__f2_128__dropout_0p4,sha256:73cc165a64ac7f7fde9f7e1cb0dc1402819adb376114074d28db8fbb5319cd31,softmax,softmax,64,128,0.4,6.0,7.0,227850,5.357649032918467,1,0,0.9914000034332275,,,,,0.026259832084178925,,,,,0.9906666874885559,-0.0007333159446716309,145.205,,,,,7.0,,,,,une ligne par configuration,1,1,145.205,,0.9914000034332275,0.9914000034332275,,0.034760650247335434,,True,True
73cc165a64__act_softmax__f1_64__f2_128__dropout_0p6,sha256:73cc165a64ac7f7fde9f7e1cb0dc1402819adb376114074d28db8fbb5319cd31,softmax,softmax,64,128,0.6,6.0,7.0,227850,5.357649032918467,1,0,0.9929999709129333,,,,,0.023696942254900932,,,,,0.9918888807296753,-0.0011110901832580566,163.737,,,,,8.0,,,,,une ligne par configuration,1,1,163.737,,0.9929999709129333,0.9929999709129333,,0.03146231919527054,,True,True
73cc165a64__act_softmax__f1_64__f2_128__dropout_0p8,sha256:73cc165a64ac7f7fde9f7e1cb0dc1402819adb376114074d28db8fbb5319cd31,softmax,softmax,64,128,0.8,6.0,7.0,227850,5.357649032918467,1,0,0.991599977016449,,,,,0.024924982339143753,,,,,0.9913333058357239,-0.00026667118072509766,204.892,,,,,10.0,,,,,une ligne par configuration,1,1,204.892,,0.991599977016449,0.991599977016449,,0.030506419017910957,,True,True
73cc165a64__act_softmax__f1_128__f2_8__dropout_0,sha256:73cc165a64ac7f7fde9f7e1cb0dc1402819adb376114074d28db8fbb5319cd31,softmax,softmax,128,8,0.0,7.0,3.0,30770,4.488127496247459,1,0,0.9876999855041504,,,,,0.03775692358613014,,,,,0.9851111173629761,-0.0025888681411743164,181.668,,,,,8.0,,,,,une ligne par configuration,1,1,181.668,,0.9876999855041504,0.9876999855041504,,0.04886433109641075,,True,True
73cc165a64__act_softmax__f1_128__f2_8__dropout_0p2,sha256:73cc165a64ac7f7fde9f7e1cb0dc1402819adb376114074d28db8fbb5319cd31,softmax,softmax,128,8,0.2,7.0,3.0,30770,4.488127496247459,1,0,0.9900000095367432,,,,,0.029552822932600975,,,,,0.9890000224113464,-0.0009999871253967285,248.396,,,,,11.0,,,,,une ligne par configuration,1,1,248.396,,0.9900000095367432,0.9900000095367432,,0.036272887140512466,,True,True
73cc165a64__act_softmax__f1_128__f2_8__dropout_0p4,sha256:73cc165a64ac7f7fde9f7e1cb0dc1402819adb376114074d28db8fbb5319cd31,softmax,softmax,128,8,0.4,7.0,3.0,30770,4.488127496247459,1,0,0.9891999959945679,,,,,0.030718689784407616,,,,,0.988444447517395,-0.0007555484771728516,271.176,,,,,12.0,,,,,une ligne par configuration,1,1,271.176,,0.9891999959945679,0.9891999959945679,,0.03521975874900818,,True,True
73cc165a64__act_softmax__f1_128__f2_8__dropout_0p6,sha256:73cc165a64ac7f7fde9f7e1cb0dc1402819adb376114074d28db8fbb5319cd31,softmax,softmax,128,8,0.6,7.0,3.0,30770,4.488127496247459,1,0,0.9819999933242798,,,,,0.0583651177585125,,,,,0.9804444313049316,-0.0015555620193481445,138.946,,,,,6.0,,,,,une ligne par configuration,1,1,138.946,,0.9819999933242798,0.9819999933242798,,0.06418181955814362,,True,True
73cc165a64__act_softmax__f1_128__f2_8__dropout_0p8,sha256:73cc165a64ac7f7fde9f7e1cb0dc1402819adb376114074d28db8fbb5319cd31,softmax,softmax,128,8,0.8,7.0,3.0,30770,4.488127496247459,1,0,0.9815000295639038,,,,,0.06236303225159645,,,,,0.981333315372467,-0.00016671419143676758,292.583,,,,,13.0,,,,,une ligne par configuration,1,1,292.583,,0.9815000295639038,0.9815000295639038,,0.06429997086524963,,True,True
73cc165a64__act_softmax__f1_128__f2_16__dropout_0,sha256:73cc165a64ac7f7fde9f7e1cb0dc1402819adb376114074d28db8fbb5319cd31,softmax,softmax,128,16,0.0,7.0,4.0,57690,4.761100538958142,1,0,0.9872999787330627,,,,,0.0416976697742939,,,,,0.9854444265365601,-0.0018555521965026855,138.452,,,,,6.0,,,,,une ligne par configuration,1,1,138.452,,0.9872999787330627,0.9872999787330627,,0.04476205259561539,,True,True
73cc165a64__act_softmax__f1_128__f2_16__dropout_0p2,sha256:73cc165a64ac7f7fde9f7e1cb0dc1402819adb376114074d28db8fbb5319cd31,softmax,softmax,128,16,0.2,7.0,4.0,57690,4.761100538958142,1,0,0.9901000261306763,,,,,0.031087694689631462,,,,,0.988111138343811,-0.0019888877868652344,161.792,,,,,7.0,,,,,une ligne par configuration,1,1,161.792,,0.9901000261306763,0.9901000261306763,,0.040592651814222336,,True,True
73cc165a64__act_softmax__f1_128__f2_16__dropout_0p4,sha256:73cc165a64ac7f7fde9f7e1cb0dc1402819adb376114074d28db8fbb5319cd31,softmax,softmax,128,16,0.4,7.0,4.0,57690,4.761100538958142,1,0,0.9912999868392944,,,,,0.02525370381772518,,,,,0.9897778034210205,-0.0015221834182739258,251.505,,,,,11.0,,,,,une ligne par configuration,1,1,251.505,,0.9912999868392944,0.9912999868392944,,0.032101526856422424,,True,True
73cc165a64__act_softmax__f1_128__f2_16__dropout_0p6,sha256:73cc165a64ac7f7fde9f7e1cb0dc1402819adb376114074d28db8fbb5319cd31,softmax,softmax,128,16,0.6,7.0,4.0,57690,4.761100538958142,1,0,0.9908999800682068,,,,,0.026644818484783173,,,,,0.9892222285270691,-0.0016777515411376953,372.926,,,,,16.0,,,,,une ligne par configuration,1,1,372.926,,0.9908999800682068,0.9908999800682068,,0.03367038443684578,,True,True
73cc165a64__act_softmax__f1_128__f2_16__dropout_0p8,sha256:73cc165a64ac7f7fde9f7e1cb0dc1402819adb376114074d28db8fbb5319cd31,softmax,softmax,128,16,0.8,7.0,4.0,57690,4.761100538958142,1,0,0.9807000160217285,,,,,0.06481651961803436,,,,,0.9801111221313477,-0.0005888938903808594,116.928,,,,,5.0,,,,,une ligne par configuration,1,1,116.928,,0.9807000160217285,0.9807000160217285,,0.07126408815383911,,True,True
73cc165a64__act_softmax__f1_128__f2_32__dropout_0,sha256:73cc165a64ac7f7fde9f7e1cb0dc1402819adb376114074d28db8fbb5319cd31,softmax,softmax,128,32,0.0,7.0,5.0,111530,5.047391702200444,1,0,0.9869999885559082,,,,,0.03933023661375046,,,,,0.9867777824401855,-0.00022220611572265625,101.651,,,,,4.0,,,,,une ligne par configuration,1,1,101.651,,0.9869999885559082,0.9869999885559082,,0.045487213879823685,,True,True
73cc165a64__act_softmax__f1_128__f2_32__dropout_0p2,sha256:73cc165a64ac7f7fde9f7e1cb0dc1402819adb376114074d28db8fbb5319cd31,softmax,softmax,128,32,0.2,7.0,5.0,111530,5.047391702200444,1,0,0.9926000237464905,,,,,0.024891862645745277,,,,,0.9909999966621399,-0.001600027084350586,200.136,,,,,8.0,,,,,une ligne par configuration,1,1,200.136,,0.9926000237464905,0.9926000237464905,,0.0337936170399189,,True,True
73cc165a64__act_softmax__f1_128__f2_32__dropout_0p4,sha256:73cc165a64ac7f7fde9f7e1cb0dc1402819adb376114074d28db8fbb5319cd31,softmax,softmax,128,32,0.4,7.0,5.0,111530,5.047391702200444,1,0,0.9926999807357788,,,,,0.025943536311388016,,,,,0.9912222027778625,-0.0014777779579162598,370.333,,,,,15.0,,,,,une ligne par configuration,1,1,370.333,,0.9926999807357788,0.9926999807357788,,0.02875385619699955,,True,True
73cc165a64__act_softmax__f1_128__f2_32__dropout_0p6,sha256:73cc165a64ac7f7fde9f7e1cb0dc1402819adb376114074d28db8fbb5319cd31,softmax,softmax,128,32,0.6,7.0,5.0,111530,5.047391702200444,1,0,0.9912999868392944,,,,,0.02598424442112446,,,,,0.9906666874885559,-0.0006332993507385254,200.334,,,,,8.0,,,,,une ligne par configuration,1,1,200.334,,0.9912999868392944,0.9912999868392944,,0.03084920533001423,,True,True
73cc165a64__act_softmax__f1_128__f2_32__dropout_0p8,sha256:73cc165a64ac7f7fde9f7e1cb0dc1402819adb376114074d28db8fbb5319cd31,softmax,softmax,128,32,0.8,7.0,5.0,111530,5.047391702200444,1,0,0.9876999855041504,,,,,0.039309062063694,,,,,0.9860000014305115,-0.001699984073638916,174.722,,,,,7.0,,,,,une ligne par configuration,1,1,174.722,,0.9876999855041504,0.9876999855041504,,0.04768071323633194,,True,True
73cc165a64__act_softmax__f1_128__f2_64__dropout_0,sha256:73cc165a64ac7f7fde9f7e1cb0dc1402819adb376114074d28db8fbb5319cd31,softmax,softmax,128,64,0.0,7.0,6.0,219210,5.34086036206488,1,0,0.9886999726295471,,,,,0.03378143906593323,,,,,0.9869999885559082,-0.001699984073638916,146.266,,,,,5.0,,,,,une ligne par configuration,1,1,146.266,,0.9886999726295471,0.9886999726295471,,0.0473429299890995,,True,True
73cc165a64__act_softmax__f1_128__f2_64__dropout_0p2,sha256:73cc165a64ac7f7fde9f7e1cb0dc1402819adb376114074d28db8fbb5319cd31,softmax,softmax,128,64,0.2,7.0,6.0,219210,5.34086036206488,1,0,0.9904000163078308,,,,,0.030124224722385406,,,,,0.9883333444595337,-0.002066671848297119,146.977,,,,,5.0,,,,,une ligne par configuration,1,1,146.977,,0.9904000163078308,0.9904000163078308,,0.039266373962163925,,True,True
73cc165a64__act_softmax__f1_128__f2_64__dropout_0p4,sha256:73cc165a64ac7f7fde9f7e1cb0dc1402819adb376114074d28db8fbb5319cd31,softmax,softmax,128,64,0.4,7.0,6.0,219210,5.34086036206488,1,0,0.9915000200271606,,,,,0.025339927524328232,,,,,0.9904444217681885,-0.001055598258972168,176.565,,,,,6.0,,,,,une ligne par configuration,1,1,176.565,,0.9915000200271606,0.9915000200271606,,0.0333252027630806,,True,True
73cc165a64__act_softmax__f1_128__f2_64__dropout_0p6,sha256:73cc165a64ac7f7fde9f7e1cb0dc1402819adb376114074d28db8fbb5319cd31,softmax,softmax,128,64,0.6,7.0,6.0,219210,5.34086036206488,1,0,0.9927999973297119,,,,,0.020765218883752823,,,,,0.99144446849823,-0.0013555288314819336,351.187,,,,,12.0,,,,,une ligne par configuration,1,1,351.187,,0.9927999973297119,0.9927999973297119,,0.029461799189448357,,True,True
73cc165a64__act_softmax__f1_128__f2_64__dropout_0p8,sha256:73cc165a64ac7f7fde9f7e1cb0dc1402819adb376114074d28db8fbb5319cd31,softmax,softmax,128,64,0.8,7.0,6.0,219210,5.34086036206488,1,0,0.9916999936103821,,,,,0.023503540083765984,,,,,0.9903333187103271,-0.0013666749000549316,350.015,,,,,12.0,,,,,une ligne par configuration,1,1,350.015,,0.9916999936103821,0.9916999936103821,,0.031646694988012314,,True,True
73cc165a64__act_softmax__f1_128__f2_128__dropout_0,sha256:73cc165a64ac7f7fde9f7e1cb0dc1402819adb376114074d28db8fbb5319cd31,softmax,softmax,128,128,0.0,7.0,7.0,434570,5.638059742039357,1,0,0.9907000064849854,,,,,0.030256325379014015,,,,,0.9901111125946045,-0.0005888938903808594,232.928,,,,,6.0,,,,,une ligne par configuration,1,1,232.928,,0.9907000064849854,0.9907000064849854,,0.038048744201660156,,True,True
73cc165a64__act_softmax__f1_128__f2_128__dropout_0p2,sha256:73cc165a64ac7f7fde9f7e1cb0dc1402819adb376114074d28db8fbb5319cd31,softmax,softmax,128,128,0.2,7.0,7.0,434570,5.638059742039357,1,0,0.9909999966621399,,,,,0.03000294230878353,,,,,0.9913333058357239,0.0003333091735839844,234.872,,,,,6.0,,,,,une ligne par configuration,1,1,234.872,,0.9909999966621399,0.9909999966621399,,0.03303922712802887,,True,True
73cc165a64__act_softmax__f1_128__f2_128__dropout_0p4,sha256:73cc165a64ac7f7fde9f7e1cb0dc1402819adb376114074d28db8fbb5319cd31,softmax,softmax,128,128,0.4,7.0,7.0,434570,5.638059742039357,1,0,0.9919000267982483,,,,,0.026334451511502266,,,,,0.9901111125946045,-0.0017889142036437988,235.244,,,,,6.0,,,,,une ligne par configuration,1,1,235.244,,0.9919000267982483,0.9919000267982483,,0.03420490771532059,,True,True
73cc165a64__act_softmax__f1_128__f2_128__dropout_0p6,sha256:73cc165a64ac7f7fde9f7e1cb0dc1402819adb376114074d28db8fbb5319cd31,softmax,softmax,128,128,0.6,7.0,7.0,434570,5.638059742039357,1,0,0.9912999868392944,,,,,0.029384532943367958,,,,,0.9895555377006531,-0.0017444491386413574,195.801,,,,,5.0,,,,,une ligne par configuration,1,1,195.801,,0.9912999868392944,0.9912999868392944,,0.036809612065553665,,True,True
73cc165a64__act_softmax__f1_128__f2_128__dropout_0p8,sha256:73cc165a64ac7f7fde9f7e1cb0dc1402819adb376114074d28db8fbb5319cd31,softmax,softmax,128,128,0.8,7.0,7.0,434570,5.638059742039357,1,0,0.9905999898910522,,,,,0.026911376044154167,,,,,0.9904444217681885,-0.00015556812286376953,272.741,,,,,7.0,,,,,une ligne par configuration,1,1,272.741,,0.9905999898910522,0.9905999898910522,,0.03317813202738762,,True,True
